 -3.5000E+01  5.2899E-05
 -3.4988E+01  6.0730E-05
 -3.4976E+01  6.5227E-05
 -3.4964E+01  6.4969E-05
 -3.4952E+01  5.9512E-05
 -3.4940E+01  4.9713E-05
 -3.4929E+01  3.7629E-05
 -3.4917E+01  2.5984E-05
 -3.4905E+01  1.7366E-05
 -3.4893E+01  1.3440E-05
 -3.4881E+01  1.4468E-05
 -3.4869E+01  1.9311E-05
 -3.4857E+01  2.5898E-05
 -3.4845E+01  3.1983E-05
 -3.4833E+01  3.5882E-05
 -3.4821E+01  3.6930E-05
 -3.4809E+01  3.5508E-05
 -3.4798E+01  3.2676E-05
 -3.4786E+01  2.9612E-05
 -3.4774E+01  2.7090E-05
 -3.4762E+01  2.5249E-05
 -3.4750E+01  2.3683E-05
 -3.4738E+01  2.1802E-05
 -3.4726E+01  1.9250E-05
 -3.4714E+01  1.6172E-05
 -3.4702E+01  1.3193E-05
 -3.4690E+01  1.1129E-05
 -3.4678E+01  1.0571E-05
 -3.4667E+01  1.1551E-05
 -3.4655E+01  1.3456E-05
 -3.4643E+01  1.5248E-05
 -3.4631E+01  1.5899E-05
 -3.4619E+01  1.4843E-05
 -3.4607E+01  1.2237E-05
 -3.4595E+01  8.9221E-06
 -3.4583E+01  6.0769E-06
 -3.4571E+01  4.7268E-06
 -3.4559E+01  5.3168E-06
 -3.4547E+01  7.5324E-06
 -3.4536E+01  1.0445E-05
 -3.4524E+01  1.2906E-05
 -3.4512E+01  1.4022E-05
 -3.4500E+01  1.3489E-05
 -3.4488E+01  1.1661E-05
 -3.4476E+01  9.3399E-06
 -3.4464E+01  7.3844E-06
 -3.4452E+01  6.3419E-06
 -3.4440E+01  6.2557E-06
 -3.4428E+01  6.7246E-06
 -3.4416E+01  7.1665E-06
 -3.4405E+01  7.1436E-06
 -3.4393E+01  6.5853E-06
 -3.4381E+01  5.8025E-06
 -3.4369E+01  5.2950E-06
 -3.4357E+01  5.4578E-06
 -3.4345E+01  6.3410E-06
 -3.4333E+01  7.5911E-06
 -3.4321E+01  8.6085E-06
 -3.4309E+01  8.8464E-06
 -3.4297E+01  8.1037E-06
 -3.4285E+01  6.6618E-06
 -3.4274E+01  5.1910E-06
 -3.4262E+01  4.4626E-06
 -3.4250E+01  4.9982E-06
 -3.4238E+01  6.8202E-06
 -3.4226E+01  9.4244E-06
 -3.4214E+01  1.1988E-05
 -3.4202E+01  1.3721E-05
 -3.4190E+01  1.4185E-05
 -3.4178E+01  1.3457E-05
 -3.4166E+01  1.2031E-05
 -3.4154E+01  1.0550E-05
 -3.4143E+01  9.4807E-06
 -3.4131E+01  8.9087E-06
 -3.4119E+01  8.5578E-06
 -3.4107E+01  8.0172E-06
 -3.4095E+01  7.0591E-06
 -3.4083E+01  5.8726E-06
 -3.4071E+01  5.0760E-06
 -3.4059E+01  5.4743E-06
 -3.4047E+01  7.6611E-06
 -3.4035E+01  1.1650E-05
 -3.4023E+01  1.6722E-05
 -3.4012E+01  2.1595E-05
 -3.4000E+01  2.4858E-05
 -3.3988E+01  2.5514E-05
 -3.3976E+01  2.3374E-05
 -3.3964E+01  1.9155E-05
 -3.3952E+01  1.4199E-05
 -3.3940E+01  9.9489E-06
 -3.3928E+01  7.4070E-06
 -3.3916E+01  6.7976E-06
 -3.3904E+01  7.5866E-06
 -3.3892E+01  8.8303E-06
 -3.3881E+01  9.6805E-06
 -3.3869E+01  9.8061E-06
 -3.3857E+01  9.5307E-06
 -3.3845E+01  9.6240E-06
 -3.3833E+01  1.0852E-05
 -3.3821E+01  1.3506E-05
 -3.3809E+01  1.7155E-05
 -3.3797E+01  2.0745E-05
 -3.3785E+01  2.3038E-05
 -3.3773E+01  2.3176E-05
 -3.3761E+01  2.1129E-05
 -3.3750E+01  1.7801E-05
 -3.3738E+01  1.4732E-05
 -3.3726E+01  1.3509E-05
 -3.3714E+01  1.5140E-05
 -3.3702E+01  1.9656E-05
 -3.3690E+01  2.6123E-05
 -3.3678E+01  3.3034E-05
 -3.3666E+01  3.8931E-05
 -3.3654E+01  4.2958E-05
 -3.3642E+01  4.5130E-05
 -3.3630E+01  4.6202E-05
 -3.3619E+01  4.7233E-05
 -3.3607E+01  4.9058E-05
 -3.3595E+01  5.1925E-05
 -3.3583E+01  5.5468E-05
 -3.3571E+01  5.9009E-05
 -3.3559E+01  6.2028E-05
 -3.3547E+01  6.4556E-05
 -3.3535E+01  6.7261E-05
 -3.3523E+01  7.1176E-05
 -3.3511E+01  7.7157E-05
 -3.3499E+01  8.5321E-05
 -3.3488E+01  9.4747E-05
 -3.3476E+01  1.0360E-04
 -3.3464E+01  1.0969E-04
 -3.3452E+01  1.1129E-04
 -3.3440E+01  1.0779E-04
 -3.3428E+01  1.0015E-04
 -3.3416E+01  9.0632E-05
 -3.3404E+01  8.2223E-05
 -3.3392E+01  7.7676E-05
 -3.3380E+01  7.8687E-05
 -3.3368E+01  8.5396E-05
 -3.3357E+01  9.6376E-05
 -3.3345E+01  1.0909E-04
 -3.3333E+01  1.2062E-04
 -3.3321E+01  1.2841E-04
 -3.3309E+01  1.3083E-04
 -3.3297E+01  1.2739E-04
 -3.3285E+01  1.1868E-04
 -3.3273E+01  1.0609E-04
 -3.3261E+01  9.1390E-05
 -3.3249E+01  7.6397E-05
 -3.3237E+01  6.2706E-05
 -3.3226E+01  5.1504E-05
 -3.3214E+01  4.3486E-05
 -3.3202E+01  3.8817E-05
 -3.3190E+01  3.7166E-05
 -3.3178E+01  3.7807E-05
 -3.3166E+01  3.9781E-05
 -3.3154E+01  4.2104E-05
 -3.3142E+01  4.3955E-05
 -3.3130E+01  4.4808E-05
 -3.3118E+01  4.4453E-05
 -3.3106E+01  4.2924E-05
 -3.3095E+01  4.0374E-05
 -3.3083E+01  3.6976E-05
 -3.3071E+01  3.2888E-05
 -3.3059E+01  2.8297E-05
 -3.3047E+01  2.3501E-05
 -3.3035E+01  1.8952E-05
 -3.3023E+01  1.5205E-05
 -3.3011E+01  1.2772E-05
 -3.2999E+01  1.1931E-05
 -3.2987E+01  1.2579E-05
 -3.2976E+01  1.4235E-05
 -3.2964E+01  1.6199E-05
 -3.2952E+01  1.7823E-05
 -3.2940E+01  1.8770E-05
 -3.2928E+01  1.9139E-05
 -3.2916E+01  1.9378E-05
 -3.2904E+01  2.0008E-05
 -3.2892E+01  2.1294E-05
 -3.2880E+01  2.3023E-05
 -3.2868E+01  2.4523E-05
 -3.2856E+01  2.4945E-05
 -3.2845E+01  2.3702E-05
 -3.2833E+01  2.0847E-05
 -3.2821E+01  1.7210E-05
 -3.2809E+01  1.4173E-05
 -3.2797E+01  1.3147E-05
 -3.2785E+01  1.4959E-05
 -3.2773E+01  1.9422E-05
 -3.2761E+01  2.5287E-05
 -3.2749E+01  3.0661E-05
 -3.2737E+01  3.3708E-05
 -3.2725E+01  3.3383E-05
 -3.2714E+01  2.9861E-05
 -3.2702E+01  2.4467E-05
 -3.2690E+01  1.9146E-05
 -3.2678E+01  1.5671E-05
 -3.2666E+01  1.4946E-05
 -3.2654E+01  1.6698E-05
 -3.2642E+01  1.9683E-05
 -3.2630E+01  2.2306E-05
 -3.2618E+01  2.3359E-05
 -3.2606E+01  2.2546E-05
 -3.2594E+01  2.0557E-05
 -3.2583E+01  1.8657E-05
 -3.2571E+01  1.8013E-05
 -3.2559E+01  1.9069E-05
 -3.2547E+01  2.1293E-05
 -3.2535E+01  2.3406E-05
 -3.2523E+01  2.4014E-05
 -3.2511E+01  2.2321E-05
 -3.2499E+01  1.8595E-05
 -3.2487E+01  1.4135E-05
 -3.2475E+01  1.0755E-05
 -3.2463E+01  9.9882E-06
 -3.2452E+01  1.2391E-05
 -3.2440E+01  1.7249E-05
 -3.2428E+01  2.2843E-05
 -3.2416E+01  2.7145E-05
 -3.2404E+01  2.8649E-05
 -3.2392E+01  2.6952E-05
 -3.2380E+01  2.2855E-05
 -3.2368E+01  1.7928E-05
 -3.2356E+01  1.3791E-05
 -3.2344E+01  1.1424E-05
 -3.2332E+01  1.0843E-05
 -3.2321E+01  1.1259E-05
 -3.2309E+01  1.1607E-05
 -3.2297E+01  1.1177E-05
 -3.2285E+01  9.9905E-06
 -3.2273E+01  8.7687E-06
 -3.2261E+01  8.4856E-06
 -3.2249E+01  9.7654E-06
 -3.2237E+01  1.2443E-05
 -3.2225E+01  1.5535E-05
 -3.2213E+01  1.7675E-05
 -3.2201E+01  1.7802E-05
 -3.2190E+01  1.5775E-05
 -3.2178E+01  1.2587E-05
 -3.2166E+01  1.0030E-05
 -3.2154E+01  9.9501E-06
 -3.2142E+01  1.3405E-05
 -3.2130E+01  2.0128E-05
 -3.2118E+01  2.8559E-05
 -3.2106E+01  3.6428E-05
 -3.2094E+01  4.1655E-05
 -3.2082E+01  4.3143E-05
 -3.2070E+01  4.1114E-05
 -3.2059E+01  3.6856E-05
 -3.2047E+01  3.2022E-05
 -3.2035E+01  2.7859E-05
 -3.2023E+01  2.4755E-05
 -3.2011E+01  2.2338E-05
 -3.1999E+01  2.0049E-05
 -3.1987E+01  1.7887E-05
 -3.1975E+01  1.6847E-05
 -3.1963E+01  1.8774E-05
 -3.1951E+01  2.5572E-05
 -3.1939E+01  3.8121E-05
 -3.1928E+01  5.5394E-05
 -3.1916E+01  7.4278E-05
 -3.1904E+01  9.0315E-05
 -3.1892E+01  9.9145E-05
 -3.1880E+01  9.8117E-05
 -3.1868E+01  8.7372E-05
 -3.1856E+01  6.9905E-05
 -3.1844E+01  5.0525E-05
 -3.1832E+01  3.4108E-05
 -3.1820E+01  2.3868E-05
 -3.1808E+01  2.0375E-05
 -3.1797E+01  2.1723E-05
 -3.1785E+01  2.4744E-05
 -3.1773E+01  2.6694E-05
 -3.1761E+01  2.6623E-05
 -3.1749E+01  2.5777E-05
 -3.1737E+01  2.6831E-05
 -3.1725E+01  3.2305E-05
 -3.1713E+01  4.2925E-05
 -3.1701E+01  5.6734E-05
 -3.1689E+01  6.9499E-05
 -3.1677E+01  7.6325E-05
 -3.1666E+01  7.3871E-05
 -3.1654E+01  6.2222E-05
 -3.1642E+01  4.5569E-05
 -3.1630E+01  3.1330E-05
 -3.1618E+01  2.7955E-05
 -3.1606E+01  4.2239E-05
 -3.1594E+01  7.7119E-05
 -3.1582E+01  1.3074E-04
 -3.1570E+01  1.9702E-04
 -3.1558E+01  2.6736E-04
 -3.1546E+01  3.3275E-04
 -3.1535E+01  3.8545E-04
 -3.1523E+01  4.1980E-04
 -3.1511E+01  4.3226E-04
 -3.1499E+01  4.2105E-04
 -3.1487E+01  3.8622E-04
 -3.1475E+01  3.3029E-04
 -3.1463E+01  2.5952E-04
 -3.1451E+01  1.8489E-04
 -3.1439E+01  1.2209E-04
 -3.1427E+01  8.9530E-05
 -3.1415E+01  1.0453E-04
 -3.1404E+01  1.7832E-04
 -3.1392E+01  3.1142E-04
 -3.1380E+01  4.9111E-04
 -3.1368E+01  6.9227E-04
 -3.1356E+01  8.8186E-04
 -3.1344E+01  1.0261E-03
 -3.1332E+01  1.0984E-03
 -3.1320E+01  1.0855E-03
 -3.1308E+01  9.9103E-04
 -3.1296E+01  8.3364E-04
 -3.1284E+01  6.4253E-04
 -3.1273E+01  4.5028E-04
 -3.1261E+01  2.8568E-04
 -3.1249E+01  1.6841E-04
 -3.1237E+01  1.0659E-04
 -3.1225E+01  9.7385E-05
 -3.1213E+01  1.2991E-04
 -3.1201E+01  1.8909E-04
 -3.1189E+01  2.5924E-04
 -3.1177E+01  3.2662E-04
 -3.1165E+01  3.8069E-04
 -3.1153E+01  4.1429E-04
 -3.1142E+01  4.2354E-04
 -3.1130E+01  4.0760E-04
 -3.1118E+01  3.6868E-04
 -3.1106E+01  3.1193E-04
 -3.1094E+01  2.4495E-04
 -3.1082E+01  1.7674E-04
 -3.1070E+01  1.1604E-04
 -3.1058E+01  6.9522E-05
 -3.1046E+01  4.0425E-05
 -3.1034E+01  2.8024E-05
 -3.1022E+01  2.8229E-05
 -3.1011E+01  3.5096E-05
 -3.0999E+01  4.2724E-05
 -3.0987E+01  4.6898E-05
 -3.0975E+01  4.5963E-05
 -3.0963E+01  4.0704E-05
 -3.0951E+01  3.3437E-05
 -3.0939E+01  2.6725E-05
 -3.0927E+01  2.2284E-05
 -3.0915E+01  2.0441E-05
 -3.0903E+01  2.0283E-05
 -3.0891E+01  2.0313E-05
 -3.0880E+01  1.9257E-05
 -3.0868E+01  1.6665E-05
 -3.0856E+01  1.3046E-05
 -3.0844E+01  9.5705E-06
 -3.0832E+01  7.4971E-06
 -3.0820E+01  7.6196E-06
 -3.0808E+01  9.9576E-06
 -3.0796E+01  1.3794E-05
 -3.0784E+01  1.7993E-05
 -3.0772E+01  2.1435E-05
 -3.0760E+01  2.3373E-05
 -3.0749E+01  2.3581E-05
 -3.0737E+01  2.2295E-05
 -3.0725E+01  2.0005E-05
 -3.0713E+01  1.7230E-05
 -3.0701E+01  1.4374E-05
 -3.0689E+01  1.1697E-05
 -3.0677E+01  9.3653E-06
 -3.0665E+01  7.5228E-06
 -3.0653E+01  6.3123E-06
 -3.0641E+01  5.8401E-06
 -3.0629E+01  6.1081E-06
 -3.0618E+01  6.9676E-06
 -3.0606E+01  8.1361E-06
 -3.0594E+01  9.2828E-06
 -3.0582E+01  1.0144E-05
 -3.0570E+01  1.0611E-05
 -3.0558E+01  1.0747E-05
 -3.0546E+01  1.0715E-05
 -3.0534E+01  1.0670E-05
 -3.0522E+01  1.0655E-05
 -3.0510E+01  1.0572E-05
 -3.0498E+01  1.0240E-05
 -3.0487E+01  9.5104E-06
 -3.0475E+01  8.3797E-06
 -3.0463E+01  7.0387E-06
 -3.0451E+01  5.8265E-06
 -3.0439E+01  5.1047E-06
 -3.0427E+01  5.1077E-06
 -3.0415E+01  5.8388E-06
 -3.0403E+01  7.0610E-06
 -3.0391E+01  8.3868E-06
 -3.0379E+01  9.4272E-06
 -3.0367E+01  9.9312E-06
 -3.0356E+01  9.8592E-06
 -3.0344E+01  9.3628E-06
 -3.0332E+01  8.6927E-06
 -3.0320E+01  8.0838E-06
 -3.0308E+01  7.6722E-06
 -3.0296E+01  7.4767E-06
 -3.0284E+01  7.4394E-06
 -3.0272E+01  7.4925E-06
 -3.0260E+01  7.6068E-06
 -3.0248E+01  7.7952E-06
 -3.0236E+01  8.0740E-06
 -3.0225E+01  8.4112E-06
 -3.0213E+01  8.7019E-06
 -3.0201E+01  8.7918E-06
 -3.0189E+01  8.5452E-06
 -3.0177E+01  7.9222E-06
 -3.0165E+01  7.0207E-06
 -3.0153E+01  6.0565E-06
 -3.0141E+01  5.2819E-06
 -3.0129E+01  4.8828E-06
 -3.0117E+01  4.9029E-06
 -3.0105E+01  5.2371E-06
 -3.0094E+01  5.7007E-06
 -3.0082E+01  6.1376E-06
 -3.0070E+01  6.5128E-06
 -3.0058E+01  6.9359E-06
 -3.0046E+01  7.5971E-06
 -3.0034E+01  8.6454E-06
 -3.0022E+01  1.0071E-05
 -3.0010E+01  1.1658E-05
 -2.9998E+01  1.3036E-05
 -2.9986E+01  1.3826E-05
 -2.9974E+01  1.3805E-05
 -2.9963E+01  1.3010E-05
 -2.9951E+01  1.1739E-05
 -2.9939E+01  1.0434E-05
 -2.9927E+01  9.4930E-06
 -2.9915E+01  9.1261E-06
 -2.9903E+01  9.2983E-06
 -2.9891E+01  9.8100E-06
 -2.9879E+01  1.0461E-05
 -2.9867E+01  1.1214E-05
 -2.9855E+01  1.2256E-05
 -2.9843E+01  1.3918E-05
 -2.9832E+01  1.6474E-05
 -2.9820E+01  1.9916E-05
 -2.9808E+01  2.3826E-05
 -2.9796E+01  2.7424E-05
 -2.9784E+01  2.9817E-05
 -2.9772E+01  3.0326E-05
 -2.9760E+01  2.8782E-05
 -2.9748E+01  2.5620E-05
 -2.9736E+01  2.1741E-05
 -2.9724E+01  1.8163E-05
 -2.9712E+01  1.5640E-05
 -2.9701E+01  1.4390E-05
 -2.9689E+01  1.4088E-05
 -2.9677E+01  1.4111E-05
 -2.9665E+01  1.3922E-05
 -2.9653E+01  1.3407E-05
 -2.9641E+01  1.2983E-05
 -2.9629E+01  1.3398E-05
 -2.9617E+01  1.5307E-05
 -2.9605E+01  1.8812E-05
 -2.9593E+01  2.3222E-05
 -2.9581E+01  2.7187E-05
 -2.9570E+01  2.9231E-05
 -2.9558E+01  2.8486E-05
 -2.9546E+01  2.5364E-05
 -2.9534E+01  2.1827E-05
 -2.9522E+01  2.1126E-05
 -2.9510E+01  2.7005E-05
 -2.9498E+01  4.2615E-05
 -2.9486E+01  6.9491E-05
 -2.9474E+01  1.0691E-04
 -2.9462E+01  1.5184E-04
 -2.9450E+01  1.9944E-04
 -2.9439E+01  2.4396E-04
 -2.9427E+01  2.7976E-04
 -2.9415E+01  3.0211E-04
 -2.9403E+01  3.0791E-04
 -2.9391E+01  2.9602E-04
 -2.9379E+01  2.6762E-04
 -2.9367E+01  2.2642E-04
 -2.9355E+01  1.7881E-04
 -2.9343E+01  1.3361E-04
 -2.9331E+01  1.0128E-04
 -2.9319E+01  9.2440E-05
 -2.9308E+01  1.1568E-04
 -2.9296E+01  1.7525E-04
 -2.9284E+01  2.6914E-04
 -2.9272E+01  3.8834E-04
 -2.9260E+01  5.1760E-04
 -2.9248E+01  6.3790E-04
 -2.9236E+01  7.3010E-04
 -2.9224E+01  7.7891E-04
 -2.9212E+01  7.7619E-04
 -2.9200E+01  7.2274E-04
 -2.9188E+01  6.2800E-04
 -2.9177E+01  5.0778E-04
 -2.9165E+01  3.8082E-04
 -2.9153E+01  2.6489E-04
 -2.9141E+01  1.7367E-04
 -2.9129E+01  1.1485E-04
 -2.9117E+01  8.9832E-05
 -2.9105E+01  9.4749E-05
 -2.9093E+01  1.2214E-04
 -2.9081E+01  1.6286E-04
 -2.9069E+01  2.0762E-04
 -2.9058E+01  2.4818E-04
 -2.9046E+01  2.7794E-04
 -2.9034E+01  2.9242E-04
 -2.9022E+01  2.8950E-04
 -2.9010E+01  2.6957E-04
 -2.8998E+01  2.3547E-04
 -2.8986E+01  1.9208E-04
 -2.8974E+01  1.4551E-04
 -2.8962E+01  1.0190E-04
 -2.8950E+01  6.6198E-05
 -2.8938E+01  4.1168E-05
 -2.8927E+01  2.7007E-05
 -2.8915E+01  2.1660E-05
 -2.8903E+01  2.1754E-05
 -2.8891E+01  2.3813E-05
 -2.8879E+01  2.5328E-05
 -2.8867E+01  2.5323E-05
 -2.8855E+01  2.4263E-05
 -2.8843E+01  2.3421E-05
 -2.8831E+01  2.4018E-05
 -2.8819E+01  2.6520E-05
 -2.8807E+01  3.0378E-05
 -2.8796E+01  3.4282E-05
 -2.8784E+01  3.6771E-05
 -2.8772E+01  3.6908E-05
 -2.8760E+01  3.4692E-05
 -2.8748E+01  3.1031E-05
 -2.8736E+01  2.7312E-05
 -2.8724E+01  2.4769E-05
 -2.8712E+01  2.3955E-05
 -2.8700E+01  2.4565E-05
 -2.8688E+01  2.5679E-05
 -2.8676E+01  2.6291E-05
 -2.8665E+01  2.5877E-05
 -2.8653E+01  2.4712E-05
 -2.8641E+01  2.3772E-05
 -2.8629E+01  2.4263E-05
 -2.8617E+01  2.6980E-05
 -2.8605E+01  3.1799E-05
 -2.8593E+01  3.7560E-05
 -2.8581E+01  4.2414E-05
 -2.8569E+01  4.4516E-05
 -2.8557E+01  4.2780E-05
 -2.8545E+01  3.7367E-05
 -2.8534E+01  2.9699E-05
 -2.8522E+01  2.1982E-05
 -2.8510E+01  1.6431E-05
 -2.8498E+01  1.4505E-05
 -2.8486E+01  1.6465E-05
 -2.8474E+01  2.1409E-05
 -2.8462E+01  2.7743E-05
 -2.8450E+01  3.3854E-05
 -2.8438E+01  3.8695E-05
 -2.8426E+01  4.2016E-05
 -2.8414E+01  4.4192E-05
 -2.8403E+01  4.5754E-05
 -2.8391E+01  4.6893E-05
 -2.8379E+01  4.7201E-05
 -2.8367E+01  4.5818E-05
 -2.8355E+01  4.1915E-05
 -2.8343E+01  3.5315E-05
 -2.8331E+01  2.6939E-05
 -2.8319E+01  1.8803E-05
 -2.8307E+01  1.3533E-05
 -2.8295E+01  1.3502E-05
 -2.8283E+01  1.9946E-05
 -2.8272E+01  3.2380E-05
 -2.8260E+01  4.8586E-05
 -2.8248E+01  6.5192E-05
 -2.8236E+01  7.8637E-05
 -2.8224E+01  8.6182E-05
 -2.8212E+01  8.6617E-05
 -2.8200E+01  8.0435E-05
 -2.8188E+01  6.9468E-05
 -2.8176E+01  5.6184E-05
 -2.8164E+01  4.2920E-05
 -2.8152E+01  3.1355E-05
 -2.8141E+01  2.2341E-05
 -2.8129E+01  1.6078E-05
 -2.8117E+01  1.2449E-05
 -2.8105E+01  1.1299E-05
 -2.8093E+01  1.2514E-05
 -2.8081E+01  1.5883E-05
 -2.8069E+01  2.0880E-05
 -2.8057E+01  2.6532E-05
 -2.8045E+01  3.1509E-05
 -2.8033E+01  3.4474E-05
 -2.8021E+01  3.4547E-05
 -2.8010E+01  3.1679E-05
 -2.7998E+01  2.6758E-05
 -2.7986E+01  2.1350E-05
 -2.7974E+01  1.7156E-05
 -2.7962E+01  1.5410E-05
 -2.7950E+01  1.6444E-05
 -2.7938E+01  1.9617E-05
 -2.7926E+01  2.3604E-05
 -2.7914E+01  2.6937E-05
 -2.7902E+01  2.8542E-05
 -2.7890E+01  2.8052E-05
 -2.7879E+01  2.5802E-05
 -2.7867E+01  2.2529E-05
 -2.7855E+01  1.8980E-05
 -2.7843E+01  1.5629E-05
 -2.7831E+01  1.2640E-05
 -2.7819E+01  1.0082E-05
 -2.7807E+01  8.2312E-06
 -2.7795E+01  7.7631E-06
 -2.7783E+01  9.6595E-06
 -2.7771E+01  1.4817E-05
 -2.7759E+01  2.3509E-05
 -2.7748E+01  3.4958E-05
 -2.7736E+01  4.7273E-05
 -2.7724E+01  5.7847E-05
 -2.7712E+01  6.4137E-05
 -2.7700E+01  6.4512E-05
 -2.7688E+01  5.8853E-05
 -2.7676E+01  4.8627E-05
 -2.7664E+01  3.6394E-05
 -2.7652E+01  2.4937E-05
 -2.7640E+01  1.6366E-05
 -2.7628E+01  1.1538E-05
 -2.7617E+01  1.0031E-05
 -2.7605E+01  1.0619E-05
 -2.7593E+01  1.2009E-05
 -2.7581E+01  1.3479E-05
 -2.7569E+01  1.5106E-05
 -2.7557E+01  1.7511E-05
 -2.7545E+01  2.1259E-05
 -2.7533E+01  2.6261E-05
 -2.7521E+01  3.1503E-05
 -2.7509E+01  3.5300E-05
 -2.7497E+01  3.5998E-05
 -2.7486E+01  3.2808E-05
 -2.7474E+01  2.6395E-05
 -2.7462E+01  1.8880E-05
 -2.7450E+01  1.3204E-05
 -2.7438E+01  1.2084E-05
 -2.7426E+01  1.6959E-05
 -2.7414E+01  2.7402E-05
 -2.7402E+01  4.1230E-05
 -2.7390E+01  5.5282E-05
 -2.7378E+01  6.6526E-05
 -2.7366E+01  7.3054E-05
 -2.7355E+01  7.4541E-05
 -2.7343E+01  7.2060E-05
 -2.7331E+01  6.7374E-05
 -2.7319E+01  6.2115E-05
 -2.7307E+01  5.7244E-05
 -2.7295E+01  5.3053E-05
 -2.7283E+01  4.9655E-05
 -2.7271E+01  4.7646E-05
 -2.7259E+01  4.8507E-05
 -2.7247E+01  5.4420E-05
 -2.7235E+01  6.7437E-05
 -2.7224E+01  8.8325E-05
 -2.7212E+01  1.1559E-04
 -2.7200E+01  1.4521E-04
 -2.7188E+01  1.7138E-04
 -2.7176E+01  1.8807E-04
 -2.7164E+01  1.9101E-04
 -2.7152E+01  1.7917E-04
 -2.7140E+01  1.5534E-04
 -2.7128E+01  1.2547E-04
 -2.7116E+01  9.6854E-05
 -2.7104E+01  7.5998E-05
 -2.7093E+01  6.6742E-05
 -2.7081E+01  6.9352E-05
 -2.7069E+01  8.0830E-05
 -2.7057E+01  9.6231E-05
 -2.7045E+01  1.1045E-04
 -2.7033E+01  1.1977E-04
 -2.7021E+01  1.2272E-04
 -2.7009E+01  1.1989E-04
 -2.6997E+01  1.1320E-04
 -2.6985E+01  1.0473E-04
 -2.6973E+01  9.5938E-05
 -2.6962E+01  8.7318E-05
 -2.6950E+01  7.8673E-05
 -2.6938E+01  6.9704E-05
 -2.6926E+01  6.0563E-05
 -2.6914E+01  5.2064E-05
 -2.6902E+01  4.5463E-05
 -2.6890E+01  4.1913E-05
 -2.6878E+01  4.1884E-05
 -2.6866E+01  4.4838E-05
 -2.6854E+01  4.9311E-05
 -2.6842E+01  5.3381E-05
 -2.6831E+01  5.5314E-05
 -2.6819E+01  5.4117E-05
 -2.6807E+01  4.9794E-05
 -2.6795E+01  4.3237E-05
 -2.6783E+01  3.5830E-05
 -2.6771E+01  2.8987E-05
 -2.6759E+01  2.3780E-05
 -2.6747E+01  2.0783E-05
 -2.6735E+01  2.0127E-05
 -2.6723E+01  2.1641E-05
 -2.6711E+01  2.4993E-05
 -2.6700E+01  2.9731E-05
 -2.6688E+01  3.5261E-05
 -2.6676E+01  4.0812E-05
 -2.6664E+01  4.5486E-05
 -2.6652E+01  4.8422E-05
 -2.6640E+01  4.9023E-05
 -2.6628E+01  4.7161E-05
 -2.6616E+01  4.3243E-05
 -2.6604E+01  3.8106E-05
 -2.6592E+01  3.2774E-05
 -2.6580E+01  2.8181E-05
 -2.6569E+01  2.4978E-05
 -2.6557E+01  2.3491E-05
 -2.6545E+01  2.3799E-05
 -2.6533E+01  2.5855E-05
 -2.6521E+01  2.9547E-05
 -2.6509E+01  3.4634E-05
 -2.6497E+01  4.0606E-05
 -2.6485E+01  4.6567E-05
 -2.6473E+01  5.1287E-05
 -2.6461E+01  5.3458E-05
 -2.6449E+01  5.2141E-05
 -2.6438E+01  4.7200E-05
 -2.6426E+01  3.9526E-05
 -2.6414E+01  3.0898E-05
 -2.6402E+01  2.3458E-05
 -2.6390E+01  1.8983E-05
 -2.6378E+01  1.8243E-05
 -2.6366E+01  2.0714E-05
 -2.6354E+01  2.4810E-05
 -2.6342E+01  2.8544E-05
 -2.6330E+01  3.0347E-05
 -2.6318E+01  2.9704E-05
 -2.6307E+01  2.7304E-05
 -2.6295E+01  2.4664E-05
 -2.6283E+01  2.3363E-05
 -2.6271E+01  2.4263E-05
 -2.6259E+01  2.7062E-05
 -2.6247E+01  3.0408E-05
 -2.6235E+01  3.2504E-05
 -2.6223E+01  3.1964E-05
 -2.6211E+01  2.8476E-05
 -2.6199E+01  2.2997E-05
 -2.6187E+01  1.7355E-05
 -2.6176E+01  1.3453E-05
 -2.6164E+01  1.2432E-05
 -2.6152E+01  1.4184E-05
 -2.6140E+01  1.7441E-05
 -2.6128E+01  2.0383E-05
 -2.6116E+01  2.1490E-05
 -2.6104E+01  2.0228E-05
 -2.6092E+01  1.7239E-05
 -2.6080E+01  1.3974E-05
 -2.6068E+01  1.1940E-05
 -2.6056E+01  1.1951E-05
 -2.6045E+01  1.3734E-05
 -2.6033E+01  1.6095E-05
 -2.6021E+01  1.7539E-05
 -2.6009E+01  1.7053E-05
 -2.5997E+01  1.4635E-05
 -2.5985E+01  1.1314E-05
 -2.5973E+01  8.6407E-06
 -2.5961E+01  7.9005E-06
 -2.5949E+01  9.4489E-06
 -2.5937E+01  1.2513E-05
 -2.5925E+01  1.5570E-05
 -2.5914E+01  1.7135E-05
 -2.5902E+01  1.6566E-05
 -2.5890E+01  1.4474E-05
 -2.5878E+01  1.2517E-05
 -2.5866E+01  1.2639E-05
 -2.5854E+01  1.6113E-05
 -2.5842E+01  2.2840E-05
 -2.5830E+01  3.1268E-05
 -2.5818E+01  3.8980E-05
 -2.5806E+01  4.3700E-05
 -2.5794E+01  4.4244E-05
 -2.5783E+01  4.0975E-05
 -2.5771E+01  3.5566E-05
 -2.5759E+01  3.0174E-05
 -2.5747E+01  2.6472E-05
 -2.5735E+01  2.4999E-05
 -2.5723E+01  2.5157E-05
 -2.5711E+01  2.5849E-05
 -2.5699E+01  2.6386E-05
 -2.5687E+01  2.7167E-05
 -2.5675E+01  2.9708E-05
 -2.5663E+01  3.5929E-05
 -2.5652E+01  4.7003E-05
 -2.5640E+01  6.2327E-05
 -2.5628E+01  7.9200E-05
 -2.5616E+01  9.3465E-05
 -2.5604E+01  1.0096E-04
 -2.5592E+01  9.9144E-05
 -2.5580E+01  8.8257E-05
 -2.5568E+01  7.1322E-05
 -2.5556E+01  5.3061E-05
 -2.5544E+01  3.8089E-05
 -2.5532E+01  2.9198E-05
 -2.5521E+01  2.6483E-05
 -2.5509E+01  2.7708E-05
 -2.5497E+01  2.9724E-05
 -2.5485E+01  3.0256E-05
 -2.5473E+01  2.9170E-05
 -2.5461E+01  2.8563E-05
 -2.5449E+01  3.1586E-05
 -2.5437E+01  4.0528E-05
 -2.5425E+01  5.5123E-05
 -2.5413E+01  7.1977E-05
 -2.5401E+01  8.5561E-05
 -2.5390E+01  9.0496E-05
 -2.5378E+01  8.4200E-05
 -2.5366E+01  6.8730E-05
 -2.5354E+01  5.0899E-05
 -2.5342E+01  4.0419E-05
 -2.5330E+01  4.6715E-05
 -2.5318E+01  7.5577E-05
 -2.5306E+01  1.2697E-04
 -2.5294E+01  1.9481E-04
 -2.5282E+01  2.6874E-04
 -2.5271E+01  3.3709E-04
 -2.5259E+01  3.8993E-04
 -2.5247E+01  4.2103E-04
 -2.5235E+01  4.2827E-04
 -2.5223E+01  4.1276E-04
 -2.5211E+01  3.7755E-04
 -2.5199E+01  3.2678E-04
 -2.5187E+01  2.6597E-04
 -2.5175E+01  2.0312E-04
 -2.5163E+01  1.4970E-04
 -2.5151E+01  1.2049E-04
 -2.5140E+01  1.3125E-04
 -2.5128E+01  1.9442E-04
 -2.5116E+01  3.1411E-04
 -2.5104E+01  4.8210E-04
 -2.5092E+01  6.7695E-04
 -2.5080E+01  8.6704E-04
 -2.5068E+01  1.0173E-03
 -2.5056E+01  1.0977E-03
 -2.5044E+01  1.0915E-03
 -2.5032E+01  9.9944E-04
 -2.5020E+01  8.4012E-04
 -2.5009E+01  6.4490E-04
 -2.4997E+01  4.4975E-04
 -2.4985E+01  2.8641E-04
 -2.4973E+01  1.7547E-04
 -2.4961E+01  1.2349E-04
 -2.4949E+01  1.2425E-04
 -2.4937E+01  1.6313E-04
 -2.4925E+01  2.2270E-04
 -2.4913E+01  2.8737E-04
 -2.4901E+01  3.4593E-04
 -2.4889E+01  3.9182E-04
 -2.4878E+01  4.2169E-04
 -2.4866E+01  4.3375E-04
 -2.4854E+01  4.2678E-04
 -2.4842E+01  4.0039E-04
 -2.4830E+01  3.5619E-04
 -2.4818E+01  2.9889E-04
 -2.4806E+01  2.3650E-04
 -2.4794E+01  1.7906E-04
 -2.4782E+01  1.3600E-04
 -2.4770E+01  1.1336E-04
 -2.4758E+01  1.1166E-04
 -2.4747E+01  1.2565E-04
 -2.4735E+01  1.4598E-04
 -2.4723E+01  1.6230E-04
 -2.4711E+01  1.6669E-04
 -2.4699E+01  1.5614E-04
 -2.4687E+01  1.3323E-04
 -2.4675E+01  1.0493E-04
 -2.4663E+01  7.9996E-05
 -2.4651E+01  6.5964E-05
 -2.4639E+01  6.6911E-05
 -2.4627E+01  8.2581E-05
 -2.4616E+01  1.0903E-04
 -2.4604E+01  1.4030E-04
 -2.4592E+01  1.7039E-04
 -2.4580E+01  1.9477E-04
 -2.4568E+01  2.1100E-04
 -2.4556E+01  2.1850E-04
 -2.4544E+01  2.1790E-04
 -2.4532E+01  2.1025E-04
 -2.4520E+01  1.9658E-04
 -2.4508E+01  1.7797E-04
 -2.4496E+01  1.5573E-04
 -2.4485E+01  1.3176E-04
 -2.4473E+01  1.0852E-04
 -2.4461E+01  8.8674E-05
 -2.4449E+01  7.4484E-05
 -2.4437E+01  6.7208E-05
 -2.4425E+01  6.6714E-05
 -2.4413E+01  7.1529E-05
 -2.4401E+01  7.9273E-05
 -2.4389E+01  8.7330E-05
 -2.4377E+01  9.3500E-05
 -2.4365E+01  9.6452E-05
 -2.4354E+01  9.5871E-05
 -2.4342E+01  9.2345E-05
 -2.4330E+01  8.7087E-05
 -2.4318E+01  8.1593E-05
 -2.4306E+01  7.7324E-05
 -2.4294E+01  7.5424E-05
 -2.4282E+01  7.6489E-05
 -2.4270E+01  8.0395E-05
 -2.4258E+01  8.6235E-05
 -2.4246E+01  9.2421E-05
 -2.4234E+01  9.6983E-05
 -2.4223E+01  9.8068E-05
 -2.4211E+01  9.4504E-05
 -2.4199E+01  8.6273E-05
 -2.4187E+01  7.4704E-05
 -2.4175E+01  6.2273E-05
 -2.4163E+01  5.2041E-05
 -2.4151E+01  4.6889E-05
 -2.4139E+01  4.8781E-05
 -2.4127E+01  5.8293E-05
 -2.4115E+01  7.4512E-05
 -2.4103E+01  9.5319E-05
 -2.4092E+01  1.1792E-04
 -2.4080E+01  1.3942E-04
 -2.4068E+01  1.5733E-04
 -2.4056E+01  1.6981E-04
 -2.4044E+01  1.7576E-04
 -2.4032E+01  1.7480E-04
 -2.4020E+01  1.6720E-04
 -2.4008E+01  1.5385E-04
 -2.3996E+01  1.3623E-04
 -2.3984E+01  1.1635E-04
 -2.3972E+01  9.6527E-05
 -2.3961E+01  7.9004E-05
 -2.3949E+01  6.5587E-05
 -2.3937E+01  5.7270E-05
 -2.3925E+01  5.4085E-05
 -2.3913E+01  5.5173E-05
 -2.3901E+01  5.9086E-05
 -2.3889E+01  6.4198E-05
 -2.3877E+01  6.9078E-05
 -2.3865E+01  7.2735E-05
 -2.3853E+01  7.4676E-05
 -2.3841E+01  7.4822E-05
 -2.3830E+01  7.3377E-05
 -2.3818E+01  7.0718E-05
 -2.3806E+01  6.7365E-05
 -2.3794E+01  6.3974E-05
 -2.3782E+01  6.1293E-05
 -2.3770E+01  6.0030E-05
 -2.3758E+01  6.0629E-05
 -2.3746E+01  6.3037E-05
 -2.3734E+01  6.6587E-05
 -2.3722E+01  7.0089E-05
 -2.3710E+01  7.2149E-05
 -2.3699E+01  7.1634E-05
 -2.3687E+01  6.8121E-05
 -2.3675E+01  6.2148E-05
 -2.3663E+01  5.5152E-05
 -2.3651E+01  4.9097E-05
 -2.3639E+01  4.5933E-05
 -2.3627E+01  4.7066E-05
 -2.3615E+01  5.3055E-05
 -2.3603E+01  6.3582E-05
 -2.3591E+01  7.7681E-05
 -2.3579E+01  9.4058E-05
 -2.3568E+01  1.1136E-04
 -2.3556E+01  1.2828E-04
 -2.3544E+01  1.4348E-04
 -2.3532E+01  1.5557E-04
 -2.3520E+01  1.6306E-04
 -2.3508E+01  1.6462E-04
 -2.3496E+01  1.5945E-04
 -2.3484E+01  1.4772E-04
 -2.3472E+01  1.3074E-04
 -2.3460E+01  1.1089E-04
 -2.3448E+01  9.1110E-05
 -2.3437E+01  7.4178E-05
 -2.3425E+01  6.2015E-05
 -2.3413E+01  5.5298E-05
 -2.3401E+01  5.3503E-05
 -2.3389E+01  5.5337E-05
 -2.3377E+01  5.9352E-05
 -2.3365E+01  6.4447E-05
 -2.3353E+01  7.0046E-05
 -2.3341E+01  7.5912E-05
 -2.3329E+01  8.1764E-05
 -2.3317E+01  8.6949E-05
 -2.3306E+01  9.0456E-05
 -2.3294E+01  9.1327E-05
 -2.3282E+01  8.9344E-05
 -2.3270E+01  8.5629E-05
 -2.3258E+01  8.2812E-05
 -2.3246E+01  8.4532E-05
 -2.3234E+01  9.4339E-05
 -2.3222E+01  1.1436E-04
 -2.3210E+01  1.4421E-04
 -2.3198E+01  1.8070E-04
 -2.3186E+01  2.1838E-04
 -2.3175E+01  2.5096E-04
 -2.3163E+01  2.7298E-04
 -2.3151E+01  2.8128E-04
 -2.3139E+01  2.7572E-04
 -2.3127E+01  2.5896E-04
 -2.3115E+01  2.3556E-04
 -2.3103E+01  2.1085E-04
 -2.3091E+01  1.9000E-04
 -2.3079E+01  1.7767E-04
 -2.3067E+01  1.7794E-04
 -2.3055E+01  1.9449E-04
 -2.3044E+01  2.3026E-04
 -2.3032E+01  2.8667E-04
 -2.3020E+01  3.6236E-04
 -2.3008E+01  4.5195E-04
 -2.2996E+01  5.4561E-04
 -2.2984E+01  6.2999E-04
 -2.2972E+01  6.9055E-04
 -2.2960E+01  7.1501E-04
 -2.2948E+01  6.9668E-04
 -2.2936E+01  6.3679E-04
 -2.2924E+01  5.4469E-04
 -2.2913E+01  4.3594E-04
 -2.2901E+01  3.2864E-04
 -2.2889E+01  2.3908E-04
 -2.2877E+01  1.7807E-04
 -2.2865E+01  1.4912E-04
 -2.2853E+01  1.4864E-04
 -2.2841E+01  1.6821E-04
 -2.2829E+01  1.9763E-04
 -2.2817E+01  2.2785E-04
 -2.2805E+01  2.5272E-04
 -2.2793E+01  2.6932E-04
 -2.2782E+01  2.7707E-04
 -2.2770E+01  2.7637E-04
 -2.2758E+01  2.6751E-04
 -2.2746E+01  2.5044E-04
 -2.2734E+01  2.2525E-04
 -2.2722E+01  1.9317E-04
 -2.2710E+01  1.5718E-04
 -2.2698E+01  1.2190E-04
 -2.2686E+01  9.2562E-05
 -2.2674E+01  7.3397E-05
 -2.2662E+01  6.6160E-05
 -2.2651E+01  6.9380E-05
 -2.2639E+01  7.8760E-05
 -2.2627E+01  8.8636E-05
 -2.2615E+01  9.3942E-05
 -2.2603E+01  9.1937E-05
 -2.2591E+01  8.3025E-05
 -2.2579E+01  7.0374E-05
 -2.2567E+01  5.8547E-05
 -2.2555E+01  5.1709E-05
 -2.2543E+01  5.2151E-05
 -2.2531E+01  5.9653E-05
 -2.2520E+01  7.1871E-05
 -2.2508E+01  8.5471E-05
 -2.2496E+01  9.7478E-05
 -2.2484E+01  1.0625E-04
 -2.2472E+01  1.1172E-04
 -2.2460E+01  1.1492E-04
 -2.2448E+01  1.1705E-04
 -2.2436E+01  1.1868E-04
 -2.2424E+01  1.1933E-04
 -2.2412E+01  1.1777E-04
 -2.2400E+01  1.1273E-04
 -2.2389E+01  1.0368E-04
 -2.2377E+01  9.1394E-05
 -2.2365E+01  7.7845E-05
 -2.2353E+01  6.5594E-05
 -2.2341E+01  5.6871E-05
 -2.2329E+01  5.2774E-05
 -2.2317E+01  5.2897E-05
 -2.2305E+01  5.5565E-05
 -2.2293E+01  5.8532E-05
 -2.2281E+01  5.9863E-05
 -2.2269E+01  5.8625E-05
 -2.2258E+01  5.5130E-05
 -2.2246E+01  5.0689E-05
 -2.2234E+01  4.7013E-05
 -2.2222E+01  4.5548E-05
 -2.2210E+01  4.7009E-05
 -2.2198E+01  5.1264E-05
 -2.2186E+01  5.7532E-05
 -2.2174E+01  6.4759E-05
 -2.2162E+01  7.1945E-05
 -2.2150E+01  7.8294E-05
 -2.2138E+01  8.3160E-05
 -2.2127E+01  8.5897E-05
 -2.2115E+01  8.5772E-05
 -2.2103E+01  8.2072E-05
 -2.2091E+01  7.4422E-05
 -2.2079E+01  6.3190E-05
 -2.2067E+01  4.9805E-05
 -2.2055E+01  3.6767E-05
 -2.2043E+01  2.7271E-05
 -2.2031E+01  2.4487E-05
 -2.2019E+01  3.0695E-05
 -2.2007E+01  4.6544E-05
 -2.1996E+01  7.0691E-05
 -2.1984E+01  9.9939E-05
 -2.1972E+01  1.2987E-04
 -2.1960E+01  1.5577E-04
 -2.1948E+01  1.7362E-04
 -2.1936E+01  1.8085E-04
 -2.1924E+01  1.7677E-04
 -2.1912E+01  1.6248E-04
 -2.1900E+01  1.4054E-04
 -2.1888E+01  1.1435E-04
 -2.1876E+01  8.7489E-05
 -2.1865E+01  6.3193E-05
 -2.1853E+01  4.3959E-05
 -2.1841E+01  3.1324E-05
 -2.1829E+01  2.5789E-05
 -2.1817E+01  2.6865E-05
 -2.1805E+01  3.3210E-05
 -2.1793E+01  4.2846E-05
 -2.1781E+01  5.3467E-05
 -2.1769E+01  6.2805E-05
 -2.1757E+01  6.9013E-05
 -2.1745E+01  7.0994E-05
 -2.1734E+01  6.8595E-05
 -2.1722E+01  6.2601E-05
 -2.1710E+01  5.4532E-05
 -2.1698E+01  4.6257E-05
 -2.1686E+01  3.9541E-05
 -2.1674E+01  3.5630E-05
 -2.1662E+01  3.4983E-05
 -2.1650E+01  3.7219E-05
 -2.1638E+01  4.1279E-05
 -2.1626E+01  4.5737E-05
 -2.1614E+01  4.9176E-05
 -2.1603E+01  5.0510E-05
 -2.1591E+01  4.9191E-05
 -2.1579E+01  4.5273E-05
 -2.1567E+01  3.9353E-05
 -2.1555E+01  3.2447E-05
 -2.1543E+01  2.5836E-05
 -2.1531E+01  2.0919E-05
 -2.1519E+01  1.9057E-05
 -2.1507E+01  2.1391E-05
 -2.1495E+01  2.8623E-05
 -2.1483E+01  4.0783E-05
 -2.1472E+01  5.7043E-05
 -2.1460E+01  7.5669E-05
 -2.1448E+01  9.4190E-05
 -2.1436E+01  1.0979E-04
 -2.1424E+01  1.1988E-04
 -2.1412E+01  1.2268E-04
 -2.1400E+01  1.1766E-04
 -2.1388E+01  1.0571E-04
 -2.1376E+01  8.8926E-05
 -2.1364E+01  7.0086E-05
 -2.1353E+01  5.2032E-05
 -2.1341E+01  3.7067E-05
 -2.1329E+01  2.6583E-05
 -2.1317E+01  2.0993E-05
 -2.1305E+01  1.9908E-05
 -2.1293E+01  2.2449E-05
 -2.1281E+01  2.7535E-05
 -2.1269E+01  3.4052E-05
 -2.1257E+01  4.0885E-05
 -2.1245E+01  4.6905E-05
 -2.1233E+01  5.1019E-05
 -2.1222E+01  5.2350E-05
 -2.1210E+01  5.0547E-05
 -2.1198E+01  4.6086E-05
 -2.1186E+01  4.0405E-05
 -2.1174E+01  3.5719E-05
 -2.1162E+01  3.4494E-05
 -2.1150E+01  3.8703E-05
 -2.1138E+01  4.9094E-05
 -2.1126E+01  6.4773E-05
 -2.1114E+01  8.3264E-05
 -2.1102E+01  1.0108E-04
 -2.1091E+01  1.1463E-04
 -2.1079E+01  1.2117E-04
 -2.1067E+01  1.1948E-04
 -2.1055E+01  1.1007E-04
 -2.1043E+01  9.4993E-05
 -2.1031E+01  7.7246E-05
 -2.1019E+01  6.0192E-05
 -2.1007E+01  4.7093E-05
 -2.0995E+01  4.0855E-05
 -2.0983E+01  4.3910E-05
 -2.0971E+01  5.8052E-05
 -2.0960E+01  8.4086E-05
 -2.0948E+01  1.2130E-04
 -2.0936E+01  1.6695E-04
 -2.0924E+01  2.1606E-04
 -2.0912E+01  2.6181E-04
 -2.0900E+01  2.9666E-04
 -2.0888E+01  3.1402E-04
 -2.0876E+01  3.1001E-04
 -2.0864E+01  2.8470E-04
 -2.0852E+01  2.4243E-04
 -2.0840E+01  1.9088E-04
 -2.0829E+01  1.3925E-04
 -2.0817E+01  9.5984E-05
 -2.0805E+01  6.6828E-05
 -2.0793E+01  5.3743E-05
 -2.0781E+01  5.5008E-05
 -2.0769E+01  6.6344E-05
 -2.0757E+01  8.2566E-05
 -2.0745E+01  9.9126E-05
 -2.0733E+01  1.1305E-04
 -2.0721E+01  1.2306E-04
 -2.0709E+01  1.2904E-04
 -2.0698E+01  1.3129E-04
 -2.0686E+01  1.2990E-04
 -2.0674E+01  1.2473E-04
 -2.0662E+01  1.1574E-04
 -2.0650E+01  1.0362E-04
 -2.0638E+01  9.0162E-05
 -2.0626E+01  7.8115E-05
 -2.0614E+01  7.0460E-05
 -2.0602E+01  6.9356E-05
 -2.0590E+01  7.5162E-05
 -2.0578E+01  8.6014E-05
 -2.0567E+01  9.8176E-05
 -2.0555E+01  1.0713E-04
 -2.0543E+01  1.0906E-04
 -2.0531E+01  1.0215E-04
 -2.0519E+01  8.7310E-05
 -2.0507E+01  6.8007E-05
 -2.0495E+01  4.9321E-05
 -2.0483E+01  3.6535E-05
 -2.0471E+01  3.3743E-05
 -2.0459E+01  4.2876E-05
 -2.0447E+01  6.3367E-05
 -2.0436E+01  9.2446E-05
 -2.0424E+01  1.2587E-04
 -2.0412E+01  1.5878E-04
 -2.0400E+01  1.8657E-04
 -2.0388E+01  2.0543E-04
 -2.0376E+01  2.1285E-04
 -2.0364E+01  2.0783E-04
 -2.0352E+01  1.9105E-04
 -2.0340E+01  1.6484E-04
 -2.0328E+01  1.3294E-04
 -2.0316E+01  1.0003E-04
 -2.0305E+01  7.0947E-05
 -2.0293E+01  4.9861E-05
 -2.0281E+01  3.9449E-05
 -2.0269E+01  4.0397E-05
 -2.0257E+01  5.1313E-05
 -2.0245E+01  6.9110E-05
 -2.0233E+01  8.9729E-05
 -2.0221E+01  1.0901E-04
 -2.0209E+01  1.2349E-04
 -2.0197E+01  1.3096E-04
 -2.0185E+01  1.3071E-04
 -2.0174E+01  1.2349E-04
 -2.0162E+01  1.1118E-04
 -2.0150E+01  9.6333E-05
 -2.0138E+01  8.1691E-05
 -2.0126E+01  6.9594E-05
 -2.0114E+01  6.1535E-05
 -2.0102E+01  5.7851E-05
 -2.0090E+01  5.7684E-05
 -2.0078E+01  5.9265E-05
 -2.0066E+01  6.0488E-05
 -2.0054E+01  5.9633E-05
 -2.0043E+01  5.6005E-05
 -2.0031E+01  5.0255E-05
 -2.0019E+01  4.4227E-05
 -2.0007E+01  4.0348E-05
 -1.9995E+01  4.0745E-05
 -1.9983E+01  4.6431E-05
 -1.9971E+01  5.6850E-05
 -1.9959E+01  6.9981E-05
 -1.9947E+01  8.2961E-05
 -1.9935E+01  9.2987E-05
 -1.9923E+01  9.8149E-05
 -1.9912E+01  9.7890E-05
 -1.9900E+01  9.2944E-05
 -1.9888E+01  8.4843E-05
 -1.9876E+01  7.5260E-05
 -1.9864E+01  6.5481E-05
 -1.9852E+01  5.6230E-05
 -1.9840E+01  4.7844E-05
 -1.9828E+01  4.0630E-05
 -1.9816E+01  3.5148E-05
 -1.9804E+01  3.2206E-05
 -1.9792E+01  3.2527E-05
 -1.9781E+01  3.6260E-05
 -1.9769E+01  4.2606E-05
 -1.9757E+01  4.9813E-05
 -1.9745E+01  5.5634E-05
 -1.9733E+01  5.8103E-05
 -1.9721E+01  5.6300E-05
 -1.9709E+01  5.0758E-05
 -1.9697E+01  4.3306E-05
 -1.9685E+01  3.6372E-05
 -1.9673E+01  3.2048E-05
 -1.9661E+01  3.1315E-05
 -1.9650E+01  3.3774E-05
 -1.9638E+01  3.7987E-05
 -1.9626E+01  4.2247E-05
 -1.9614E+01  4.5397E-05
 -1.9602E+01  4.7292E-05
 -1.9590E+01  4.8692E-05
 -1.9578E+01  5.0639E-05
 -1.9566E+01  5.3682E-05
 -1.9554E+01  5.7344E-05
 -1.9542E+01  6.0174E-05
 -1.9530E+01  6.0391E-05
 -1.9519E+01  5.6850E-05
 -1.9507E+01  4.9846E-05
 -1.9495E+01  4.1341E-05
 -1.9483E+01  3.4430E-05
 -1.9471E+01  3.2227E-05
 -1.9459E+01  3.6648E-05
 -1.9447E+01  4.7632E-05
 -1.9435E+01  6.3142E-05
 -1.9423E+01  7.9961E-05
 -1.9411E+01  9.4912E-05
 -1.9399E+01  1.0595E-04
 -1.9388E+01  1.1265E-04
 -1.9376E+01  1.1591E-04
 -1.9364E+01  1.1704E-04
 -1.9352E+01  1.1685E-04
 -1.9340E+01  1.1507E-04
 -1.9328E+01  1.1065E-04
 -1.9316E+01  1.0248E-04
 -1.9304E+01  9.0497E-05
 -1.9292E+01  7.6234E-05
 -1.9280E+01  6.2627E-05
 -1.9268E+01  5.3011E-05
 -1.9257E+01  4.9733E-05
 -1.9245E+01  5.3055E-05
 -1.9233E+01  6.0907E-05
 -1.9221E+01  6.9715E-05
 -1.9209E+01  7.5960E-05
 -1.9197E+01  7.7787E-05
 -1.9185E+01  7.5877E-05
 -1.9173E+01  7.3133E-05
 -1.9161E+01  7.3267E-05
 -1.9149E+01  7.8930E-05
 -1.9137E+01  9.0284E-05
 -1.9126E+01  1.0474E-04
 -1.9114E+01  1.1806E-04
 -1.9102E+01  1.2640E-04
 -1.9090E+01  1.2823E-04
 -1.9078E+01  1.2535E-04
 -1.9066E+01  1.2220E-04
 -1.9054E+01  1.2393E-04
 -1.9042E+01  1.3382E-04
 -1.9030E+01  1.5145E-04
 -1.9018E+01  1.7249E-04
 -1.9006E+01  1.9030E-04
 -1.8995E+01  1.9887E-04
 -1.8983E+01  1.9567E-04
 -1.8971E+01  1.8322E-04
 -1.8959E+01  1.6845E-04
 -1.8947E+01  1.6016E-04
 -1.8935E+01  1.6543E-04
 -1.8923E+01  1.8668E-04
 -1.8911E+01  2.2064E-04
 -1.8899E+01  2.5976E-04
 -1.8887E+01  2.9543E-04
 -1.8875E+01  3.2169E-04
 -1.8864E+01  3.3757E-04
 -1.8852E+01  3.4716E-04
 -1.8840E+01  3.5718E-04
 -1.8828E+01  3.7316E-04
 -1.8816E+01  3.9602E-04
 -1.8804E+01  4.2073E-04
 -1.8792E+01  4.3777E-04
 -1.8780E+01  4.3699E-04
 -1.8768E+01  4.1227E-04
 -1.8756E+01  3.6496E-04
 -1.8744E+01  3.0449E-04
 -1.8733E+01  2.4569E-04
 -1.8721E+01  2.0386E-04
 -1.8709E+01  1.8924E-04
 -1.8697E+01  2.0339E-04
 -1.8685E+01  2.3871E-04
 -1.8673E+01  2.8140E-04
 -1.8661E+01  3.1660E-04
 -1.8649E+01  3.3360E-04
 -1.8637E+01  3.2922E-04
 -1.8625E+01  3.0804E-04
 -1.8613E+01  2.7968E-04
 -1.8602E+01  2.5451E-04
 -1.8590E+01  2.3971E-04
 -1.8578E+01  2.3720E-04
 -1.8566E+01  2.4434E-04
 -1.8554E+01  2.5656E-04
 -1.8542E+01  2.7063E-04
 -1.8530E+01  2.8675E-04
 -1.8518E+01  3.0839E-04
 -1.8506E+01  3.4000E-04
 -1.8494E+01  3.8345E-04
 -1.8482E+01  4.3514E-04
 -1.8471E+01  4.8528E-04
 -1.8459E+01  5.1999E-04
 -1.8447E+01  5.2579E-04
 -1.8435E+01  4.9486E-04
 -1.8423E+01  4.2904E-04
 -1.8411E+01  3.4097E-04
 -1.8399E+01  2.5174E-04
 -1.8387E+01  1.8562E-04
 -1.8375E+01  1.6358E-04
 -1.8363E+01  1.9756E-04
 -1.8351E+01  2.8726E-04
 -1.8340E+01  4.2029E-04
 -1.8328E+01  5.7541E-04
 -1.8316E+01  7.2764E-04
 -1.8304E+01  8.5370E-04
 -1.8292E+01  9.3636E-04
 -1.8280E+01  9.6678E-04
 -1.8268E+01  9.4483E-04
 -1.8256E+01  8.7760E-04
 -1.8244E+01  7.7709E-04
 -1.8232E+01  6.5774E-04
 -1.8220E+01  5.3434E-04
 -1.8209E+01  4.2041E-04
 -1.8197E+01  3.2710E-04
 -1.8185E+01  2.6219E-04
 -1.8173E+01  2.2945E-04
 -1.8161E+01  2.2825E-04
 -1.8149E+01  2.5357E-04
 -1.8137E+01  2.9678E-04
 -1.8125E+01  3.4696E-04
 -1.8113E+01  3.9289E-04
 -1.8101E+01  4.2505E-04
 -1.8089E+01  4.3751E-04
 -1.8078E+01  4.2894E-04
 -1.8066E+01  4.0265E-04
 -1.8054E+01  3.6559E-04
 -1.8042E+01  3.2643E-04
 -1.8030E+01  2.9329E-04
 -1.8018E+01  2.7162E-04
 -1.8006E+01  2.6285E-04
 -1.7994E+01  2.6425E-04
 -1.7982E+01  2.6998E-04
 -1.7970E+01  2.7309E-04
 -1.7958E+01  2.6785E-04
 -1.7947E+01  2.5176E-04
 -1.7935E+01  2.2647E-04
 -1.7923E+01  1.9744E-04
 -1.7911E+01  1.7227E-04
 -1.7899E+01  1.5846E-04
 -1.7887E+01  1.6114E-04
 -1.7875E+01  1.8167E-04
 -1.7863E+01  2.1736E-04
 -1.7851E+01  2.6249E-04
 -1.7839E+01  3.1005E-04
 -1.7827E+01  3.5354E-04
 -1.7816E+01  3.8833E-04
 -1.7804E+01  4.1206E-04
 -1.7792E+01  4.2422E-04
 -1.7780E+01  4.2539E-04
 -1.7768E+01  4.1646E-04
 -1.7756E+01  3.9835E-04
 -1.7744E+01  3.7220E-04
 -1.7732E+01  3.3986E-04
 -1.7720E+01  3.0419E-04
 -1.7708E+01  2.6898E-04
 -1.7696E+01  2.3821E-04
 -1.7685E+01  2.1509E-04
 -1.7673E+01  2.0106E-04
 -1.7661E+01  1.9542E-04
 -1.7649E+01  1.9570E-04
 -1.7637E+01  1.9864E-04
 -1.7625E+01  2.0141E-04
 -1.7613E+01  2.0252E-04
 -1.7601E+01  2.0205E-04
 -1.7589E+01  2.0114E-04
 -1.7577E+01  2.0113E-04
 -1.7565E+01  2.0269E-04
 -1.7554E+01  2.0558E-04
 -1.7542E+01  2.0904E-04
 -1.7530E+01  2.1260E-04
 -1.7518E+01  2.1679E-04
 -1.7506E+01  2.2328E-04
 -1.7494E+01  2.3417E-04
 -1.7482E+01  2.5067E-04
 -1.7470E+01  2.7189E-04
 -1.7458E+01  2.9424E-04
 -1.7446E+01  3.1207E-04
 -1.7435E+01  3.1941E-04
 -1.7423E+01  3.1233E-04
 -1.7411E+01  2.9083E-04
 -1.7399E+01  2.5966E-04
 -1.7387E+01  2.2734E-04
 -1.7375E+01  2.0391E-04
 -1.7363E+01  1.9814E-04
 -1.7351E+01  2.1512E-04
 -1.7339E+01  2.5529E-04
 -1.7327E+01  3.1482E-04
 -1.7315E+01  3.8721E-04
 -1.7304E+01  4.6515E-04
 -1.7292E+01  5.4190E-04
 -1.7280E+01  6.1163E-04
 -1.7268E+01  6.6900E-04
 -1.7256E+01  7.0870E-04
 -1.7244E+01  7.2539E-04
 -1.7232E+01  7.1473E-04
 -1.7220E+01  6.7512E-04
 -1.7208E+01  6.0930E-04
 -1.7196E+01  5.2511E-04
 -1.7184E+01  4.3452E-04
 -1.7173E+01  3.5111E-04
 -1.7161E+01  2.8668E-04
 -1.7149E+01  2.4819E-04
 -1.7137E+01  2.3629E-04
 -1.7125E+01  2.4594E-04
 -1.7113E+01  2.6886E-04
 -1.7101E+01  2.9674E-04
 -1.7089E+01  3.2373E-04
 -1.7077E+01  3.4739E-04
 -1.7065E+01  3.6781E-04
 -1.7053E+01  3.8569E-04
 -1.7042E+01  4.0064E-04
 -1.7030E+01  4.1085E-04
 -1.7018E+01  4.1443E-04
 -1.7006E+01  4.1179E-04
 -1.6994E+01  4.0772E-04
 -1.6982E+01  4.1147E-04
 -1.6970E+01  4.3432E-04
 -1.6958E+01  4.8504E-04
 -1.6946E+01  5.6501E-04
 -1.6934E+01  6.6527E-04
 -1.6922E+01  7.6717E-04
 -1.6911E+01  8.4712E-04
 -1.6899E+01  8.8410E-04
 -1.6887E+01  8.6734E-04
 -1.6875E+01  8.0105E-04
 -1.6863E+01  7.0441E-04
 -1.6851E+01  6.0642E-04
 -1.6839E+01  5.3769E-04
 -1.6827E+01  5.2210E-04
 -1.6815E+01  5.7131E-04
 -1.6803E+01  6.8381E-04
 -1.6791E+01  8.4820E-04
 -1.6780E+01  1.0485E-03
 -1.6768E+01  1.2690E-03
 -1.6756E+01  1.4956E-03
 -1.6744E+01  1.7144E-03
 -1.6732E+01  1.9083E-03
 -1.6720E+01  2.0549E-03
 -1.6708E+01  2.1277E-03
 -1.6696E+01  2.1021E-03
 -1.6684E+01  1.9652E-03
 -1.6672E+01  1.7235E-03
 -1.6660E+01  1.4083E-03
 -1.6649E+01  1.0715E-03
 -1.6637E+01  7.7514E-04
 -1.6625E+01  5.7468E-04
 -1.6613E+01  5.0303E-04
 -1.6601E+01  5.6059E-04
 -1.6589E+01  7.1520E-04
 -1.6577E+01  9.1230E-04
 -1.6565E+01  1.0919E-03
 -1.6553E+01  1.2067E-03
 -1.6541E+01  1.2345E-03
 -1.6529E+01  1.1816E-03
 -1.6518E+01  1.0761E-03
 -1.6506E+01  9.5484E-04
 -1.6494E+01  8.4915E-04
 -1.6482E+01  7.7533E-04
 -1.6470E+01  7.3280E-04
 -1.6458E+01  7.0949E-04
 -1.6446E+01  6.9121E-04
 -1.6434E+01  6.7021E-04
 -1.6422E+01  6.4882E-04
 -1.6410E+01  6.3678E-04
 -1.6398E+01  6.4380E-04
 -1.6387E+01  6.7145E-04
 -1.6375E+01  7.0879E-04
 -1.6363E+01  7.3443E-04
 -1.6351E+01  7.2475E-04
 -1.6339E+01  6.6495E-04
 -1.6327E+01  5.5805E-04
 -1.6315E+01  4.2772E-04
 -1.6303E+01  3.1272E-04
 -1.6291E+01  2.5471E-04
 -1.6279E+01  2.8350E-04
 -1.6267E+01  4.0556E-04
 -1.6256E+01  6.0012E-04
 -1.6244E+01  8.2463E-04
 -1.6232E+01  1.0274E-03
 -1.6220E+01  1.1633E-03
 -1.6208E+01  1.2064E-03
 -1.6196E+01  1.1559E-03
 -1.6184E+01  1.0338E-03
 -1.6172E+01  8.7537E-04
 -1.6160E+01  7.1710E-04
 -1.6148E+01  5.8594E-04
 -1.6136E+01  4.9425E-04
 -1.6125E+01  4.4049E-04
 -1.6113E+01  4.1451E-04
 -1.6101E+01  4.0440E-04
 -1.6089E+01  4.0189E-04
 -1.6077E+01  4.0415E-04
 -1.6065E+01  4.1216E-04
 -1.6053E+01  4.2700E-04
 -1.6041E+01  4.4651E-04
 -1.6029E+01  4.6415E-04
 -1.6017E+01  4.7075E-04
 -1.6005E+01  4.5810E-04
 -1.5994E+01  4.2288E-04
 -1.5982E+01  3.6877E-04
 -1.5970E+01  3.0586E-04
 -1.5958E+01  2.4736E-04
 -1.5946E+01  2.0502E-04
 -1.5934E+01  1.8508E-04
 -1.5922E+01  1.8632E-04
 -1.5910E+01  2.0101E-04
 -1.5898E+01  2.1813E-04
 -1.5886E+01  2.2754E-04
 -1.5874E+01  2.2340E-04
 -1.5863E+01  2.0572E-04
 -1.5851E+01  1.7962E-04
 -1.5839E+01  1.5282E-04
 -1.5827E+01  1.3253E-04
 -1.5815E+01  1.2302E-04
 -1.5803E+01  1.2462E-04
 -1.5791E+01  1.3426E-04
 -1.5779E+01  1.4715E-04
 -1.5767E+01  1.5868E-04
 -1.5755E+01  1.6592E-04
 -1.5743E+01  1.6814E-04
 -1.5732E+01  1.6651E-04
 -1.5720E+01  1.6320E-04
 -1.5708E+01  1.6050E-04
 -1.5696E+01  1.6009E-04
 -1.5684E+01  1.6289E-04
 -1.5672E+01  1.6904E-04
 -1.5660E+01  1.7808E-04
 -1.5648E+01  1.8910E-04
 -1.5636E+01  2.0065E-04
 -1.5624E+01  2.1084E-04
 -1.5612E+01  2.1742E-04
 -1.5601E+01  2.1823E-04
 -1.5589E+01  2.1171E-04
 -1.5577E+01  1.9758E-04
 -1.5565E+01  1.7714E-04
 -1.5553E+01  1.5325E-04
 -1.5541E+01  1.2976E-04
 -1.5529E+01  1.1066E-04
 -1.5517E+01  9.9016E-05
 -1.5505E+01  9.6231E-05
 -1.5493E+01  1.0165E-04
 -1.5481E+01  1.1285E-04
 -1.5470E+01  1.2649E-04
 -1.5458E+01  1.3936E-04
 -1.5446E+01  1.4944E-04
 -1.5434E+01  1.5654E-04
 -1.5422E+01  1.6226E-04
 -1.5410E+01  1.6932E-04
 -1.5398E+01  1.8040E-04
 -1.5386E+01  1.9699E-04
 -1.5374E+01  2.1849E-04
 -1.5362E+01  2.4209E-04
 -1.5350E+01  2.6348E-04
 -1.5339E+01  2.7804E-04
 -1.5327E+01  2.8238E-04
 -1.5315E+01  2.7550E-04
 -1.5303E+01  2.5921E-04
 -1.5291E+01  2.3771E-04
 -1.5279E+01  2.1650E-04
 -1.5267E+01  2.0100E-04
 -1.5255E+01  1.9547E-04
 -1.5243E+01  2.0251E-04
 -1.5231E+01  2.2309E-04
 -1.5219E+01  2.5702E-04
 -1.5208E+01  3.0330E-04
 -1.5196E+01  3.6015E-04
 -1.5184E+01  4.2451E-04
 -1.5172E+01  4.9146E-04
 -1.5160E+01  5.5397E-04
 -1.5148E+01  6.0340E-04
 -1.5136E+01  6.3109E-04
 -1.5124E+01  6.3048E-04
 -1.5112E+01  5.9919E-04
 -1.5100E+01  5.4033E-04
 -1.5088E+01  4.6232E-04
 -1.5077E+01  3.7712E-04
 -1.5065E+01  2.9742E-04
 -1.5053E+01  2.3364E-04
 -1.5041E+01  1.9178E-04
 -1.5029E+01  1.7290E-04
 -1.5017E+01  1.7410E-04
 -1.5005E+01  1.9038E-04
 -1.4993E+01  2.1639E-04
 -1.4981E+01  2.4744E-04
 -1.4969E+01  2.7943E-04
 -1.4957E+01  3.0819E-04
 -1.4946E+01  3.2904E-04
 -1.4934E+01  3.3726E-04
 -1.4922E+01  3.2992E-04
 -1.4910E+01  3.0810E-04
 -1.4898E+01  2.7868E-04
 -1.4886E+01  2.5410E-04
 -1.4874E+01  2.4971E-04
 -1.4862E+01  2.7895E-04
 -1.4850E+01  3.4809E-04
 -1.4838E+01  4.5244E-04
 -1.4826E+01  5.7582E-04
 -1.4815E+01  6.9397E-04
 -1.4803E+01  7.8115E-04
 -1.4791E+01  8.1774E-04
 -1.4779E+01  7.9609E-04
 -1.4767E+01  7.2257E-04
 -1.4755E+01  6.1545E-04
 -1.4743E+01  4.9949E-04
 -1.4731E+01  3.9977E-04
 -1.4719E+01  3.3676E-04
 -1.4707E+01  3.2419E-04
 -1.4695E+01  3.6956E-04
 -1.4684E+01  4.7601E-04
 -1.4672E+01  6.4327E-04
 -1.4660E+01  8.6644E-04
 -1.4648E+01  1.1327E-03
 -1.4636E+01  1.4176E-03
 -1.4624E+01  1.6848E-03
 -1.4612E+01  1.8894E-03
 -1.4600E+01  1.9876E-03
 -1.4588E+01  1.9486E-03
 -1.4576E+01  1.7663E-03
 -1.4564E+01  1.4656E-03
 -1.4553E+01  1.1002E-03
 -1.4541E+01  7.4009E-04
 -1.4529E+01  4.5358E-04
 -1.4517E+01  2.8873E-04
 -1.4505E+01  2.6075E-04
 -1.4493E+01  3.4970E-04
 -1.4481E+01  5.0913E-04
 -1.4469E+01  6.8233E-04
 -1.4457E+01  8.2053E-04
 -1.4445E+01  8.9641E-04
 -1.4433E+01  9.0838E-04
 -1.4422E+01  8.7522E-04
 -1.4410E+01  8.2422E-04
 -1.4398E+01  7.7839E-04
 -1.4386E+01  7.4812E-04
 -1.4374E+01  7.2999E-04
 -1.4362E+01  7.1251E-04
 -1.4350E+01  6.8511E-04
 -1.4338E+01  6.4578E-04
 -1.4326E+01  6.0313E-04
 -1.4314E+01  5.7207E-04
 -1.4302E+01  5.6509E-04
 -1.4291E+01  5.8383E-04
 -1.4279E+01  6.1539E-04
 -1.4267E+01  6.3590E-04
 -1.4255E+01  6.2038E-04
 -1.4243E+01  5.5496E-04
 -1.4231E+01  4.4609E-04
 -1.4219E+01  3.2220E-04
 -1.4207E+01  2.2621E-04
 -1.4195E+01  2.0098E-04
 -1.4183E+01  2.7321E-04
 -1.4171E+01  4.4212E-04
 -1.4160E+01  6.7728E-04
 -1.4148E+01  9.2669E-04
 -1.4136E+01  1.1324E-03
 -1.4124E+01  1.2478E-03
 -1.4112E+01  1.2511E-03
 -1.4100E+01  1.1499E-03
 -1.4088E+01  9.7584E-04
 -1.4076E+01  7.7257E-04
 -1.4064E+01  5.8166E-04
 -1.4052E+01  4.3188E-04
 -1.4040E+01  3.3471E-04
 -1.4029E+01  2.8650E-04
 -1.4017E+01  2.7501E-04
 -1.4005E+01  2.8682E-04
 -1.3993E+01  3.1239E-04
 -1.3981E+01  3.4696E-04
 -1.3969E+01  3.8802E-04
 -1.3957E+01  4.3164E-04
 -1.3945E+01  4.7016E-04
 -1.3933E+01  4.9285E-04
 -1.3921E+01  4.8931E-04
 -1.3909E+01  4.5394E-04
 -1.3898E+01  3.8938E-04
 -1.3886E+01  3.0685E-04
 -1.3874E+01  2.2308E-04
 -1.3862E+01  1.5478E-04
 -1.3850E+01  1.1305E-04
 -1.3838E+01  9.9975E-05
 -1.3826E+01  1.0884E-04
 -1.3814E+01  1.2758E-04
 -1.3802E+01  1.4395E-04
 -1.3790E+01  1.5012E-04
 -1.3778E+01  1.4490E-04
 -1.3767E+01  1.3296E-04
 -1.3755E+01  1.2161E-04
 -1.3743E+01  1.1684E-04
 -1.3731E+01  1.2051E-04
 -1.3719E+01  1.2984E-04
 -1.3707E+01  1.3906E-04
 -1.3695E+01  1.4242E-04
 -1.3683E+01  1.3690E-04
 -1.3671E+01  1.2351E-04
 -1.3659E+01  1.0652E-04
 -1.3647E+01  9.1303E-05
 -1.3636E+01  8.1919E-05
 -1.3624E+01  7.9550E-05
 -1.3612E+01  8.2547E-05
 -1.3600E+01  8.7881E-05
 -1.3588E+01  9.3158E-05
 -1.3576E+01  9.8105E-05
 -1.3564E+01  1.0474E-04
 -1.3552E+01  1.1610E-04
 -1.3540E+01  1.3427E-04
 -1.3528E+01  1.5854E-04
 -1.3517E+01  1.8483E-04
 -1.3505E+01  2.0664E-04
 -1.3493E+01  2.1730E-04
 -1.3481E+01  2.1245E-04
 -1.3469E+01  1.9178E-04
 -1.3457E+01  1.5934E-04
 -1.3445E+01  1.2225E-04
 -1.3433E+01  8.8377E-05
 -1.3421E+01  6.3906E-05
 -1.3409E+01  5.1714E-05
 -1.3397E+01  5.1087E-05
 -1.3386E+01  5.8743E-05
 -1.3374E+01  7.0551E-05
 -1.3362E+01  8.3167E-05
 -1.3350E+01  9.4962E-05
 -1.3338E+01  1.0599E-04
 -1.3326E+01  1.1723E-04
 -1.3314E+01  1.2953E-04
 -1.3302E+01  1.4284E-04
 -1.3290E+01  1.5609E-04
 -1.3278E+01  1.6759E-04
 -1.3266E+01  1.7584E-04
 -1.3255E+01  1.8012E-04
 -1.3243E+01  1.8079E-04
 -1.3231E+01  1.7903E-04
 -1.3219E+01  1.7625E-04
 -1.3207E+01  1.7354E-04
 -1.3195E+01  1.7135E-04
 -1.3183E+01  1.6957E-04
 -1.3171E+01  1.6802E-04
 -1.3159E+01  1.6693E-04
 -1.3147E+01  1.6732E-04
 -1.3135E+01  1.7092E-04
 -1.3124E+01  1.7978E-04
 -1.3112E+01  1.9556E-04
 -1.3100E+01  2.1892E-04
 -1.3088E+01  2.4910E-04
 -1.3076E+01  2.8382E-04
 -1.3064E+01  3.1968E-04
 -1.3052E+01  3.5264E-04
 -1.3040E+01  3.7871E-04
 -1.3028E+01  3.9452E-04
 -1.3016E+01  3.9788E-04
 -1.3004E+01  3.8807E-04
 -1.2993E+01  3.6611E-04
 -1.2981E+01  3.3454E-04
 -1.2969E+01  2.9717E-04
 -1.2957E+01  2.5838E-04
 -1.2945E+01  2.2250E-04
 -1.2933E+01  1.9313E-04
 -1.2921E+01  1.7267E-04
 -1.2909E+01  1.6203E-04
 -1.2897E+01  1.6063E-04
 -1.2885E+01  1.6668E-04
 -1.2873E+01  1.7759E-04
 -1.2862E+01  1.9057E-04
 -1.2850E+01  2.0317E-04
 -1.2838E+01  2.1388E-04
 -1.2826E+01  2.2256E-04
 -1.2814E+01  2.3073E-04
 -1.2802E+01  2.4159E-04
 -1.2790E+01  2.5954E-04
 -1.2778E+01  2.8938E-04
 -1.2766E+01  3.3504E-04
 -1.2754E+01  3.9816E-04
 -1.2742E+01  4.7685E-04
 -1.2731E+01  5.6509E-04
 -1.2719E+01  6.5316E-04
 -1.2707E+01  7.2925E-04
 -1.2695E+01  7.8185E-04
 -1.2683E+01  8.0241E-04
 -1.2671E+01  7.8769E-04
 -1.2659E+01  7.4118E-04
 -1.2647E+01  6.7329E-04
 -1.2635E+01  5.9996E-04
 -1.2623E+01  5.4009E-04
 -1.2611E+01  5.1232E-04
 -1.2600E+01  5.3185E-04
 -1.2588E+01  6.0798E-04
 -1.2576E+01  7.4233E-04
 -1.2564E+01  9.2811E-04
 -1.2552E+01  1.1503E-03
 -1.2540E+01  1.3869E-03
 -1.2528E+01  1.6112E-03
 -1.2516E+01  1.7945E-03
 -1.2504E+01  1.9106E-03
 -1.2492E+01  1.9402E-03
 -1.2480E+01  1.8751E-03
 -1.2469E+01  1.7219E-03
 -1.2457E+01  1.5019E-03
 -1.2445E+01  1.2477E-03
 -1.2433E+01  9.9729E-04
 -1.2421E+01  7.8623E-04
 -1.2409E+01  6.4061E-04
 -1.2397E+01  5.7184E-04
 -1.2385E+01  5.7534E-04
 -1.2373E+01  6.3320E-04
 -1.2361E+01  7.2038E-04
 -1.2349E+01  8.1217E-04
 -1.2338E+01  8.9067E-04
 -1.2326E+01  9.4830E-04
 -1.2314E+01  9.8772E-04
 -1.2302E+01  1.0184E-03
 -1.2290E+01  1.0513E-03
 -1.2278E+01  1.0941E-03
 -1.2266E+01  1.1477E-03
 -1.2254E+01  1.2069E-03
 -1.2242E+01  1.2623E-03
 -1.2230E+01  1.3041E-03
 -1.2218E+01  1.3247E-03
 -1.2207E+01  1.3209E-03
 -1.2195E+01  1.2932E-03
 -1.2183E+01  1.2449E-03
 -1.2171E+01  1.1811E-03
 -1.2159E+01  1.1084E-03
 -1.2147E+01  1.0364E-03
 -1.2135E+01  9.7956E-04
 -1.2123E+01  9.5725E-04
 -1.2111E+01  9.9176E-04
 -1.2099E+01  1.1028E-03
 -1.2087E+01  1.3003E-03
 -1.2076E+01  1.5782E-03
 -1.2064E+01  1.9108E-03
 -1.2052E+01  2.2552E-03
 -1.2040E+01  2.5591E-03
 -1.2028E+01  2.7730E-03
 -1.2016E+01  2.8622E-03
 -1.2004E+01  2.8146E-03
 -1.1992E+01  2.6428E-03
 -1.1980E+01  2.3793E-03
 -1.1968E+01  2.0678E-03
 -1.1956E+01  1.7519E-03
 -1.1945E+01  1.4668E-03
 -1.1933E+01  1.2342E-03
 -1.1921E+01  1.0629E-03
 -1.1909E+01  9.5294E-04
 -1.1897E+01  8.9997E-04
 -1.1885E+01  8.9829E-04
 -1.1873E+01  9.4047E-04
 -1.1861E+01  1.0148E-03
 -1.1849E+01  1.1033E-03
 -1.1837E+01  1.1813E-03
 -1.1825E+01  1.2224E-03
 -1.1814E+01  1.2054E-03
 -1.1802E+01  1.1223E-03
 -1.1790E+01  9.8307E-04
 -1.1778E+01  8.1480E-04
 -1.1766E+01  6.5403E-04
 -1.1754E+01  5.3525E-04
 -1.1742E+01  4.7984E-04
 -1.1730E+01  4.8948E-04
 -1.1718E+01  5.4679E-04
 -1.1706E+01  6.2257E-04
 -1.1694E+01  6.8690E-04
 -1.1683E+01  7.1941E-04
 -1.1671E+01  7.1460E-04
 -1.1659E+01  6.8045E-04
 -1.1647E+01  6.3146E-04
 -1.1635E+01  5.8028E-04
 -1.1623E+01  5.3223E-04
 -1.1611E+01  4.8559E-04
 -1.1599E+01  4.3721E-04
 -1.1587E+01  3.9021E-04
 -1.1575E+01  3.5914E-04
 -1.1563E+01  3.6886E-04
 -1.1552E+01  4.4620E-04
 -1.1540E+01  6.0695E-04
 -1.1528E+01  8.4380E-04
 -1.1516E+01  1.1213E-03
 -1.1504E+01  1.3819E-03
 -1.1492E+01  1.5617E-03
 -1.1480E+01  1.6105E-03
 -1.1468E+01  1.5098E-03
 -1.1456E+01  1.2804E-03
 -1.1444E+01  9.7766E-04
 -1.1432E+01  6.7426E-04
 -1.1421E+01  4.3737E-04
 -1.1409E+01  3.0816E-04
 -1.1397E+01  2.9189E-04
 -1.1385E+01  3.6132E-04
 -1.1373E+01  4.7081E-04
 -1.1361E+01  5.7485E-04
 -1.1349E+01  6.4366E-04
 -1.1337E+01  6.6995E-04
 -1.1325E+01  6.6524E-04
 -1.1313E+01  6.4859E-04
 -1.1301E+01  6.3411E-04
 -1.1290E+01  6.2345E-04
 -1.1278E+01  6.0635E-04
 -1.1266E+01  5.6820E-04
 -1.1254E+01  5.0023E-04
 -1.1242E+01  4.0689E-04
 -1.1230E+01  3.0635E-04
 -1.1218E+01  2.2372E-04
 -1.1206E+01  1.8004E-04
 -1.1194E+01  1.8239E-04
 -1.1182E+01  2.1996E-04
 -1.1170E+01  2.6834E-04
 -1.1159E+01  3.0009E-04
 -1.1147E+01  2.9684E-04
 -1.1135E+01  2.5726E-04
 -1.1123E+01  1.9734E-04
 -1.1111E+01  1.4290E-04
 -1.1099E+01  1.1773E-04
 -1.1087E+01  1.3285E-04
 -1.1075E+01  1.8180E-04
 -1.1063E+01  2.4403E-04
 -1.1051E+01  2.9453E-04
 -1.1039E+01  3.1496E-04
 -1.1028E+01  3.0127E-04
 -1.1016E+01  2.6431E-04
 -1.1004E+01  2.2376E-04
 -1.0992E+01  1.9817E-04
 -1.0980E+01  1.9643E-04
 -1.0968E+01  2.1454E-04
 -1.0956E+01  2.3912E-04
 -1.0944E+01  2.5543E-04
 -1.0932E+01  2.5575E-04
 -1.0920E+01  2.4363E-04
 -1.0908E+01  2.3192E-04
 -1.0897E+01  2.3552E-04
 -1.0885E+01  2.6262E-04
 -1.0873E+01  3.0921E-04
 -1.0861E+01  3.5969E-04
 -1.0849E+01  3.9378E-04
 -1.0837E+01  3.9651E-04
 -1.0825E+01  3.6641E-04
 -1.0813E+01  3.1757E-04
 -1.0801E+01  2.7442E-04
 -1.0789E+01  2.6129E-04
 -1.0777E+01  2.9185E-04
 -1.0766E+01  3.6309E-04
 -1.0754E+01  4.5688E-04
 -1.0742E+01  5.4819E-04
 -1.0730E+01  6.1623E-04
 -1.0718E+01  6.5295E-04
 -1.0706E+01  6.6480E-04
 -1.0694E+01  6.6705E-04
 -1.0682E+01  6.7391E-04
 -1.0670E+01  6.8956E-04
 -1.0658E+01  7.0513E-04
 -1.0646E+01  7.0362E-04
 -1.0635E+01  6.7075E-04
 -1.0623E+01  6.0617E-04
 -1.0611E+01  5.2943E-04
 -1.0599E+01  4.7668E-04
 -1.0587E+01  4.8847E-04
 -1.0575E+01  5.9306E-04
 -1.0563E+01  7.9251E-04
 -1.0551E+01  1.0579E-03
 -1.0539E+01  1.3367E-03
 -1.0527E+01  1.5694E-03
 -1.0515E+01  1.7086E-03
 -1.0504E+01  1.7343E-03
 -1.0492E+01  1.6579E-03
 -1.0480E+01  1.5164E-03
 -1.0468E+01  1.3564E-03
 -1.0456E+01  1.2176E-03
 -1.0444E+01  1.1219E-03
 -1.0432E+01  1.0719E-03
 -1.0420E+01  1.0584E-03
 -1.0408E+01  1.0713E-03
 -1.0396E+01  1.1085E-03
 -1.0384E+01  1.1773E-03
 -1.0373E+01  1.2882E-03
 -1.0361E+01  1.4442E-03
 -1.0349E+01  1.6318E-03
 -1.0337E+01  1.8187E-03
 -1.0325E+01  1.9615E-03
 -1.0313E+01  2.0203E-03
 -1.0301E+01  1.9747E-03
 -1.0289E+01  1.8338E-03
 -1.0277E+01  1.6351E-03
 -1.0265E+01  1.4342E-03
 -1.0253E+01  1.2875E-03
 -1.0242E+01  1.2351E-03
 -1.0230E+01  1.2907E-03
 -1.0218E+01  1.4413E-03
 -1.0206E+01  1.6551E-03
 -1.0194E+01  1.8956E-03
 -1.0182E+01  2.1324E-03
 -1.0170E+01  2.3472E-03
 -1.0158E+01  2.5329E-03
 -1.0146E+01  2.6871E-03
 -1.0134E+01  2.8065E-03
 -1.0122E+01  2.8846E-03
 -1.0111E+01  2.9139E-03
 -1.0099E+01  2.8927E-03
 -1.0087E+01  2.8316E-03
 -1.0075E+01  2.7567E-03
 -1.0063E+01  2.7070E-03
 -1.0051E+01  2.7250E-03
 -1.0039E+01  2.8440E-03
 -1.0027E+01  3.0763E-03
 -1.0015E+01  3.4079E-03
 -1.0003E+01  3.7997E-03
 -9.9915E+00  4.1961E-03
 -9.9796E+00  4.5380E-03
 -9.9677E+00  4.7771E-03
 -9.9558E+00  4.8873E-03
 -9.9439E+00  4.8691E-03
 -9.9319E+00  4.7484E-03
 -9.9200E+00  4.5686E-03
 -9.9081E+00  4.3813E-03
 -9.8962E+00  4.2354E-03
 -9.8843E+00  4.1668E-03
 -9.8724E+00  4.1889E-03
 -9.8605E+00  4.2881E-03
 -9.8486E+00  4.4252E-03
 -9.8367E+00  4.5431E-03
 -9.8248E+00  4.5822E-03
 -9.8129E+00  4.4969E-03
 -9.8010E+00  4.2703E-03
 -9.7890E+00  3.9212E-03
 -9.7771E+00  3.4979E-03
 -9.7652E+00  3.0628E-03
 -9.7533E+00  2.6718E-03
 -9.7414E+00  2.3586E-03
 -9.7295E+00  2.1283E-03
 -9.7176E+00  1.9625E-03
 -9.7057E+00  1.8338E-03
 -9.6938E+00  1.7224E-03
 -9.6819E+00  1.6280E-03
 -9.6700E+00  1.5705E-03
 -9.6580E+00  1.5785E-03
 -9.6461E+00  1.6720E-03
 -9.6342E+00  1.8464E-03
 -9.6223E+00  2.0662E-03
 -9.6104E+00  2.2722E-03
 -9.5985E+00  2.4007E-03
 -9.5866E+00  2.4058E-03
 -9.5747E+00  2.2766E-03
 -9.5628E+00  2.0394E-03
 -9.5509E+00  1.7462E-03
 -9.5390E+00  1.4547E-03
 -9.5271E+00  1.2084E-03
 -9.5151E+00  1.0265E-03
 -9.5032E+00  9.0838E-04
 -9.4913E+00  8.4878E-04
 -9.4794E+00  8.5561E-04
 -9.4675E+00  9.5842E-04
 -9.4556E+00  1.2003E-03
 -9.4437E+00  1.6146E-03
 -9.4318E+00  2.1964E-03
 -9.4199E+00  2.8828E-03
 -9.4080E+00  3.5546E-03
 -9.3961E+00  4.0615E-03
 -9.3841E+00  4.2667E-03
 -9.3722E+00  4.0959E-03
 -9.3603E+00  3.5696E-03
 -9.3484E+00  2.8050E-03
 -9.3365E+00  1.9816E-03
 -9.3246E+00  1.2855E-03
 -9.3127E+00  8.5236E-04
 -9.3008E+00  7.3031E-04
 -9.2889E+00  8.7411E-04
 -9.2770E+00  1.1720E-03
 -9.2651E+00  1.4930E-03
 -9.2531E+00  1.7358E-03
 -9.2412E+00  1.8572E-03
 -9.2293E+00  1.8726E-03
 -9.2174E+00  1.8308E-03
 -9.2055E+00  1.7800E-03
 -9.1936E+00  1.7398E-03
 -9.1817E+00  1.6932E-03
 -9.1698E+00  1.6008E-03
 -9.1579E+00  1.4293E-03
 -9.1460E+00  1.1783E-03
 -9.1341E+00  8.9063E-04
 -9.1222E+00  6.4081E-04
 -9.1102E+00  5.0394E-04
 -9.0983E+00  5.2151E-04
 -9.0864E+00  6.7960E-04
 -9.0745E+00  9.1118E-04
 -9.0626E+00  1.1219E-03
 -9.0507E+00  1.2284E-03
 -9.0388E+00  1.1916E-03
 -9.0269E+00  1.0312E-03
 -9.0150E+00  8.1424E-04
 -9.0031E+00  6.2309E-04
 -8.9912E+00  5.1878E-04
 -8.9792E+00  5.1650E-04
 -8.9673E+00  5.8438E-04
 -8.9554E+00  6.6500E-04
 -8.9435E+00  7.0825E-04
 -8.9316E+00  6.9908E-04
 -8.9197E+00  6.6587E-04
 -8.9078E+00  6.6492E-04
 -8.8959E+00  7.4877E-04
 -8.8840E+00  9.3447E-04
 -8.8721E+00  1.1879E-03
 -8.8602E+00  1.4326E-03
 -8.8482E+00  1.5814E-03
 -8.8363E+00  1.5752E-03
 -8.8244E+00  1.4109E-03
 -8.8125E+00  1.1448E-03
 -8.8006E+00  8.6839E-04
 -8.7887E+00  6.6892E-04
 -8.7768E+00  5.9252E-04
 -8.7649E+00  6.2696E-04
 -8.7530E+00  7.1249E-04
 -8.7411E+00  7.7592E-04
 -8.7292E+00  7.7089E-04
 -8.7173E+00  7.0393E-04
 -8.7053E+00  6.3282E-04
 -8.6934E+00  6.3725E-04
 -8.6815E+00  7.7547E-04
 -8.6696E+00  1.0479E-03
 -8.6577E+00  1.3874E-03
 -8.6458E+00  1.6830E-03
 -8.6339E+00  1.8276E-03
 -8.6220E+00  1.7687E-03
 -8.6101E+00  1.5364E-03
 -8.5982E+00  1.2368E-03
 -8.5863E+00  1.0090E-03
 -8.5743E+00  9.6551E-04
 -8.5624E+00  1.1414E-03
 -8.5505E+00  1.4788E-03
 -8.5386E+00  1.8533E-03
 -8.5267E+00  2.1304E-03
 -8.5148E+00  2.2282E-03
 -8.5029E+00  2.1547E-03
 -8.4910E+00  2.0036E-03
 -8.4791E+00  1.9065E-03
 -8.4672E+00  1.9656E-03
 -8.4553E+00  2.1981E-03
 -8.4433E+00  2.5211E-03
 -8.4314E+00  2.7874E-03
 -8.4195E+00  2.8583E-03
 -8.4076E+00  2.6802E-03
 -8.3957E+00  2.3265E-03
 -8.3838E+00  1.9812E-03
 -8.3719E+00  1.8663E-03
 -8.3600E+00  2.1423E-03
 -8.3481E+00  2.8236E-03
 -8.3362E+00  3.7498E-03
 -8.3243E+00  4.6318E-03
 -8.3124E+00  5.1586E-03
 -8.3004E+00  5.1239E-03
 -8.2885E+00  4.5156E-03
 -8.2766E+00  3.5323E-03
 -8.2647E+00  2.5160E-03
 -8.2528E+00  1.8254E-03
 -8.2409E+00  1.6976E-03
 -8.2290E+00  2.1548E-03
 -8.2171E+00  2.9972E-03
 -8.2052E+00  3.8870E-03
 -8.1933E+00  4.4868E-03
 -8.1814E+00  4.5970E-03
 -8.1694E+00  4.2382E-03
 -8.1575E+00  3.6480E-03
 -8.1456E+00  3.1946E-03
 -8.1337E+00  3.2432E-03
 -8.1218E+00  4.0310E-03
 -8.1099E+00  5.6003E-03
 -8.0980E+00  7.8087E-03
 -8.0861E+00  1.0399E-02
 -8.0742E+00  1.3092E-02
 -8.0623E+00  1.5651E-02
 -8.0504E+00  1.7905E-02
 -8.0384E+00  1.9713E-02
 -8.0265E+00  2.0912E-02
 -8.0146E+00  2.1284E-02
 -8.0027E+00  2.0583E-02
 -7.9908E+00  1.8652E-02
 -7.9789E+00  1.5567E-02
 -7.9670E+00  1.1748E-02
 -7.9551E+00  7.9778E-03
 -7.9432E+00  5.2766E-03
 -7.9313E+00  4.6747E-03
 -7.9194E+00  6.9216E-03
 -7.9075E+00  1.2217E-02
 -7.8955E+00  2.0063E-02
 -7.8836E+00  2.9307E-02
 -7.8717E+00  3.8385E-02
 -7.8598E+00  4.5676E-02
 -7.8479E+00  4.9866E-02
 -7.8360E+00  5.0241E-02
 -7.8241E+00  4.6827E-02
 -7.8122E+00  4.0365E-02
 -7.8003E+00  3.2097E-02
 -7.7884E+00  2.3445E-02
 -7.7765E+00  1.5695E-02
 -7.7645E+00  9.7679E-03
 -7.7526E+00  6.1281E-03
 -7.7407E+00  4.8020E-03
 -7.7288E+00  5.4673E-03
 -7.7169E+00  7.5802E-03
 -7.7050E+00  1.0504E-02
 -7.6931E+00  1.3609E-02
 -7.6812E+00  1.6329E-02
 -7.6693E+00  1.8208E-02
 -7.6574E+00  1.8936E-02
 -7.6455E+00  1.8394E-02
 -7.6335E+00  1.6677E-02
 -7.6216E+00  1.4076E-02
 -7.6097E+00  1.1025E-02
 -7.5978E+00  8.0103E-03
 -7.5859E+00  5.4740E-03
 -7.5740E+00  3.7168E-03
 -7.5621E+00  2.8387E-03
 -7.5502E+00  2.7322E-03
 -7.5383E+00  3.1354E-03
 -7.5264E+00  3.7232E-03
 -7.5145E+00  4.2032E-03
 -7.5026E+00  4.3861E-03
 -7.4906E+00  4.2133E-03
 -7.4787E+00  3.7420E-03
 -7.4668E+00  3.1013E-03
 -7.4549E+00  2.4392E-03
 -7.4430E+00  1.8807E-03
 -7.4311E+00  1.5104E-03
 -7.4192E+00  1.3758E-03
 -7.4073E+00  1.5007E-03
 -7.3954E+00  1.8945E-03
 -7.3835E+00  2.5486E-03
 -7.3716E+00  3.4227E-03
 -7.3596E+00  4.4315E-03
 -7.3477E+00  5.4417E-03
 -7.3358E+00  6.2883E-03
 -7.3239E+00  6.8080E-03
 -7.3120E+00  6.8835E-03
 -7.3001E+00  6.4836E-03
 -7.2882E+00  5.6800E-03
 -7.2763E+00  4.6318E-03
 -7.2644E+00  3.5414E-03
 -7.2525E+00  2.5999E-03
 -7.2406E+00  1.9409E-03
 -7.2286E+00  1.6147E-03
 -7.2167E+00  1.5895E-03
 -7.2048E+00  1.7751E-03
 -7.1929E+00  2.0596E-03
 -7.1810E+00  2.3443E-03
 -7.1691E+00  2.5640E-03
 -7.1572E+00  2.6897E-03
 -7.1453E+00  2.7184E-03
 -7.1334E+00  2.6596E-03
 -7.1215E+00  2.5239E-03
 -7.1096E+00  2.3195E-03
 -7.0977E+00  2.0550E-03
 -7.0857E+00  1.7468E-03
 -7.0738E+00  1.4232E-03
 -7.0619E+00  1.1217E-03
 -7.0500E+00  8.7973E-04
 -7.0381E+00  7.2090E-04
 -7.0262E+00  6.4628E-04
 -7.0143E+00  6.3349E-04
 -7.0024E+00  6.4518E-04
 -6.9905E+00  6.4346E-04
 -6.9786E+00  6.0429E-04
 -6.9667E+00  5.2608E-04
 -6.9547E+00  4.2871E-04
 -6.9428E+00  3.4378E-04
 -6.9309E+00  3.0062E-04
 -6.9190E+00  3.1431E-04
 -6.9071E+00  3.8034E-04
 -6.8952E+00  4.7739E-04
 -6.8833E+00  5.7621E-04
 -6.8714E+00  6.5070E-04
 -6.8595E+00  6.8644E-04
 -6.8476E+00  6.8358E-04
 -6.8357E+00  6.5379E-04
 -6.8237E+00  6.1358E-04
 -6.8118E+00  5.7780E-04
 -6.7999E+00  5.5590E-04
 -6.7880E+00  5.5177E-04
 -6.7761E+00  5.6605E-04
 -6.7642E+00  5.9861E-04
 -6.7523E+00  6.4944E-04
 -6.7404E+00  7.1741E-04
 -6.7285E+00  7.9773E-04
 -6.7166E+00  8.8003E-04
 -6.7047E+00  9.4895E-04
 -6.6928E+00  9.8784E-04
 -6.6808E+00  9.8437E-04
 -6.6689E+00  9.3539E-04
 -6.6570E+00  8.4881E-04
 -6.6451E+00  7.4189E-04
 -6.6332E+00  6.3658E-04
 -6.6213E+00  5.5358E-04
 -6.6094E+00  5.0693E-04
 -6.5975E+00  5.0106E-04
 -6.5856E+00  5.3123E-04
 -6.5737E+00  5.8641E-04
 -6.5618E+00  6.5301E-04
 -6.5498E+00  7.1789E-04
 -6.5379E+00  7.7023E-04
 -6.5260E+00  8.0250E-04
 -6.5141E+00  8.1111E-04
 -6.5022E+00  7.9726E-04
 -6.4903E+00  7.6776E-04
 -6.4784E+00  7.3543E-04
 -6.4665E+00  7.1787E-04
 -6.4546E+00  7.3389E-04
 -6.4427E+00  7.9789E-04
 -6.4308E+00  9.1395E-04
 -6.4188E+00  1.0723E-03
 -6.4069E+00  1.2504E-03
 -6.3950E+00  1.4177E-03
 -6.3831E+00  1.5444E-03
 -6.3712E+00  1.6091E-03
 -6.3593E+00  1.6051E-03
 -6.3474E+00  1.5415E-03
 -6.3355E+00  1.4398E-03
 -6.3236E+00  1.3277E-03
 -6.3117E+00  1.2322E-03
 -6.2998E+00  1.1767E-03
 -6.2879E+00  1.1807E-03
 -6.2759E+00  1.2618E-03
 -6.2640E+00  1.4354E-03
 -6.2521E+00  1.7116E-03
 -6.2402E+00  2.0881E-03
 -6.2283E+00  2.5418E-03
 -6.2164E+00  3.0247E-03
 -6.2045E+00  3.4667E-03
 -6.1926E+00  3.7897E-03
 -6.1807E+00  3.9297E-03
 -6.1688E+00  3.8588E-03
 -6.1569E+00  3.5988E-03
 -6.1449E+00  3.2175E-03
 -6.1330E+00  2.8106E-03
 -6.1211E+00  2.4742E-03
 -6.1092E+00  2.2782E-03
 -6.0973E+00  2.2498E-03
 -6.0854E+00  2.3763E-03
 -6.0735E+00  2.6275E-03
 -6.0616E+00  2.9878E-03
 -6.0497E+00  3.4862E-03
 -6.0378E+00  4.2083E-03
 -6.0259E+00  5.2829E-03
 -6.0140E+00  6.8448E-03
 -6.0020E+00  8.9839E-03
 -5.9901E+00  1.1698E-02
 -5.9782E+00  1.4870E-02
 -5.9663E+00  1.8269E-02
 -5.9544E+00  2.1583E-02
 -5.9425E+00  2.4470E-02
 -5.9306E+00  2.6615E-02
 -5.9187E+00  2.7792E-02
 -5.9068E+00  2.7909E-02
 -5.8949E+00  2.7023E-02
 -5.8830E+00  2.5338E-02
 -5.8710E+00  2.3187E-02
 -5.8591E+00  2.1014E-02
 -5.8472E+00  1.9353E-02
 -5.8353E+00  1.8775E-02
 -5.8234E+00  1.9814E-02
 -5.8115E+00  2.2851E-02
 -5.7996E+00  2.8011E-02
 -5.7877E+00  3.5069E-02
 -5.7758E+00  4.3415E-02
 -5.7639E+00  5.2101E-02
 -5.7520E+00  5.9985E-02
 -5.7400E+00  6.5953E-02
 -5.7281E+00  6.9136E-02
 -5.7162E+00  6.9076E-02
 -5.7043E+00  6.5794E-02
 -5.6924E+00  5.9780E-02
 -5.6805E+00  5.1902E-02
 -5.6686E+00  4.3241E-02
 -5.6567E+00  3.4891E-02
 -5.6448E+00  2.7763E-02
 -5.6329E+00  2.2455E-02
 -5.6210E+00  1.9213E-02
 -5.6091E+00  1.7961E-02
 -5.5971E+00  1.8369E-02
 -5.5852E+00  1.9934E-02
 -5.5733E+00  2.2067E-02
 -5.5614E+00  2.4167E-02
 -5.5495E+00  2.5692E-02
 -5.5376E+00  2.6230E-02
 -5.5257E+00  2.5567E-02
 -5.5138E+00  2.3735E-02
 -5.5019E+00  2.1021E-02
 -5.4900E+00  1.7904E-02
 -5.4781E+00  1.4934E-02
 -5.4661E+00  1.2589E-02
 -5.4542E+00  1.1154E-02
 -5.4423E+00  1.0653E-02
 -5.4304E+00  1.0856E-02
 -5.4185E+00  1.1357E-02
 -5.4066E+00  1.1709E-02
 -5.3947E+00  1.1558E-02
 -5.3828E+00  1.0750E-02
 -5.3709E+00  9.3455E-03
 -5.3590E+00  7.5799E-03
 -5.3471E+00  5.7760E-03
 -5.3351E+00  4.2609E-03
 -5.3232E+00  3.3078E-03
 -5.3113E+00  3.1130E-03
 -5.2994E+00  3.8033E-03
 -5.2875E+00  5.4480E-03
 -5.2756E+00  8.0482E-03
 -5.2637E+00  1.1491E-02
 -5.2518E+00  1.5492E-02
 -5.2399E+00  1.9562E-02
 -5.2280E+00  2.3056E-02
 -5.2161E+00  2.5290E-02
 -5.2042E+00  2.5718E-02
 -5.1922E+00  2.4099E-02
 -5.1803E+00  2.0630E-02
 -5.1684E+00  1.5947E-02
 -5.1565E+00  1.1005E-02
 -5.1446E+00  6.8183E-03
 -5.1327E+00  4.1733E-03
 -5.1208E+00  3.4134E-03
 -5.1089E+00  4.3690E-03
 -5.0970E+00  6.4506E-03
 -5.0851E+00  8.8644E-03
 -5.0732E+00  1.0877E-02
 -5.0612E+00  1.2034E-02
 -5.0493E+00  1.2249E-02
 -5.0374E+00  1.1737E-02
 -5.0255E+00  1.0856E-02
 -5.0136E+00  9.9135E-03
 -5.0017E+00  9.0530E-03
 -4.9898E+00  8.2332E-03
 -4.9779E+00  7.3089E-03
 -4.9660E+00  6.1634E-03
 -4.9541E+00  4.8213E-03
 -4.9422E+00  3.4795E-03
 -4.9302E+00  2.4383E-03
 -4.9183E+00  1.9657E-03
 -4.9064E+00  2.1603E-03
 -4.8945E+00  2.8832E-03
 -4.8826E+00  3.7964E-03
 -4.8707E+00  4.4933E-03
 -4.8588E+00  4.6655E-03
 -4.8469E+00  4.2279E-03
 -4.8350E+00  3.3488E-03
 -4.8231E+00  2.3680E-03
 -4.8112E+00  1.6413E-03
 -4.7993E+00  1.3822E-03
 -4.7873E+00  1.5750E-03
 -4.7754E+00  1.9988E-03
 -4.7635E+00  2.3454E-03
 -4.7516E+00  2.3761E-03
 -4.7397E+00  2.0391E-03
 -4.7278E+00  1.4944E-03
 -4.7159E+00  1.0310E-03
 -4.7040E+00  9.1974E-04
 -4.6921E+00  1.2745E-03
 -4.6802E+00  1.9900E-03
 -4.6683E+00  2.7854E-03
 -4.6563E+00  3.3352E-03
 -4.6444E+00  3.4236E-03
 -4.6325E+00  3.0477E-03
 -4.6206E+00  2.4161E-03
 -4.6087E+00  1.8434E-03
 -4.5968E+00  1.5948E-03
 -4.5849E+00  1.7563E-03
 -4.5730E+00  2.1950E-03
 -4.5611E+00  2.6315E-03
 -4.5492E+00  2.7913E-03
 -4.5373E+00  2.5603E-03
 -4.5253E+00  2.0620E-03
 -4.5134E+00  1.6157E-03
 -4.5015E+00  1.5920E-03
 -4.4896E+00  2.2290E-03
 -4.4777E+00  3.4989E-03
 -4.4658E+00  5.0930E-03
 -4.4539E+00  6.5409E-03
 -4.4420E+00  7.4081E-03
 -4.4301E+00  7.4800E-03
 -4.4182E+00  6.8467E-03
 -4.4063E+00  5.8497E-03
 -4.3944E+00  4.9157E-03
 -4.3824E+00  4.3555E-03
 -4.3705E+00  4.2284E-03
 -4.3586E+00  4.3425E-03
 -4.3467E+00  4.3929E-03
 -4.3348E+00  4.1674E-03
 -4.3229E+00  3.7116E-03
 -4.3110E+00  3.3610E-03
 -4.2991E+00  3.6045E-03
 -4.2872E+00  4.8354E-03
 -4.2753E+00  7.1062E-03
 -4.2634E+00  1.0013E-02
 -4.2514E+00  1.2776E-02
 -4.2395E+00  1.4514E-02
 -4.2276E+00  1.4597E-02
 -4.2157E+00  1.2934E-02
 -4.2038E+00  1.0046E-02
 -4.1919E+00  6.8823E-03
 -4.1800E+00  4.4510E-03
 -4.1681E+00  3.4281E-03
 -4.1562E+00  3.9036E-03
 -4.1443E+00  5.3758E-03
 -4.1324E+00  7.0032E-03
 -4.1204E+00  8.0072E-03
 -4.1085E+00  8.0381E-03
 -4.0966E+00  7.3303E-03
 -4.0847E+00  6.5795E-03
 -4.0728E+00  6.5959E-03
 -4.0609E+00  7.8895E-03
 -4.0490E+00  1.0378E-02
 -4.0371E+00  1.3365E-02
 -4.0252E+00  1.5812E-02
 -4.0133E+00  1.6789E-02
 -4.0014E+00  1.5912E-02
 -3.9895E+00  1.3563E-02
 -3.9775E+00  1.0805E-02
 -3.9656E+00  9.0048E-03
 -3.9537E+00  9.3256E-03
 -3.9418E+00  1.2298E-02
 -3.9299E+00  1.7656E-02
 -3.9180E+00  2.4489E-02
 -3.9061E+00  3.1614E-02
 -3.8942E+00  3.8004E-02
 -3.8823E+00  4.3081E-02
 -3.8704E+00  4.6756E-02
 -3.8585E+00  4.9224E-02
 -3.8465E+00  5.0637E-02
 -3.8346E+00  5.0869E-02
 -3.8227E+00  4.9524E-02
 -3.8108E+00  4.6242E-02
 -3.7989E+00  4.1146E-02
 -3.7870E+00  3.5182E-02
 -3.7751E+00  3.0149E-02
 -3.7632E+00  2.8332E-02
 -3.7513E+00  3.1825E-02
 -3.7394E+00  4.1724E-02
 -3.7275E+00  5.7505E-02
 -3.7155E+00  7.6873E-02
 -3.7036E+00  9.6222E-02
 -3.6917E+00  1.1156E-01
 -3.6798E+00  1.1957E-01
 -3.6679E+00  1.1854E-01
 -3.6560E+00  1.0879E-01
 -3.6441E+00  9.2688E-02
 -3.6322E+00  7.3924E-02
 -3.6203E+00  5.6527E-02
 -3.6084E+00  4.3779E-02
 -3.5965E+00  3.7502E-02
 -3.5846E+00  3.7843E-02
 -3.5726E+00  4.3492E-02
 -3.5607E+00  5.2211E-02
 -3.5488E+00  6.1500E-02
 -3.5369E+00  6.9187E-02
 -3.5250E+00  7.3800E-02
 -3.5131E+00  7.4644E-02
 -3.5012E+00  7.1720E-02
 -3.4893E+00  6.5576E-02
 -3.4774E+00  5.7157E-02
 -3.4655E+00  4.7622E-02
 -3.4536E+00  3.8139E-02
 -3.4416E+00  2.9720E-02
 -3.4297E+00  2.3105E-02
 -3.4178E+00  1.8695E-02
 -3.4059E+00  1.6505E-02
 -3.3940E+00  1.6196E-02
 -3.3821E+00  1.7173E-02
 -3.3702E+00  1.8734E-02
 -3.3583E+00  2.0220E-02
 -3.3464E+00  2.1116E-02
 -3.3345E+00  2.1118E-02
 -3.3226E+00  2.0150E-02
 -3.3106E+00  1.8334E-02
 -3.2987E+00  1.5943E-02
 -3.2868E+00  1.3332E-02
 -3.2749E+00  1.0891E-02
 -3.2630E+00  8.9737E-03
 -3.2511E+00  7.8204E-03
 -3.2392E+00  7.4818E-03
 -3.2273E+00  7.7819E-03
 -3.2154E+00  8.3522E-03
 -3.2035E+00  8.7441E-03
 -3.1916E+00  8.5920E-03
 -3.1797E+00  7.7692E-03
 -3.1677E+00  6.4681E-03
 -3.1558E+00  5.1561E-03
 -3.1439E+00  4.4030E-03
 -3.1320E+00  4.6386E-03
 -3.1201E+00  5.9459E-03
 -3.1082E+00  7.9875E-03
 -3.0963E+00  1.0108E-02
 -3.0844E+00  1.1583E-02
 -3.0725E+00  1.1916E-02
 -3.0606E+00  1.1063E-02
 -3.0487E+00  9.4634E-03
 -3.0367E+00  7.8581E-03
 -3.0248E+00  6.9617E-03
 -3.0129E+00  7.1486E-03
 -3.0010E+00  8.2854E-03
 -2.9891E+00  9.7892E-03
 -2.9772E+00  1.0894E-02
 -2.9653E+00  1.1012E-02
 -2.9534E+00  1.0015E-02
 -2.9415E+00  8.3049E-03
 -2.9296E+00  6.6287E-03
 -2.9177E+00  5.7443E-03
 -2.9058E+00  6.0650E-03
 -2.8938E+00  7.4571E-03
 -2.8819E+00  9.2908E-03
 -2.8700E+00  1.0730E-02
 -2.8581E+00  1.1119E-02
 -2.8462E+00  1.0286E-02
 -2.8343E+00  8.6247E-03
 -2.8224E+00  6.9088E-03
 -2.8105E+00  5.9265E-03
 -2.7986E+00  6.0992E-03
 -2.7867E+00  7.2807E-03
 -2.7748E+00  8.8336E-03
 -2.7628E+00  9.9451E-03
 -2.7509E+00  1.0031E-02
 -2.7390E+00  9.0402E-03
 -2.7271E+00  7.4947E-03
 -2.7152E+00  6.2452E-03
 -2.7033E+00  6.0507E-03
 -2.6914E+00  7.1962E-03
 -2.6795E+00  9.3267E-03
 -2.6676E+00  1.1583E-02
 -2.6557E+00  1.2989E-02
 -2.6438E+00  1.2911E-02
 -2.6318E+00  1.1356E-02
 -2.6199E+00  8.9617E-03
 -2.6080E+00  6.7011E-03
 -2.5961E+00  5.4358E-03
 -2.5842E+00  5.5296E-03
 -2.5723E+00  6.7007E-03
 -2.5604E+00  8.1952E-03
 -2.5485E+00  9.1914E-03
 -2.5366E+00  9.2203E-03
 -2.5247E+00  8.3917E-03
 -2.5128E+00  7.3183E-03
 -2.5009E+00  6.7699E-03
 -2.4889E+00  7.2304E-03
 -2.4770E+00  8.5990E-03
 -2.4651E+00  1.0209E-02
 -2.4532E+00  1.1169E-02
 -2.4413E+00  1.0868E-02
 -2.4294E+00  9.3882E-03
 -2.4175E+00  7.6046E-03
 -2.4056E+00  6.8527E-03
 -2.3937E+00  8.3192E-03
 -2.3818E+00  1.2442E-02
 -2.3699E+00  1.8601E-02
 -2.3579E+00  2.5251E-02
 -2.3460E+00  3.0508E-02
 -2.3341E+00  3.2937E-02
 -2.3222E+00  3.2156E-02
 -2.3103E+00  2.8940E-02
 -2.2984E+00  2.4798E-02
 -2.2865E+00  2.1263E-02
 -2.2746E+00  1.9226E-02
 -2.2627E+00  1.8631E-02
 -2.2508E+00  1.8692E-02
 -2.2389E+00  1.8539E-02
 -2.2269E+00  1.7962E-02
 -2.2150E+00  1.7810E-02
 -2.2031E+00  1.9796E-02
 -2.1912E+00  2.5693E-02
 -2.1793E+00  3.6249E-02
 -2.1674E+00  5.0406E-02
 -2.1555E+00  6.5222E-02
 -2.1436E+00  7.6628E-02
 -2.1317E+00  8.0842E-02
 -2.1198E+00  7.5998E-02
 -2.1079E+00  6.3207E-02
 -2.0960E+00  4.6318E-02
 -2.0840E+00  3.0468E-02
 -2.0721E+00  2.0155E-02
 -2.0602E+00  1.7618E-02
 -2.0483E+00  2.2025E-02
 -2.0364E+00  2.9909E-02
 -2.0245E+00  3.6833E-02
 -2.0126E+00  3.9513E-02
 -2.0007E+00  3.7299E-02
 -1.9888E+00  3.2437E-02
 -1.9769E+00  2.9066E-02
 -1.9650E+00  3.1215E-02
 -1.9530E+00  4.0580E-02
 -1.9411E+00  5.5289E-02
 -1.9292E+00  7.0370E-02
 -1.9173E+00  7.9689E-02
 -1.9054E+00  7.8733E-02
 -1.8935E+00  6.7233E-02
 -1.8816E+00  5.0304E-02
 -1.8697E+00  3.7367E-02
 -1.8578E+00  3.9511E-02
 -1.8459E+00  6.6336E-02
 -1.8340E+00  1.2296E-01
 -1.8220E+00  2.0826E-01
 -1.8101E+00  3.1563E-01
 -1.7982E+00  4.3539E-01
 -1.7863E+00  5.5618E-01
 -1.7744E+00  6.6507E-01
 -1.7625E+00  7.4871E-01
 -1.7506E+00  7.9682E-01
 -1.7387E+00  8.0387E-01
 -1.7268E+00  7.6689E-01
 -1.7149E+00  6.8427E-01
 -1.7030E+00  5.6058E-01
 -1.6911E+00  4.1397E-01
 -1.6791E+00  2.7649E-01
 -1.6672E+00  1.8673E-01
 -1.6553E+00  1.8225E-01
 -1.6434E+00  2.9265E-01
 -1.6315E+00  5.2855E-01
 -1.6196E+00  8.7415E-01
 -1.6077E+00  1.2929E+00
 -1.5958E+00  1.7325E+00
 -1.5839E+00  2.1197E+00
 -1.5720E+00  2.3758E+00
 -1.5601E+00  2.4606E+00
 -1.5481E+00  2.3805E+00
 -1.5362E+00  2.1481E+00
 -1.5243E+00  1.7832E+00
 -1.5124E+00  1.3523E+00
 -1.5005E+00  9.4001E-01
 -1.4886E+00  5.9591E-01
 -1.4767E+00  3.4688E-01
 -1.4648E+00  2.1237E-01
 -1.4529E+00  1.9030E-01
 -1.4410E+00  2.6223E-01
 -1.4291E+00  3.6296E-01
 -1.4171E+00  7.5697E-01
 -1.4052E+00  4.1890E-01
 -1.3933E+00  1.8446E+00
 -1.3814E+00  3.5933E-01
 -1.3695E+00  2.8824E-01
 -1.3576E+00  2.1134E+00
 -1.3457E+00  2.4602E-01
 -1.3338E+00  1.5050E-01
 -1.3219E+00  6.3363E-01
 -1.3100E+00  3.1819E-01
 -1.2981E+00  6.1394E-02
 -1.2862E+00  2.0873E-01
 -1.2742E+00  1.1344E-01
 -1.2623E+00  7.5157E-02
 -1.2504E+00  1.7610E-02
 -1.2385E+00  2.2482E-02
 -1.2266E+00  1.7449E-01
 -1.2147E+00  4.0469E-02
 -1.2028E+00  1.6298E-02
 -1.1909E+00  5.5839E-02
 -1.1790E+00  4.2847E-01
 -1.1671E+00  6.5906E-02
 -1.1552E+00  2.4544E-02
 -1.1432E+00  3.5720E-02
 -1.1313E+00  1.0064E-02
 -1.1194E+00  3.9959E-03
 -1.1075E+00  2.9107E-03
 -1.0956E+00  2.0408E-03
 -1.0837E+00  1.6648E-03
 -1.0718E+00  1.4280E-03
 -1.0599E+00  1.3815E-03
 -1.0480E+00  1.8664E-03
 -1.0361E+00  7.6120E-02
 -1.0242E+00  1.1108E-01
 -1.0122E+00  4.0831E-03
 -1.0003E+00  1.3790E-01
 -9.8843E-01  1.4078E-02
 -9.7652E-01  3.4694E-02
 -9.6461E-01  1.7920E-02
 -9.5271E-01  3.9997E-03
 -9.4080E-01  3.0239E-03
 -9.2889E-01  1.5363E-03
 -9.1698E-01  1.0384E-03
 -9.0507E-01  9.0048E-04
 -8.9316E-01  8.4900E-04
 -8.8125E-01  1.8819E-03
 -8.6934E-01  5.9684E-04
 -8.5743E-01  5.6417E-04
 -8.4553E-01  6.7244E-04
 -8.3362E-01  1.0551E-03
 -8.2171E-01  3.3676E-03
 -8.0980E-01  2.2892E-02
 -7.9789E-01  5.3520E-04
 -7.8598E-01  2.0417E-04
 -7.7407E-01  1.8615E-04
 -7.6216E-01  2.1180E-04
 -7.5026E-01  2.7065E-03
 -7.3835E-01  2.9980E-04
 -7.2644E-01  3.1546E-04
 -7.1453E-01  5.5937E-03
 -7.0262E-01  4.7344E-04
 -6.9071E-01  4.5466E-04
 -6.7880E-01  3.6881E-03
 -6.6689E-01  3.2380E-04
 -6.5498E-01  8.1358E-04
 -6.4308E-01  2.1260E-04
 -6.3117E-01  1.6715E-04
 -6.1926E-01  1.2894E-04
 -6.0735E-01  1.0963E-04
 -5.9544E-01  1.0525E-04
 -5.8353E-01  1.9485E-04
 -5.7162E-01  2.0730E-04
 -5.5971E-01  2.4744E-03
 -5.4781E-01  3.4844E-04
 -5.3590E-01  5.5338E-03
 -5.2399E-01  4.9234E-04
 -5.1208E-01  6.8675E-04
 -5.0017E-01  2.3505E-03
 -4.8826E-01  4.9997E-04
 -4.7635E-01  1.6723E-03
 -4.6444E-01  1.3018E-03
 -4.5253E-01  8.9895E-04
 -4.4063E-01  1.9476E-03
 -4.2872E-01  1.6501E-03
 -4.1681E-01  1.5529E-03
 -4.0490E-01  1.9698E-03
 -3.9299E-01  3.0907E-03
 -3.8108E-01  4.1447E-03
 -3.6917E-01  1.4458E-02
 -3.5726E-01  1.1040E-01
 -3.4536E-01  2.2406E-02
 -3.3345E-01  4.1019E-02
 -3.2154E-01  2.1230E-03
 -3.0963E-01  1.6776E-02
 -2.9772E-01  1.2677E-02
 -2.8581E-01  1.0397E-03
 -2.7390E-01  1.5691E-03
 -2.6199E-01  1.8561E-02
 -2.5009E-01  5.7229E-03
 -2.3818E-01  2.3938E-03
 -2.2627E-01  1.0377E-02
 -2.1436E-01  7.5315E-03
 -2.0245E-01  8.1751E-03
 -1.9054E-01  9.3999E-03
 -1.7863E-01  1.2811E-03
 -1.6672E-01  2.7557E-03
 -1.5481E-01  2.6043E-03
 -1.4291E-01  1.2031E-03
 -1.3100E-01  2.0762E-02
 -1.1909E-01  2.4562E-03
 -1.0718E-01  7.5573E-04
 -9.5271E-02  6.9800E-04
 -8.3362E-02  1.2002E-03
 -7.1453E-02  1.2695E-02
 -5.9544E-02  2.4057E-03
 -4.7635E-02  1.3749E-03
 -3.5726E-02  1.2808E-03
 -2.3818E-02  1.1885E-03
 -1.1909E-02  1.0180E-03
  0.0000E+00  7.9755E-04
  1.1909E-02  6.0244E-04
  2.3818E-02  5.1497E-04
  3.5726E-02  6.3115E-04
  4.7635E-02  1.2744E-03
  5.9544E-02  6.2793E-03
  7.1453E-02  5.9714E-02
  8.3362E-02  9.5914E-03
  9.5271E-02  3.1710E-03
  1.0718E-01  2.4071E-03
  1.1909E-01  4.7903E-03
  1.3100E-01  1.9024E-01
  1.4291E-01  4.8094E-03
  1.5481E-01  7.3265E-03
  1.6672E-01  4.6410E-02
  1.7863E-01  2.0425E-02
  1.9054E-01  2.8374E-02
  2.0245E-01  2.9837E-01
  2.1436E-01  1.3503E-02
  2.2627E-01  3.0187E-01
  2.3818E-01  9.8729E-03
  2.5009E-01  5.3505E-02
  2.6199E-01  2.8278E-01
  2.7390E-01  7.2140E-02
  2.8581E-01  7.4395E-02
  2.9772E-01  8.8962E-02
  3.0963E-01  8.9585E-02
  3.2154E-01  4.0951E-02
  3.3345E-01  7.5958E-01
  3.4536E-01  1.0693E+00
  3.5726E-01  3.3761E+00
  3.6917E-01  6.0631E-02
  3.8108E-01  2.8651E-02
  3.9299E-01  2.5906E-02
  4.0490E-01  2.5741E-02
  4.1681E-01  2.6595E-02
  4.2872E-01  2.8068E-02
  4.4063E-01  3.0060E-02
  4.5253E-01  3.2368E-02
  4.6444E-01  3.5018E-02
  4.7635E-01  3.7434E-02
  4.8826E-01  3.8644E-02
  5.0017E-01  4.0273E-02
  5.1208E-01  3.7767E-02
  5.2399E-01  3.4633E-02
  5.3590E-01  3.3072E-02
  5.4781E-01  2.4367E-02
  5.5971E-01  1.9467E-02
  5.7162E-01  1.2929E-02
  5.8353E-01  8.6428E-03
  5.9544E-01  5.8812E-03
  6.0735E-01  4.9957E-03
  6.1926E-01  5.5616E-03
  6.3117E-01  7.7504E-03
  6.4308E-01  9.5555E-03
  6.5498E-01  1.5774E-02
  6.6689E-01  1.3694E-02
  6.7880E-01  3.5614E-02
  6.9071E-01  1.9359E-02
  7.0262E-01  2.2971E-02
  7.1453E-01  5.6363E-01
  7.2644E-01  3.5936E-02
  7.3835E-01  4.5095E-02
  7.5026E-01  3.4517E+00
  7.6216E-01  6.7506E-02
  7.7407E-01  2.2115E-02
  7.8598E-01  1.8280E-02
  7.9789E-01  3.5646E-02
  8.0980E-01  1.3568E+00
  8.2171E-01  2.2924E-01
  8.3362E-01  7.4752E-02
  8.4553E-01  4.1757E-02
  8.5743E-01  2.8222E-02
  8.6934E-01  4.1500E-02
  8.8125E-01  1.4853E-01
  8.9316E-01  7.2177E-03
  9.0507E-01  3.8307E-03
  9.1698E-01  9.6758E-03
  9.2889E-01  9.0189E-03
  9.4080E-01  3.2505E-03
  9.5271E-01  1.5987E-03
  9.6461E-01  2.9571E-03
  9.7652E-01  3.3317E-03
  9.8843E-01  6.2151E-03
  1.0003E+00  3.1622E-02
  1.0122E+00  4.2042E-02
  1.0242E+00  4.6427E-02
  1.0361E+00  8.4322E-01
  1.0480E+00  9.1874E-03
  1.0599E+00  5.0285E-03
  1.0718E+00  4.1738E-03
  1.0837E+00  4.0984E-03
  1.0956E+00  4.7713E-03
  1.1075E+00  1.3763E-02
  1.1194E+00  3.1728E-02
  1.1313E+00  1.3286E-02
  1.1432E+00  4.2860E-02
  1.1552E+00  1.7130E-01
  1.1671E+00  5.3290E-02
  1.1790E+00  6.9146E-02
  1.1909E+00  1.3766E-01
  1.2028E+00  4.6635E-02
  1.2147E+00  4.7715E-01
  1.2266E+00  3.7402E-02
  1.2385E+00  5.2544E-02
  1.2504E+00  1.8163E-02
  1.2623E+00  4.0265E-02
  1.2742E+00  4.2716E-02
  1.2862E+00  6.8180E-02
  1.2981E+00  8.8251E-02
  1.3100E+00  1.4884E-01
  1.3219E+00  3.7879E-02
  1.3338E+00  7.0647E-02
  1.3457E+00  3.0911E-02
  1.3576E+00  4.4526E-02
  1.3695E+00  4.3310E-02
  1.3814E+00  3.7384E-02
  1.3933E+00  7.9649E-02
  1.4052E+00  6.5956E-02
  1.4171E+00  9.5209E-02
  1.4291E+00  5.6729E-02
  1.4410E+00  4.3868E-02
  1.4529E+00  3.1770E-02
  1.4648E+00  2.5663E-02
  1.4767E+00  2.7246E-02
  1.4886E+00  3.6324E-02
  1.5005E+00  4.9939E-02
  1.5124E+00  6.3896E-02
  1.5243E+00  7.2713E-02
  1.5362E+00  7.3342E-02
  1.5481E+00  6.7374E-02
  1.5601E+00  5.7818E-02
  1.5720E+00  4.7229E-02
  1.5839E+00  3.7957E-02
  1.5958E+00  3.1467E-02
  1.6077E+00  2.7592E-02
  1.6196E+00  2.5058E-02
  1.6315E+00  2.2542E-02
  1.6434E+00  1.9556E-02
  1.6553E+00  1.6793E-02
  1.6672E+00  1.5619E-02
  1.6791E+00  1.7093E-02
  1.6911E+00  2.1196E-02
  1.7030E+00  2.6600E-02
  1.7149E+00  3.1120E-02
  1.7268E+00  3.2796E-02
  1.7387E+00  3.0864E-02
  1.7506E+00  2.6062E-02
  1.7625E+00  2.0371E-02
  1.7744E+00  1.6336E-02
  1.7863E+00  1.6024E-02
  1.7982E+00  2.0057E-02
  1.8101E+00  2.7361E-02
  1.8220E+00  3.5680E-02
  1.8340E+00  4.2472E-02
  1.8459E+00  4.5896E-02
  1.8578E+00  4.5540E-02
  1.8697E+00  4.2460E-02
  1.8816E+00  3.8426E-02
  1.8935E+00  3.4879E-02
  1.9054E+00  3.2243E-02
  1.9173E+00  2.9961E-02
  1.9292E+00  2.7144E-02
  1.9411E+00  2.3394E-02
  1.9530E+00  1.9410E-02
  1.9650E+00  1.7096E-02
  1.9769E+00  1.8997E-02
  1.9888E+00  2.7157E-02
  2.0007E+00  4.1925E-02
  2.0126E+00  6.1391E-02
  2.0245E+00  8.1665E-02
  2.0364E+00  9.7881E-02
  2.0483E+00  1.0572E-01
  2.0602E+00  1.0308E-01
  2.0721E+00  9.0941E-02
  2.0840E+00  7.2955E-02
  2.0960E+00  5.3885E-02
  2.1079E+00  3.7906E-02
  2.1198E+00  2.7396E-02
  2.1317E+00  2.2470E-02
  2.1436E+00  2.1411E-02
  2.1555E+00  2.1819E-02
  2.1674E+00  2.1954E-02
  2.1793E+00  2.1557E-02
  2.1912E+00  2.1799E-02
  2.2031E+00  2.4445E-02
  2.2150E+00  3.0646E-02
  2.2269E+00  3.9973E-02
  2.2389E+00  5.0203E-02
  2.2508E+00  5.8024E-02
  2.2627E+00  6.0355E-02
  2.2746E+00  5.5780E-02
  2.2865E+00  4.5447E-02
  2.2984E+00  3.2981E-02
  2.3103E+00  2.3320E-02
  2.3222E+00  2.0991E-02
  2.3341E+00  2.8564E-02
  2.3460E+00  4.5872E-02
  2.3579E+00  7.0208E-02
  2.3699E+00  9.7362E-02
  2.3818E+00  1.2310E-01
  2.3937E+00  1.4443E-01
  2.4056E+00  1.6006E-01
  2.4175E+00  1.6986E-01
  2.4294E+00  1.7389E-01
  2.4413E+00  1.7168E-01
  2.4532E+00  1.6238E-01
  2.4651E+00  1.4555E-01
  2.4770E+00  1.2216E-01
  2.4889E+00  9.5617E-02
  2.5009E+00  7.2176E-02
  2.5128E+00  6.0269E-02
  2.5247E+00  6.8352E-02
  2.5366E+00  1.0200E-01
  2.5485E+00  1.6148E-01
  2.5604E+00  2.4061E-01
  2.5723E+00  3.2726E-01
  2.5842E+00  4.0562E-01
  2.5961E+00  4.6014E-01
  2.6080E+00  4.7989E-01
  2.6199E+00  4.6145E-01
  2.6318E+00  4.0932E-01
  2.6438E+00  3.3429E-01
  2.6557E+00  2.5060E-01
  2.6676E+00  1.7277E-01
  2.6795E+00  1.1242E-01
  2.6914E+00  7.5994E-02
  2.7033E+00  6.4196E-02
  2.7152E+00  7.3055E-02
  2.7271E+00  9.5868E-02
  2.7390E+00  1.2515E-01
  2.7509E+00  1.5418E-01
  2.7628E+00  1.7791E-01
  2.7748E+00  1.9325E-01
  2.7867E+00  1.9874E-01
  2.7986E+00  1.9410E-01
  2.8105E+00  1.7988E-01
  2.8224E+00  1.5760E-01
  2.8343E+00  1.2976E-01
  2.8462E+00  9.9758E-02
  2.8581E+00  7.1303E-02
  2.8700E+00  4.7704E-02
  2.8819E+00  3.1179E-02
  2.8938E+00  2.2409E-02
  2.9058E+00  2.0439E-02
  2.9177E+00  2.3014E-02
  2.9296E+00  2.7295E-02
  2.9415E+00  3.0711E-02
  2.9534E+00  3.1621E-02
  2.9653E+00  2.9608E-02
  2.9772E+00  2.5344E-02
  2.9891E+00  2.0154E-02
  3.0010E+00  1.5420E-02
  3.0129E+00  1.2075E-02
  3.0248E+00  1.0349E-02
  3.0367E+00  9.8356E-03
  3.0487E+00  9.7922E-03
  3.0606E+00  9.5132E-03
  3.0725E+00  8.6317E-03
  3.0844E+00  7.2375E-03
  3.0963E+00  5.7837E-03
  3.1082E+00  4.8497E-03
  3.1201E+00  4.8789E-03
  3.1320E+00  5.9953E-03
  3.1439E+00  7.9523E-03
  3.1558E+00  1.0221E-02
  3.1677E+00  1.2177E-02
  3.1797E+00  1.3308E-02
  3.1916E+00  1.3360E-02
  3.2035E+00  1.2381E-02
  3.2154E+00  1.0671E-02
  3.2273E+00  8.6718E-03
  3.2392E+00  6.8320E-03
  3.2511E+00  5.4835E-03
  3.2630E+00  4.7704E-03
  3.2749E+00  4.6417E-03
  3.2868E+00  4.9025E-03
  3.2987E+00  5.2989E-03
  3.3106E+00  5.6068E-03
  3.3226E+00  5.7001E-03
  3.3345E+00  5.5770E-03
  3.3464E+00  5.3369E-03
  3.3583E+00  5.1210E-03
  3.3702E+00  5.0427E-03
  3.3821E+00  5.1348E-03
  3.3940E+00  5.3344E-03
  3.4059E+00  5.5114E-03
  3.4178E+00  5.5286E-03
  3.4297E+00  5.3064E-03
  3.4416E+00  4.8628E-03
  3.4536E+00  4.3108E-03
  3.4655E+00  3.8145E-03
  3.4774E+00  3.5203E-03
  3.4893E+00  3.4924E-03
  3.5012E+00  3.6809E-03
  3.5131E+00  3.9411E-03
  3.5250E+00  4.0951E-03
  3.5369E+00  4.0071E-03
  3.5488E+00  3.6434E-03
  3.5607E+00  3.0895E-03
  3.5726E+00  2.5174E-03
  3.5846E+00  2.1152E-03
  3.5965E+00  2.0114E-03
  3.6084E+00  2.2285E-03
  3.6203E+00  2.6833E-03
  3.6322E+00  3.2309E-03
  3.6441E+00  3.7275E-03
  3.6560E+00  4.0849E-03
  3.6679E+00  4.2912E-03
  3.6798E+00  4.3903E-03
  3.6917E+00  4.4359E-03
  3.7036E+00  4.4466E-03
  3.7155E+00  4.3896E-03
  3.7275E+00  4.2016E-03
  3.7394E+00  3.8355E-03
  3.7513E+00  3.3055E-03
  3.7632E+00  2.7041E-03
  3.7751E+00  2.1765E-03
  3.7870E+00  1.8644E-03
  3.7989E+00  1.8432E-03
  3.8108E+00  2.0841E-03
  3.8227E+00  2.4633E-03
  3.8346E+00  2.8177E-03
  3.8465E+00  3.0243E-03
  3.8585E+00  3.0641E-03
  3.8704E+00  3.0383E-03
  3.8823E+00  3.1277E-03
  3.8942E+00  3.5111E-03
  3.9061E+00  4.2767E-03
  3.9180E+00  5.3684E-03
  3.9299E+00  6.5942E-03
  3.9418E+00  7.6932E-03
  3.9537E+00  8.4300E-03
  3.9656E+00  8.6752E-03
  3.9775E+00  8.4370E-03
  3.9895E+00  7.8386E-03
  4.0014E+00  7.0532E-03
  4.0133E+00  6.2333E-03
  4.0252E+00  5.4705E-03
  4.0371E+00  4.8083E-03
  4.0490E+00  4.2968E-03
  4.0609E+00  4.0531E-03
  4.0728E+00  4.2812E-03
  4.0847E+00  5.2232E-03
  4.0966E+00  7.0539E-03
  4.1085E+00  9.7610E-03
  4.1204E+00  1.3067E-02
  4.1324E+00  1.6441E-02
  4.1443E+00  1.9215E-02
  4.1562E+00  2.0779E-02
  4.1681E+00  2.0787E-02
  4.1800E+00  1.9271E-02
  4.1919E+00  1.6628E-02
  4.2038E+00  1.3477E-02
  4.2157E+00  1.0457E-02
  4.2276E+00  8.0365E-03
  4.2395E+00  6.4058E-03
  4.2514E+00  5.4901E-03
  4.2634E+00  5.0689E-03
  4.2753E+00  4.9403E-03
  4.2872E+00  5.0416E-03
  4.2991E+00  5.4657E-03
  4.3110E+00  6.3673E-03
  4.3229E+00  7.8055E-03
  4.3348E+00  9.6112E-03
  4.3467E+00  1.1360E-02
  4.3586E+00  1.2488E-02
  4.3705E+00  1.2520E-02
  4.3824E+00  1.1328E-02
  4.3944E+00  9.3073E-03
  4.4063E+00  7.3889E-03
  4.4182E+00  6.8462E-03
  4.4301E+00  8.9494E-03
  4.4420E+00  1.4583E-02
  4.4539E+00  2.3957E-02
  4.4658E+00  3.6493E-02
  4.4777E+00  5.0901E-02
  4.4896E+00  6.5405E-02
  4.5015E+00  7.8080E-02
  4.5134E+00  8.7188E-02
  4.5253E+00  9.1454E-02
  4.5373E+00  9.0204E-02
  4.5492E+00  8.3440E-02
  4.5611E+00  7.1918E-02
  4.5730E+00  5.7255E-02
  4.5849E+00  4.1962E-02
  4.5968E+00  2.9275E-02
  4.6087E+00  2.2730E-02
  4.6206E+00  2.5518E-02
  4.6325E+00  3.9741E-02
  4.6444E+00  6.5671E-02
  4.6563E+00  1.0128E-01
  4.6683E+00  1.4225E-01
  4.6802E+00  1.8267E-01
  4.6921E+00  2.1614E-01
  4.7040E+00  2.3709E-01
  4.7159E+00  2.4187E-01
  4.7278E+00  2.2961E-01
  4.7397E+00  2.0245E-01
  4.7516E+00  1.6510E-01
  4.7635E+00  1.2375E-01
  4.7754E+00  8.4662E-02
  4.7873E+00  5.2897E-02
  4.7993E+00  3.1568E-02
  4.8112E+00  2.1603E-02
  4.8231E+00  2.1975E-02
  4.8350E+00  3.0252E-02
  4.8469E+00  4.3306E-02
  4.8588E+00  5.7973E-02
  4.8707E+00  7.1504E-02
  4.8826E+00  8.1781E-02
  4.8945E+00  8.7381E-02
  4.9064E+00  8.7616E-02
  4.9183E+00  8.2543E-02
  4.9302E+00  7.2935E-02
  4.9422E+00  6.0156E-02
  4.9541E+00  4.5944E-02
  4.9660E+00  3.2137E-02
  4.9779E+00  2.0354E-02
  4.9898E+00  1.1688E-02
  5.0017E+00  6.5001E-03
  5.0136E+00  4.4009E-03
  5.0255E+00  4.4447E-03
  5.0374E+00  5.4713E-03
  5.0493E+00  6.4681E-03
  5.0612E+00  6.8330E-03
  5.0732E+00  6.4643E-03
  5.0851E+00  5.6640E-03
  5.0970E+00  4.9085E-03
  5.1089E+00  4.5907E-03
  5.1208E+00  4.8413E-03
  5.1327E+00  5.4939E-03
  5.1446E+00  6.1878E-03
  5.1565E+00  6.5513E-03
  5.1684E+00  6.3772E-03
  5.1803E+00  5.7130E-03
  5.1922E+00  4.8267E-03
  5.2042E+00  4.0748E-03
  5.2161E+00  3.7379E-03
  5.2280E+00  3.9014E-03
  5.2399E+00  4.4302E-03
  5.2518E+00  5.0430E-03
  5.2637E+00  5.4500E-03
  5.2756E+00  5.4856E-03
  5.2875E+00  5.1755E-03
  5.2994E+00  4.7097E-03
  5.3113E+00  4.3425E-03
  5.3232E+00  4.2657E-03
  5.3351E+00  4.5157E-03
  5.3471E+00  4.9554E-03
  5.3590E+00  5.3388E-03
  5.3709E+00  5.4255E-03
  5.3828E+00  5.0912E-03
  5.3947E+00  4.3853E-03
  5.4066E+00  3.5120E-03
  5.4185E+00  2.7458E-03
  5.4304E+00  2.3184E-03
  5.4423E+00  2.3278E-03
  5.4542E+00  2.7098E-03
  5.4661E+00  3.2812E-03
  5.4781E+00  3.8281E-03
  5.4900E+00  4.1981E-03
  5.5019E+00  4.3535E-03
  5.5138E+00  4.3652E-03
  5.5257E+00  4.3532E-03
  5.5376E+00  4.4066E-03
  5.5495E+00  4.5244E-03
  5.5614E+00  4.6066E-03
  5.5733E+00  4.5027E-03
  5.5852E+00  4.0949E-03
  5.5971E+00  3.3787E-03
  5.6091E+00  2.4968E-03
  5.6210E+00  1.7069E-03
  5.6329E+00  1.2959E-03
  5.6448E+00  1.4741E-03
  5.6567E+00  2.2912E-03
  5.6686E+00  3.6067E-03
  5.6805E+00  5.1276E-03
  5.6924E+00  6.5017E-03
  5.7043E+00  7.4291E-03
  5.7162E+00  7.7455E-03
  5.7281E+00  7.4519E-03
  5.7400E+00  6.6870E-03
  5.7520E+00  5.6637E-03
  5.7639E+00  4.5953E-03
  5.7758E+00  3.6386E-03
  5.7877E+00  2.8715E-03
  5.7996E+00  2.3066E-03
  5.8115E+00  1.9255E-03
  5.8234E+00  1.7117E-03
  5.8353E+00  1.6633E-03
  5.8472E+00  1.7829E-03
  5.8591E+00  2.0546E-03
  5.8710E+00  2.4253E-03
  5.8830E+00  2.8034E-03
  5.8949E+00  3.0800E-03
  5.9068E+00  3.1643E-03
  5.9187E+00  3.0182E-03
  5.9306E+00  2.6747E-03
  5.9425E+00  2.2277E-03
  5.9544E+00  1.7969E-03
  5.9663E+00  1.4828E-03
  5.9782E+00  1.3319E-03
  5.9901E+00  1.3254E-03
  6.0020E+00  1.3954E-03
  6.0140E+00  1.4575E-03
  6.0259E+00  1.4479E-03
  6.0378E+00  1.3469E-03
  6.0497E+00  1.1792E-03
  6.0616E+00  9.9511E-04
  6.0735E+00  8.4243E-04
  6.0854E+00  7.4486E-04
  6.0973E+00  6.9619E-04
  6.1092E+00  6.7171E-04
  6.1211E+00  6.4929E-04
  6.1330E+00  6.2759E-04
  6.1449E+00  6.3082E-04
  6.1569E+00  6.9675E-04
  6.1688E+00  8.5363E-04
  6.1807E+00  1.0979E-03
  6.1926E+00  1.3854E-03
  6.2045E+00  1.6421E-03
  6.2164E+00  1.7918E-03
  6.2283E+00  1.7871E-03
  6.2402E+00  1.6306E-03
  6.2521E+00  1.3756E-03
  6.2640E+00  1.1071E-03
  6.2759E+00  9.0895E-04
  6.2879E+00  8.3126E-04
  6.2998E+00  8.7367E-04
  6.3117E+00  9.9071E-04
  6.3236E+00  1.1165E-03
  6.3355E+00  1.1960E-03
  6.3474E+00  1.2086E-03
  6.3593E+00  1.1737E-03
  6.3712E+00  1.1361E-03
  6.3831E+00  1.1396E-03
  6.3950E+00  1.2009E-03
  6.4069E+00  1.2996E-03
  6.4188E+00  1.3869E-03
  6.4308E+00  1.4112E-03
  6.4427E+00  1.3459E-03
  6.4546E+00  1.2078E-03
  6.4665E+00  1.0536E-03
  6.4784E+00  9.5696E-04
  6.4903E+00  9.7541E-04
  6.5022E+00  1.1239E-03
  6.5141E+00  1.3668E-03
  6.5260E+00  1.6343E-03
  6.5379E+00  1.8558E-03
  6.5498E+00  1.9972E-03
  6.5618E+00  2.0837E-03
  6.5737E+00  2.1964E-03
  6.5856E+00  2.4432E-03
  6.5975E+00  2.9154E-03
  6.6094E+00  3.6472E-03
  6.6213E+00  4.5934E-03
  6.6332E+00  5.6365E-03
  6.6451E+00  6.6190E-03
  6.6570E+00  7.3881E-03
  6.6689E+00  7.8350E-03
  6.6808E+00  7.9152E-03
  6.6928E+00  7.6486E-03
  6.7047E+00  7.1067E-03
  6.7166E+00  6.3940E-03
  6.7285E+00  5.6328E-03
  6.7404E+00  4.9535E-03
  6.7523E+00  4.4909E-03
  6.7642E+00  4.3802E-03
  6.7761E+00  4.7431E-03
  6.7880E+00  5.6592E-03
  6.7999E+00  7.1292E-03
  6.8118E+00  9.0449E-03
  6.8237E+00  1.1184E-02
  6.8357E+00  1.3234E-02
  6.8476E+00  1.4850E-02
  6.8595E+00  1.5727E-02
  6.8714E+00  1.5679E-02
  6.8833E+00  1.4697E-02
  6.8952E+00  1.2951E-02
  6.9071E+00  1.0750E-02
  6.9190E+00  8.4572E-03
  6.9309E+00  6.4098E-03
  6.9428E+00  4.8512E-03
  6.9547E+00  3.8979E-03
  6.9667E+00  3.5386E-03
  6.9786E+00  3.6634E-03
  6.9905E+00  4.1092E-03
  7.0024E+00  4.7042E-03
  7.0143E+00  5.2979E-03
  7.0262E+00  5.7745E-03
  7.0381E+00  6.0554E-03
  7.0500E+00  6.0982E-03
  7.0619E+00  5.8940E-03
  7.0738E+00  5.4654E-03
  7.0857E+00  4.8633E-03
  7.0977E+00  4.1601E-03
  7.1096E+00  3.4394E-03
  7.1215E+00  2.7815E-03
  7.1334E+00  2.2469E-03
  7.1453E+00  1.8661E-03
  7.1572E+00  1.6379E-03
  7.1691E+00  1.5386E-03
  7.1810E+00  1.5369E-03
  7.1929E+00  1.6060E-03
  7.2048E+00  1.7295E-03
  7.2167E+00  1.8975E-03
  7.2286E+00  2.0974E-03
  7.2406E+00  2.3056E-03
  7.2525E+00  2.4854E-03
  7.2644E+00  2.5946E-03
  7.2763E+00  2.5989E-03
  7.2882E+00  2.4863E-03
  7.3001E+00  2.2749E-03
  7.3120E+00  2.0099E-03
  7.3239E+00  1.7491E-03
  7.3358E+00  1.5448E-03
  7.3477E+00  1.4284E-03
  7.3596E+00  1.4071E-03
  7.3716E+00  1.4716E-03
  7.3835E+00  1.6093E-03
  7.3954E+00  1.8153E-03
  7.4073E+00  2.0927E-03
  7.4192E+00  2.4428E-03
  7.4311E+00  2.8482E-03
  7.4430E+00  3.2588E-03
  7.4549E+00  3.5925E-03
  7.4668E+00  3.7537E-03
  7.4787E+00  3.6676E-03
  7.4906E+00  3.3147E-03
  7.5026E+00  2.7503E-03
  7.5145E+00  2.0966E-03
  7.5264E+00  1.5095E-03
  7.5383E+00  1.1303E-03
  7.5502E+00  1.0397E-03
  7.5621E+00  1.2321E-03
  7.5740E+00  1.6213E-03
  7.5859E+00  2.0756E-03
  7.5978E+00  2.4688E-03
  7.6097E+00  2.7236E-03
  7.6216E+00  2.8307E-03
  7.6335E+00  2.8360E-03
  7.6455E+00  2.8061E-03
  7.6574E+00  2.7861E-03
  7.6693E+00  2.7736E-03
  7.6812E+00  2.7193E-03
  7.6931E+00  2.5571E-03
  7.7050E+00  2.2471E-03
  7.7169E+00  1.8132E-03
  7.7288E+00  1.3535E-03
  7.7407E+00  1.0157E-03
  7.7526E+00  9.4316E-04
  7.7645E+00  1.2158E-03
  7.7765E+00  1.8105E-03
  7.7884E+00  2.5984E-03
  7.8003E+00  3.3823E-03
  7.8122E+00  3.9590E-03
  7.8241E+00  4.1863E-03
  7.8360E+00  4.0264E-03
  7.8479E+00  3.5490E-03
  7.8598E+00  2.8954E-03
  7.8717E+00  2.2216E-03
  7.8836E+00  1.6472E-03
  7.8955E+00  1.2272E-03
  7.9075E+00  9.5585E-04
  7.9194E+00  7.9353E-04
  7.9313E+00  7.0241E-04
  7.9432E+00  6.7065E-04
  7.9551E+00  7.1385E-04
  7.9670E+00  8.5468E-04
  7.9789E+00  1.0938E-03
  7.9908E+00  1.3899E-03
  8.0027E+00  1.6631E-03
  8.0146E+00  1.8220E-03
  8.0265E+00  1.8034E-03
  8.0384E+00  1.6051E-03
  8.0504E+00  1.2958E-03
  8.0623E+00  9.9511E-04
  8.0742E+00  8.2998E-04
  8.0861E+00  8.8408E-04
  8.0980E+00  1.1632E-03
  8.1099E+00  1.5925E-03
  8.1218E+00  2.0458E-03
  8.1337E+00  2.3940E-03
  8.1456E+00  2.5510E-03
  8.1575E+00  2.4977E-03
  8.1694E+00  2.2792E-03
  8.1814E+00  1.9751E-03
  8.1933E+00  1.6633E-03
  8.2052E+00  1.3921E-03
  8.2171E+00  1.1773E-03
  8.2290E+00  1.0212E-03
  8.2409E+00  9.4095E-04
  8.2528E+00  9.8726E-04
  8.2647E+00  1.2370E-03
  8.2766E+00  1.7602E-03
  8.2885E+00  2.5749E-03
  8.3004E+00  3.6113E-03
  8.3124E+00  4.7054E-03
  8.3243E+00  5.6321E-03
  8.3362E+00  6.1717E-03
  8.3481E+00  6.1846E-03
  8.3600E+00  5.6633E-03
  8.3719E+00  4.7367E-03
  8.3838E+00  3.6258E-03
  8.3957E+00  2.5691E-03
  8.4076E+00  1.7485E-03
  8.4195E+00  1.2426E-03
  8.4314E+00  1.0237E-03
  8.4433E+00  9.9829E-04
  8.4553E+00  1.0679E-03
  8.4672E+00  1.1814E-03
  8.4791E+00  1.3511E-03
  8.4910E+00  1.6278E-03
  8.5029E+00  2.0483E-03
  8.5148E+00  2.5841E-03
  8.5267E+00  3.1228E-03
  8.5386E+00  3.4948E-03
  8.5505E+00  3.5420E-03
  8.5624E+00  3.1984E-03
  8.5743E+00  2.5477E-03
  8.5863E+00  1.8296E-03
  8.5982E+00  1.3827E-03
  8.6101E+00  1.5416E-03
  8.6220E+00  2.5237E-03
  8.6339E+00  4.3509E-03
  8.6458E+00  6.8336E-03
  8.6577E+00  9.6188E-03
  8.6696E+00  1.2280E-02
  8.6815E+00  1.4418E-02
  8.6934E+00  1.5739E-02
  8.7053E+00  1.6095E-02
  8.7173E+00  1.5478E-02
  8.7292E+00  1.3990E-02
  8.7411E+00  1.1818E-02
  8.7530E+00  9.2373E-03
  8.7649E+00  6.6317E-03
  8.7768E+00  4.5085E-03
  8.7887E+00  3.4604E-03
  8.8006E+00  4.0668E-03
  8.8125E+00  6.7455E-03
  8.8244E+00  1.1591E-02
  8.8363E+00  1.8250E-02
  8.8482E+00  2.5895E-02
  8.8602E+00  3.3337E-02
  8.8721E+00  3.9272E-02
  8.8840E+00  4.2588E-02
  8.8959E+00  4.2640E-02
  8.9078E+00  3.9402E-02
  8.9197E+00  3.3479E-02
  8.9316E+00  2.5969E-02
  8.9435E+00  1.8197E-02
  8.9554E+00  1.1411E-02
  8.9673E+00  6.5019E-03
  8.9792E+00  3.8664E-03
  8.9912E+00  3.4123E-03
  9.0031E+00  4.6825E-03
  9.0150E+00  7.0343E-03
  9.0269E+00  9.8130E-03
  9.0388E+00  1.2476E-02
  9.0507E+00  1.4648E-02
  9.0626E+00  1.6106E-02
  9.0745E+00  1.6734E-02
  9.0864E+00  1.6492E-02
  9.0983E+00  1.5407E-02
  9.1102E+00  1.3591E-02
  9.1222E+00  1.1265E-02
  9.1341E+00  8.7431E-03
  9.1460E+00  6.3844E-03
  9.1579E+00  4.5175E-03
  9.1698E+00  3.3558E-03
  9.1817E+00  2.9371E-03
  9.1936E+00  3.1120E-03
  9.2055E+00  3.5928E-03
  9.2174E+00  4.0484E-03
  9.2293E+00  4.2137E-03
  9.2412E+00  3.9704E-03
  9.2531E+00  3.3739E-03
  9.2651E+00  2.6203E-03
  9.2770E+00  1.9683E-03
  9.2889E+00  1.6450E-03
  9.3008E+00  1.7703E-03
  9.3127E+00  2.3245E-03
  9.3246E+00  3.1682E-03
  9.3365E+00  4.0979E-03
  9.3484E+00  4.9137E-03
  9.3603E+00  5.4732E-03
  9.3722E+00  5.7174E-03
  9.3841E+00  5.6648E-03
  9.3961E+00  5.3817E-03
  9.4080E+00  4.9463E-03
  9.4199E+00  4.4222E-03
  9.4318E+00  3.8514E-03
  9.4437E+00  3.2639E-03
  9.4556E+00  2.6927E-03
  9.4675E+00  2.1824E-03
  9.4794E+00  1.7863E-03
  9.4913E+00  1.5505E-03
  9.5032E+00  1.4957E-03
  9.5151E+00  1.6050E-03
  9.5271E+00  1.8228E-03
  9.5390E+00  2.0693E-03
  9.5509E+00  2.2636E-03
  9.5628E+00  2.3481E-03
  9.5747E+00  2.3029E-03
  9.5866E+00  2.1470E-03
  9.5985E+00  1.9270E-03
  9.6104E+00  1.6995E-03
  9.6223E+00  1.5134E-03
  9.6342E+00  1.3993E-03
  9.6461E+00  1.3654E-03
  9.6580E+00  1.4022E-03
  9.6700E+00  1.4891E-03
  9.6819E+00  1.6008E-03
  9.6938E+00  1.7107E-03
  9.7057E+00  1.7912E-03
  9.7176E+00  1.8157E-03
  9.7295E+00  1.7623E-03
  9.7414E+00  1.6212E-03
  9.7533E+00  1.4016E-03
  9.7652E+00  1.1363E-03
  9.7771E+00  8.7893E-04
  9.7890E+00  6.9508E-04
  9.8010E+00  6.4641E-04
  9.8129E+00  7.7330E-04
  9.8248E+00  1.0816E-03
  9.8367E+00  1.5388E-03
  9.8486E+00  2.0801E-03
  9.8605E+00  2.6227E-03
  9.8724E+00  3.0839E-03
  9.8843E+00  3.3975E-03
  9.8962E+00  3.5262E-03
  9.9081E+00  3.4647E-03
  9.9200E+00  3.2364E-03
  9.9319E+00  2.8838E-03
  9.9439E+00  2.4586E-03
  9.9558E+00  2.0140E-03
  9.9677E+00  1.5991E-03
  9.9796E+00  1.2543E-03
  9.9915E+00  1.0085E-03
  1.0003E+01  8.7505E-04
  1.0015E+01  8.5122E-04
  1.0027E+01  9.1832E-04
  1.0039E+01  1.0452E-03
  1.0051E+01  1.1941E-03
  1.0063E+01  1.3281E-03
  1.0075E+01  1.4185E-03
  1.0087E+01  1.4494E-03
  1.0099E+01  1.4190E-03
  1.0111E+01  1.3368E-03
  1.0122E+01  1.2198E-03
  1.0134E+01  1.0877E-03
  1.0146E+01  9.5882E-04
  1.0158E+01  8.4735E-04
  1.0170E+01  7.6221E-04
  1.0182E+01  7.0661E-04
  1.0194E+01  6.7832E-04
  1.0206E+01  6.7040E-04
  1.0218E+01  6.7236E-04
  1.0230E+01  6.7228E-04
  1.0242E+01  6.5986E-04
  1.0253E+01  6.2975E-04
  1.0265E+01  5.8394E-04
  1.0277E+01  5.3202E-04
  1.0289E+01  4.8883E-04
  1.0301E+01  4.7016E-04
  1.0313E+01  4.8784E-04
  1.0325E+01  5.4597E-04
  1.0337E+01  6.3979E-04
  1.0349E+01  7.5767E-04
  1.0361E+01  8.8513E-04
  1.0373E+01  1.0090E-03
  1.0384E+01  1.1202E-03
  1.0396E+01  1.2136E-03
  1.0408E+01  1.2869E-03
  1.0420E+01  1.3374E-03
  1.0432E+01  1.3609E-03
  1.0444E+01  1.3516E-03
  1.0456E+01  1.3049E-03
  1.0468E+01  1.2207E-03
  1.0480E+01  1.1061E-03
  1.0492E+01  9.7539E-04
  1.0504E+01  8.4716E-04
  1.0515E+01  7.3879E-04
  1.0527E+01  6.6144E-04
  1.0539E+01  6.1754E-04
  1.0551E+01  6.0188E-04
  1.0563E+01  6.0570E-04
  1.0575E+01  6.2143E-04
  1.0587E+01  6.4581E-04
  1.0599E+01  6.7942E-04
  1.0611E+01  7.2325E-04
  1.0623E+01  7.7409E-04
  1.0635E+01  8.2203E-04
  1.0646E+01  8.5221E-04
  1.0658E+01  8.5135E-04
  1.0670E+01  8.1647E-04
  1.0682E+01  7.6201E-04
  1.0694E+01  7.2100E-04
  1.0706E+01  7.3849E-04
  1.0718E+01  8.5844E-04
  1.0730E+01  1.1082E-03
  1.0742E+01  1.4860E-03
  1.0754E+01  1.9566E-03
  1.0766E+01  2.4567E-03
  1.0777E+01  2.9103E-03
  1.0789E+01  3.2469E-03
  1.0801E+01  3.4174E-03
  1.0813E+01  3.4027E-03
  1.0825E+01  3.2140E-03
  1.0837E+01  2.8887E-03
  1.0849E+01  2.4834E-03
  1.0861E+01  2.0681E-03
  1.0873E+01  1.7217E-03
  1.0885E+01  1.5279E-03
  1.0897E+01  1.5689E-03
  1.0908E+01  1.9131E-03
  1.0920E+01  2.5966E-03
  1.0932E+01  3.6027E-03
  1.0944E+01  4.8473E-03
  1.0956E+01  6.1796E-03
  1.0968E+01  7.4014E-03
  1.0980E+01  8.3033E-03
  1.0992E+01  8.7111E-03
  1.1004E+01  8.5306E-03
  1.1016E+01  7.7778E-03
  1.1028E+01  6.5802E-03
  1.1039E+01  5.1475E-03
  1.1051E+01  3.7203E-03
  1.1063E+01  2.5139E-03
  1.1075E+01  1.6743E-03
  1.1087E+01  1.2556E-03
  1.1099E+01  1.2236E-03
  1.1111E+01  1.4811E-03
  1.1123E+01  1.9036E-03
  1.1135E+01  2.3745E-03
  1.1147E+01  2.8053E-03
  1.1159E+01  3.1416E-03
  1.1170E+01  3.3559E-03
  1.1182E+01  3.4368E-03
  1.1194E+01  3.3809E-03
  1.1206E+01  3.1921E-03
  1.1218E+01  2.8858E-03
  1.1230E+01  2.4951E-03
  1.1242E+01  2.0724E-03
  1.1254E+01  1.6820E-03
  1.1266E+01  1.3846E-03
  1.1278E+01  1.2177E-03
  1.1290E+01  1.1822E-03
  1.1301E+01  1.2405E-03
  1.1313E+01  1.3291E-03
  1.1325E+01  1.3815E-03
  1.1337E+01  1.3525E-03
  1.1349E+01  1.2356E-03
  1.1361E+01  1.0666E-03
  1.1373E+01  9.0962E-04
  1.1385E+01  8.3413E-04
  1.1397E+01  8.8875E-04
  1.1409E+01  1.0841E-03
  1.1421E+01  1.3897E-03
  1.1432E+01  1.7448E-03
  1.1444E+01  2.0792E-03
  1.1456E+01  2.3347E-03
  1.1468E+01  2.4802E-03
  1.1480E+01  2.5135E-03
  1.1492E+01  2.4540E-03
  1.1504E+01  2.3291E-03
  1.1516E+01  2.1619E-03
  1.1528E+01  1.9664E-03
  1.1540E+01  1.7500E-03
  1.1552E+01  1.5201E-03
  1.1563E+01  1.2911E-03
  1.1575E+01  1.0866E-03
  1.1587E+01  9.3477E-04
  1.1599E+01  8.5838E-04
  1.1611E+01  8.6467E-04
  1.1623E+01  9.3904E-04
  1.1635E+01  1.0472E-03
  1.1647E+01  1.1452E-03
  1.1659E+01  1.1941E-03
  1.1671E+01  1.1732E-03
  1.1683E+01  1.0865E-03
  1.1694E+01  9.6062E-04
  1.1706E+01  8.3467E-04
  1.1718E+01  7.4623E-04
  1.1730E+01  7.1893E-04
  1.1742E+01  7.5658E-04
  1.1754E+01  8.4492E-04
  1.1766E+01  9.5930E-04
  1.1778E+01  1.0739E-03
  1.1790E+01  1.1687E-03
  1.1802E+01  1.2313E-03
  1.1814E+01  1.2555E-03
  1.1825E+01  1.2372E-03
  1.1837E+01  1.1718E-03
  1.1849E+01  1.0563E-03
  1.1861E+01  8.9438E-04
  1.1873E+01  7.0291E-04
  1.1885E+01  5.1553E-04
  1.1897E+01  3.7950E-04
  1.1909E+01  3.4535E-04
  1.1921E+01  4.5213E-04
  1.1933E+01  7.1306E-04
  1.1945E+01  1.1068E-03
  1.1956E+01  1.5780E-03
  1.1968E+01  2.0487E-03
  1.1980E+01  2.4366E-03
  1.1992E+01  2.6750E-03
  1.2004E+01  2.7280E-03
  1.2016E+01  2.5962E-03
  1.2028E+01  2.3123E-03
  1.2040E+01  1.9313E-03
  1.2052E+01  1.5157E-03
  1.2064E+01  1.1225E-03
  1.2076E+01  7.9478E-04
  1.2087E+01  5.5780E-04
  1.2099E+01  4.2091E-04
  1.2111E+01  3.8086E-04
  1.2123E+01  4.2514E-04
  1.2135E+01  5.3380E-04
  1.2147E+01  6.8078E-04
  1.2159E+01  8.3576E-04
  1.2171E+01  9.6756E-04
  1.2183E+01  1.0492E-03
  1.2195E+01  1.0634E-03
  1.2207E+01  1.0073E-03
  1.2218E+01  8.9334E-04
  1.2230E+01  7.4624E-04
  1.2242E+01  5.9620E-04
  1.2254E+01  4.7039E-04
  1.2266E+01  3.8602E-04
  1.2278E+01  3.4707E-04
  1.2290E+01  3.4536E-04
  1.2302E+01  3.6500E-04
  1.2314E+01  3.8851E-04
  1.2326E+01  4.0212E-04
  1.2338E+01  3.9870E-04
  1.2349E+01  3.7772E-04
  1.2361E+01  3.4319E-04
  1.2373E+01  3.0106E-04
  1.2385E+01  2.5754E-04
  1.2397E+01  2.1887E-04
  1.2409E+01  1.9193E-04
  1.2421E+01  1.8475E-04
  1.2433E+01  2.0575E-04
  1.2445E+01  2.6156E-04
  1.2457E+01  3.5382E-04
  1.2469E+01  4.7655E-04
  1.2480E+01  6.1533E-04
  1.2492E+01  7.4940E-04
  1.2504E+01  8.5636E-04
  1.2516E+01  9.1779E-04
  1.2528E+01  9.2399E-04
  1.2540E+01  8.7614E-04
  1.2552E+01  7.8535E-04
  1.2564E+01  6.6913E-04
  1.2576E+01  5.4656E-04
  1.2588E+01  4.3384E-04
  1.2600E+01  3.4170E-04
  1.2611E+01  2.7516E-04
  1.2623E+01  2.3506E-04
  1.2635E+01  2.2005E-04
  1.2647E+01  2.2786E-04
  1.2659E+01  2.5525E-04
  1.2671E+01  2.9716E-04
  1.2683E+01  3.4591E-04
  1.2695E+01  3.9152E-04
  1.2707E+01  4.2349E-04
  1.2719E+01  4.3386E-04
  1.2731E+01  4.2019E-04
  1.2742E+01  3.8728E-04
  1.2754E+01  3.4632E-04
  1.2766E+01  3.1154E-04
  1.2778E+01  2.9561E-04
  1.2790E+01  3.0529E-04
  1.2802E+01  3.3923E-04
  1.2814E+01  3.8849E-04
  1.2826E+01  4.3976E-04
  1.2838E+01  4.7983E-04
  1.2850E+01  4.9978E-04
  1.2862E+01  4.9721E-04
  1.2873E+01  4.7590E-04
  1.2885E+01  4.4359E-04
  1.2897E+01  4.0896E-04
  1.2909E+01  3.7950E-04
  1.2921E+01  3.6073E-04
  1.2933E+01  3.5693E-04
  1.2945E+01  3.7234E-04
  1.2957E+01  4.1165E-04
  1.2969E+01  4.7918E-04
  1.2981E+01  5.7655E-04
  1.2993E+01  6.9996E-04
  1.3004E+01  8.3846E-04
  1.3016E+01  9.7466E-04
  1.3028E+01  1.0880E-03
  1.3040E+01  1.1596E-03
  1.3052E+01  1.1778E-03
  1.3064E+01  1.1411E-03
  1.3076E+01  1.0591E-03
  1.3088E+01  9.4935E-04
  1.3100E+01  8.3238E-04
  1.3112E+01  7.2603E-04
  1.3124E+01  6.4126E-04
  1.3135E+01  5.8090E-04
  1.3147E+01  5.4147E-04
  1.3159E+01  5.1668E-04
  1.3171E+01  5.0117E-04
  1.3183E+01  4.9260E-04
  1.3195E+01  4.9149E-04
  1.3207E+01  4.9923E-04
  1.3219E+01  5.1536E-04
  1.3231E+01  5.3580E-04
  1.3243E+01  5.5301E-04
  1.3255E+01  5.5818E-04
  1.3266E+01  5.4454E-04
  1.3278E+01  5.1026E-04
  1.3290E+01  4.5965E-04
  1.3302E+01  4.0202E-04
  1.3314E+01  3.4861E-04
  1.3326E+01  3.0886E-04
  1.3338E+01  2.8736E-04
  1.3350E+01  2.8260E-04
  1.3362E+01  2.8801E-04
  1.3374E+01  2.9472E-04
  1.3386E+01  2.9482E-04
  1.3397E+01  2.8402E-04
  1.3409E+01  2.6268E-04
  1.3421E+01  2.3520E-04
  1.3433E+01  2.0831E-04
  1.3445E+01  1.8885E-04
  1.3457E+01  1.8207E-04
  1.3469E+01  1.9069E-04
  1.3481E+01  2.1486E-04
  1.3493E+01  2.5252E-04
  1.3505E+01  2.9996E-04
  1.3517E+01  3.5215E-04
  1.3528E+01  4.0308E-04
  1.3540E+01  4.4617E-04
  1.3552E+01  4.7516E-04
  1.3564E+01  4.8516E-04
  1.3576E+01  4.7380E-04
  1.3588E+01  4.4207E-04
  1.3600E+01  3.9452E-04
  1.3612E+01  3.3862E-04
  1.3624E+01  2.8334E-04
  1.3636E+01  2.3748E-04
  1.3647E+01  2.0810E-04
  1.3659E+01  1.9960E-04
  1.3671E+01  2.1323E-04
  1.3683E+01  2.4710E-04
  1.3695E+01  2.9633E-04
  1.3707E+01  3.5343E-04
  1.3719E+01  4.0895E-04
  1.3731E+01  4.5269E-04
  1.3743E+01  4.7541E-04
  1.3755E+01  4.7104E-04
  1.3767E+01  4.3862E-04
  1.3778E+01  3.8338E-04
  1.3790E+01  3.1599E-04
  1.3802E+01  2.5008E-04
  1.3814E+01  1.9832E-04
  1.3826E+01  1.6868E-04
  1.3838E+01  1.6207E-04
  1.3850E+01  1.7236E-04
  1.3862E+01  1.8899E-04
  1.3874E+01  2.0119E-04
  1.3886E+01  2.0230E-04
  1.3898E+01  1.9224E-04
  1.3909E+01  1.7717E-04
  1.3921E+01  1.6653E-04
  1.3933E+01  1.6850E-04
  1.3945E+01  1.8604E-04
  1.3957E+01  2.1509E-04
  1.3969E+01  2.4581E-04
  1.3981E+01  2.6641E-04
  1.3993E+01  2.6791E-04
  1.4005E+01  2.4774E-04
  1.4017E+01  2.1069E-04
  1.4029E+01  1.6689E-04
  1.4040E+01  1.2759E-04
  1.4052E+01  1.0077E-04
  1.4064E+01  8.8442E-05
  1.4076E+01  8.6736E-05
  1.4088E+01  8.8645E-05
  1.4100E+01  8.8000E-05
  1.4112E+01  8.2685E-05
  1.4124E+01  7.5587E-05
  1.4136E+01  7.2814E-05
  1.4148E+01  8.0097E-05
  1.4160E+01  9.9168E-05
  1.4171E+01  1.2597E-04
  1.4183E+01  1.5166E-04
  1.4195E+01  1.6615E-04
  1.4207E+01  1.6247E-04
  1.4219E+01  1.4016E-04
  1.4231E+01  1.0582E-04
  1.4243E+01  7.0643E-05
  1.4255E+01  4.5895E-05
  1.4267E+01  3.8399E-05
  1.4279E+01  4.7979E-05
  1.4291E+01  6.7982E-05
  1.4302E+01  8.8561E-05
  1.4314E+01  1.0119E-04
  1.4326E+01  1.0228E-04
  1.4338E+01  9.4301E-05
  1.4350E+01  8.3970E-05
  1.4362E+01  7.8480E-05
  1.4374E+01  8.1707E-05
  1.4386E+01  9.2211E-05
  1.4398E+01  1.0403E-04
  1.4410E+01  1.0982E-04
  1.4422E+01  1.0482E-04
  1.4433E+01  8.9632E-05
  1.4445E+01  7.0344E-05
  1.4457E+01  5.6015E-05
  1.4469E+01  5.4522E-05
  1.4481E+01  6.8805E-05
  1.4493E+01  9.5294E-05
  1.4505E+01  1.2532E-04
  1.4517E+01  1.4885E-04
  1.4529E+01  1.5880E-04
  1.4541E+01  1.5392E-04
  1.4553E+01  1.3894E-04
  1.4564E+01  1.2202E-04
  1.4576E+01  1.1070E-04
  1.4588E+01  1.0840E-04
  1.4600E+01  1.1312E-04
  1.4612E+01  1.1901E-04
  1.4624E+01  1.1978E-04
  1.4636E+01  1.1238E-04
  1.4648E+01  9.8894E-05
  1.4660E+01  8.5700E-05
  1.4672E+01  8.0226E-05
  1.4684E+01  8.6954E-05
  1.4695E+01  1.0470E-04
  1.4707E+01  1.2669E-04
  1.4719E+01  1.4351E-04
  1.4731E+01  1.4766E-04
  1.4743E+01  1.3752E-04
  1.4755E+01  1.1867E-04
  1.4767E+01  1.0174E-04
  1.4779E+01  9.7695E-05
  1.4791E+01  1.1269E-04
  1.4803E+01  1.4483E-04
  1.4815E+01  1.8465E-04
  1.4826E+01  2.1903E-04
  1.4838E+01  2.3699E-04
  1.4850E+01  2.3464E-04
  1.4862E+01  2.1681E-04
  1.4874E+01  1.9473E-04
  1.4886E+01  1.8063E-04
  1.4898E+01  1.8187E-04
  1.4910E+01  1.9736E-04
  1.4922E+01  2.1813E-04
  1.4934E+01  2.3193E-04
  1.4946E+01  2.2964E-04
  1.4957E+01  2.1066E-04
  1.4969E+01  1.8434E-04
  1.4981E+01  1.6676E-04
  1.4993E+01  1.7378E-04
  1.5005E+01  2.1364E-04
  1.5017E+01  2.8228E-04
  1.5029E+01  3.6378E-04
  1.5041E+01  4.3595E-04
  1.5053E+01  4.7884E-04
  1.5065E+01  4.8250E-04
  1.5077E+01  4.5084E-04
  1.5088E+01  3.9971E-04
  1.5100E+01  3.5013E-04
  1.5112E+01  3.1958E-04
  1.5124E+01  3.1512E-04
  1.5136E+01  3.3128E-04
  1.5148E+01  3.5358E-04
  1.5160E+01  3.6586E-04
  1.5172E+01  3.5812E-04
  1.5184E+01  3.3137E-04
  1.5196E+01  2.9721E-04
  1.5208E+01  2.7253E-04
  1.5219E+01  2.7163E-04
  1.5231E+01  2.9950E-04
  1.5243E+01  3.4911E-04
  1.5255E+01  4.0397E-04
  1.5267E+01  4.4486E-04
  1.5279E+01  4.5765E-04
  1.5291E+01  4.3892E-04
  1.5303E+01  3.9695E-04
  1.5315E+01  3.4788E-04
  1.5327E+01  3.0889E-04
  1.5339E+01  2.9157E-04
  1.5350E+01  2.9816E-04
  1.5362E+01  3.2238E-04
  1.5374E+01  3.5400E-04
  1.5386E+01  3.8487E-04
  1.5398E+01  4.1349E-04
  1.5410E+01  4.4575E-04
  1.5422E+01  4.9153E-04
  1.5434E+01  5.5857E-04
  1.5446E+01  6.4642E-04
  1.5458E+01  7.4343E-04
  1.5470E+01  8.2844E-04
  1.5481E+01  8.7685E-04
  1.5493E+01  8.6902E-04
  1.5505E+01  7.9814E-04
  1.5517E+01  6.7449E-04
  1.5529E+01  5.2450E-04
  1.5541E+01  3.8479E-04
  1.5553E+01  2.9296E-04
  1.5565E+01  2.7824E-04
  1.5577E+01  3.5444E-04
  1.5589E+01  5.1702E-04
  1.5601E+01  7.4442E-04
  1.5612E+01  1.0031E-03
  1.5624E+01  1.2545E-03
  1.5636E+01  1.4622E-03
  1.5648E+01  1.5977E-03
  1.5660E+01  1.6440E-03
  1.5672E+01  1.5978E-03
  1.5684E+01  1.4685E-03
  1.5696E+01  1.2766E-03
  1.5708E+01  1.0501E-03
  1.5720E+01  8.1972E-04
  1.5732E+01  6.1472E-04
  1.5743E+01  4.5824E-04
  1.5755E+01  3.6446E-04
  1.5767E+01  3.3701E-04
  1.5779E+01  3.6922E-04
  1.5791E+01  4.4601E-04
  1.5803E+01  5.4698E-04
  1.5815E+01  6.5008E-04
  1.5827E+01  7.3521E-04
  1.5839E+01  7.8723E-04
  1.5851E+01  7.9814E-04
  1.5863E+01  7.6805E-04
  1.5874E+01  7.0471E-04
  1.5886E+01  6.2158E-04
  1.5898E+01  5.3469E-04
  1.5910E+01  4.5891E-04
  1.5922E+01  4.0443E-04
  1.5934E+01  3.7440E-04
  1.5946E+01  3.6451E-04
  1.5958E+01  3.6479E-04
  1.5970E+01  3.6331E-04
  1.5982E+01  3.5050E-04
  1.5994E+01  3.2272E-04
  1.6005E+01  2.8375E-04
  1.6017E+01  2.4359E-04
  1.6029E+01  2.1508E-04
  1.6041E+01  2.0929E-04
  1.6053E+01  2.3158E-04
  1.6065E+01  2.7969E-04
  1.6077E+01  3.4446E-04
  1.6089E+01  4.1286E-04
  1.6101E+01  4.7203E-04
  1.6113E+01  5.1277E-04
  1.6125E+01  5.3139E-04
  1.6136E+01  5.2932E-04
  1.6148E+01  5.1118E-04
  1.6160E+01  4.8222E-04
  1.6172E+01  4.4654E-04
  1.6184E+01  4.0666E-04
  1.6196E+01  3.6437E-04
  1.6208E+01  3.2209E-04
  1.6220E+01  2.8363E-04
  1.6232E+01  2.5386E-04
  1.6244E+01  2.3710E-04
  1.6256E+01  2.3513E-04
  1.6267E+01  2.4585E-04
  1.6279E+01  2.6334E-04
  1.6291E+01  2.7964E-04
  1.6303E+01  2.8752E-04
  1.6315E+01  2.8317E-04
  1.6327E+01  2.6750E-04
  1.6339E+01  2.4559E-04
  1.6351E+01  2.2445E-04
  1.6363E+01  2.1007E-04
  1.6375E+01  2.0522E-04
  1.6387E+01  2.0881E-04
  1.6398E+01  2.1706E-04
  1.6410E+01  2.2588E-04
  1.6422E+01  2.3304E-04
  1.6434E+01  2.3922E-04
  1.6446E+01  2.4721E-04
  1.6458E+01  2.5980E-04
  1.6470E+01  2.7736E-04
  1.6482E+01  2.9655E-04
  1.6494E+01  3.1092E-04
  1.6506E+01  3.1338E-04
  1.6518E+01  2.9949E-04
  1.6529E+01  2.7012E-04
  1.6541E+01  2.3220E-04
  1.6553E+01  1.9712E-04
  1.6565E+01  1.7718E-04
  1.6577E+01  1.8162E-04
  1.6589E+01  2.1375E-04
  1.6601E+01  2.7026E-04
  1.6613E+01  3.4278E-04
  1.6625E+01  4.2092E-04
  1.6637E+01  4.9531E-04
  1.6649E+01  5.5945E-04
  1.6660E+01  6.0978E-04
  1.6672E+01  6.4447E-04
  1.6684E+01  6.6174E-04
  1.6696E+01  6.5916E-04
  1.6708E+01  6.3427E-04
  1.6720E+01  5.8649E-04
  1.6732E+01  5.1917E-04
  1.6744E+01  4.4039E-04
  1.6756E+01  3.6197E-04
  1.6768E+01  2.9649E-04
  1.6780E+01  2.5359E-04
  1.6791E+01  2.3706E-04
  1.6803E+01  2.4387E-04
  1.6815E+01  2.6571E-04
  1.6827E+01  2.9246E-04
  1.6839E+01  3.1588E-04
  1.6851E+01  3.3219E-04
  1.6863E+01  3.4227E-04
  1.6875E+01  3.4975E-04
  1.6887E+01  3.5806E-04
  1.6899E+01  3.6807E-04
  1.6911E+01  3.7759E-04
  1.6922E+01  3.8297E-04
  1.6934E+01  3.8203E-04
  1.6946E+01  3.7654E-04
  1.6958E+01  3.7283E-04
  1.6970E+01  3.7968E-04
  1.6982E+01  4.0425E-04
  1.6994E+01  4.4779E-04
  1.7006E+01  5.0330E-04
  1.7018E+01  5.5656E-04
  1.7030E+01  5.9078E-04
  1.7042E+01  5.9297E-04
  1.7053E+01  5.5976E-04
  1.7065E+01  5.0007E-04
  1.7077E+01  4.3331E-04
  1.7089E+01  3.8353E-04
  1.7101E+01  3.7180E-04
  1.7113E+01  4.0959E-04
  1.7125E+01  4.9587E-04
  1.7137E+01  6.1860E-04
  1.7149E+01  7.5989E-04
  1.7161E+01  9.0222E-04
  1.7173E+01  1.0331E-03
  1.7184E+01  1.1462E-03
  1.7196E+01  1.2392E-03
  1.7208E+01  1.3092E-03
  1.7220E+01  1.3500E-03
  1.7232E+01  1.3507E-03
  1.7244E+01  1.3004E-03
  1.7256E+01  1.1934E-03
  1.7268E+01  1.0359E-03
  1.7280E+01  8.4823E-04
  1.7292E+01  6.6229E-04
  1.7304E+01  5.1394E-04
  1.7315E+01  4.3249E-04
  1.7327E+01  4.3126E-04
  1.7339E+01  5.0278E-04
  1.7351E+01  6.2065E-04
  1.7363E+01  7.4771E-04
  1.7375E+01  8.4753E-04
  1.7387E+01  8.9522E-04
  1.7399E+01  8.8364E-04
  1.7411E+01  8.2329E-04
  1.7423E+01  7.3633E-04
  1.7435E+01  6.4745E-04
  1.7446E+01  5.7532E-04
  1.7458E+01  5.2781E-04
  1.7470E+01  5.0231E-04
  1.7482E+01  4.9026E-04
  1.7494E+01  4.8329E-04
  1.7506E+01  4.7783E-04
  1.7518E+01  4.7625E-04
  1.7530E+01  4.8409E-04
  1.7542E+01  5.0509E-04
  1.7554E+01  5.3660E-04
  1.7565E+01  5.6810E-04
  1.7577E+01  5.8373E-04
  1.7589E+01  5.6840E-04
  1.7601E+01  5.1485E-04
  1.7613E+01  4.2868E-04
  1.7625E+01  3.2897E-04
  1.7637E+01  2.4361E-04
  1.7649E+01  2.0099E-04
  1.7661E+01  2.2062E-04
  1.7673E+01  3.0624E-04
  1.7685E+01  4.4378E-04
  1.7696E+01  6.0498E-04
  1.7708E+01  7.5548E-04
  1.7720E+01  8.6432E-04
  1.7732E+01  9.1207E-04
  1.7744E+01  8.9471E-04
  1.7756E+01  8.2284E-04
  1.7768E+01  7.1678E-04
  1.7780E+01  5.9975E-04
  1.7792E+01  4.9153E-04
  1.7804E+01  4.0456E-04
  1.7816E+01  3.4318E-04
  1.7827E+01  3.0566E-04
  1.7839E+01  2.8732E-04
  1.7851E+01  2.8345E-04
  1.7863E+01  2.9068E-04
  1.7875E+01  3.0677E-04
  1.7887E+01  3.2930E-04
  1.7899E+01  3.5429E-04
  1.7911E+01  3.7585E-04
  1.7923E+01  3.8713E-04
  1.7935E+01  3.8233E-04
  1.7947E+01  3.5900E-04
  1.7958E+01  3.1941E-04
  1.7970E+01  2.7035E-04
  1.7982E+01  2.2134E-04
  1.7994E+01  1.8165E-04
  1.8006E+01  1.5741E-04
  1.8018E+01  1.4973E-04
  1.8030E+01  1.5451E-04
  1.8042E+01  1.6415E-04
  1.8054E+01  1.7036E-04
  1.8066E+01  1.6711E-04
  1.8078E+01  1.5260E-04
  1.8089E+01  1.2971E-04
  1.8101E+01  1.0467E-04
  1.8113E+01  8.4691E-05
  1.8125E+01  7.5307E-05
  1.8137E+01  7.8559E-05
  1.8149E+01  9.2497E-05
  1.8161E+01  1.1212E-04
  1.8173E+01  1.3130E-04
  1.8185E+01  1.4485E-04
  1.8197E+01  1.5006E-04
  1.8209E+01  1.4715E-04
  1.8220E+01  1.3864E-04
  1.8232E+01  1.2805E-04
  1.8244E+01  1.1845E-04
  1.8256E+01  1.1155E-04
  1.8268E+01  1.0750E-04
  1.8280E+01  1.0544E-04
  1.8292E+01  1.0428E-04
  1.8304E+01  1.0341E-04
  1.8316E+01  1.0295E-04
  1.8328E+01  1.0341E-04
  1.8340E+01  1.0510E-04
  1.8351E+01  1.0761E-04
  1.8363E+01  1.0969E-04
  1.8375E+01  1.0959E-04
  1.8387E+01  1.0593E-04
  1.8399E+01  9.8346E-05
  1.8411E+01  8.7975E-05
  1.8423E+01  7.7151E-05
  1.8435E+01  6.8629E-05
  1.8447E+01  6.4546E-05
  1.8459E+01  6.5597E-05
  1.8471E+01  7.0805E-05
  1.8482E+01  7.8003E-05
  1.8494E+01  8.4814E-05
  1.8506E+01  8.9699E-05
  1.8518E+01  9.2590E-05
  1.8530E+01  9.4806E-05
  1.8542E+01  9.8295E-05
  1.8554E+01  1.0452E-04
  1.8566E+01  1.1354E-04
  1.8578E+01  1.2371E-04
  1.8590E+01  1.3215E-04
  1.8602E+01  1.3591E-04
  1.8613E+01  1.3321E-04
  1.8625E+01  1.2432E-04
  1.8637E+01  1.1170E-04
  1.8649E+01  9.9217E-05
  1.8661E+01  9.0972E-05
  1.8673E+01  8.9972E-05
  1.8685E+01  9.7363E-05
  1.8697E+01  1.1239E-04
  1.8709E+01  1.3302E-04
  1.8721E+01  1.5685E-04
  1.8733E+01  1.8190E-04
  1.8744E+01  2.0687E-04
  1.8756E+01  2.3079E-04
  1.8768E+01  2.5249E-04
  1.8780E+01  2.7006E-04
  1.8792E+01  2.8085E-04
  1.8804E+01  2.8210E-04
  1.8816E+01  2.7197E-04
  1.8828E+01  2.5055E-04
  1.8840E+01  2.2028E-04
  1.8852E+01  1.8565E-04
  1.8864E+01  1.5211E-04
  1.8875E+01  1.2455E-04
  1.8887E+01  1.0609E-04
  1.8899E+01  9.7470E-05
  1.8911E+01  9.7295E-05
  1.8923E+01  1.0296E-04
  1.8935E+01  1.1177E-04
  1.8947E+01  1.2177E-04
  1.8959E+01  1.3194E-04
  1.8971E+01  1.4178E-04
  1.8983E+01  1.5069E-04
  1.8995E+01  1.5753E-04
  1.9006E+01  1.6073E-04
  1.9018E+01  1.5907E-04
  1.9030E+01  1.5262E-04
  1.9042E+01  1.4342E-04
  1.9054E+01  1.3537E-04
  1.9066E+01  1.3313E-04
  1.9078E+01  1.4040E-04
  1.9090E+01  1.5821E-04
  1.9102E+01  1.8395E-04
  1.9114E+01  2.1178E-04
  1.9126E+01  2.3438E-04
  1.9137E+01  2.4536E-04
  1.9149E+01  2.4161E-04
  1.9161E+01  2.2451E-04
  1.9173E+01  1.9966E-04
  1.9185E+01  1.7502E-04
  1.9197E+01  1.5850E-04
  1.9209E+01  1.5564E-04
  1.9221E+01  1.6849E-04
  1.9233E+01  1.9592E-04
  1.9245E+01  2.3488E-04
  1.9257E+01  2.8214E-04
  1.9268E+01  3.3522E-04
  1.9280E+01  3.9231E-04
  1.9292E+01  4.5109E-04
  1.9304E+01  5.0723E-04
  1.9316E+01  5.5361E-04
  1.9328E+01  5.8106E-04
  1.9340E+01  5.8064E-04
  1.9352E+01  5.4701E-04
  1.9364E+01  4.8140E-04
  1.9376E+01  3.9287E-04
  1.9388E+01  2.9711E-04
  1.9399E+01  2.1268E-04
  1.9411E+01  1.5592E-04
  1.9423E+01  1.3613E-04
  1.9435E+01  1.5285E-04
  1.9447E+01  1.9623E-04
  1.9459E+01  2.5032E-04
  1.9471E+01  2.9835E-04
  1.9483E+01  3.2776E-04
  1.9495E+01  3.3355E-04
  1.9507E+01  3.1867E-04
  1.9519E+01  2.9166E-04
  1.9530E+01  2.6263E-04
  1.9542E+01  2.3935E-04
  1.9554E+01  2.2485E-04
  1.9566E+01  2.1742E-04
  1.9578E+01  2.1264E-04
  1.9590E+01  2.0629E-04
  1.9602E+01  1.9671E-04
  1.9614E+01  1.8555E-04
  1.9626E+01  1.7653E-04
  1.9638E+01  1.7305E-04
  1.9650E+01  1.7581E-04
  1.9661E+01  1.8170E-04
  1.9673E+01  1.8470E-04
  1.9685E+01  1.7851E-04
  1.9697E+01  1.5979E-04
  1.9709E+01  1.3057E-04
  1.9721E+01  9.8532E-05
  1.9733E+01  7.4972E-05
  1.9745E+01  7.0874E-05
  1.9757E+01  9.2665E-05
  1.9769E+01  1.3927E-04
  1.9781E+01  2.0168E-04
  1.9792E+01  2.6532E-04
  1.9804E+01  3.1445E-04
  1.9816E+01  3.3696E-04
  1.9828E+01  3.2795E-04
  1.9840E+01  2.9084E-04
  1.9852E+01  2.3583E-04
  1.9864E+01  1.7633E-04
  1.9876E+01  1.2477E-04
  1.9888E+01  8.9299E-05
  1.9900E+01  7.2371E-05
  1.9912E+01  7.1346E-05
  1.9923E+01  8.0627E-05
  1.9935E+01  9.4213E-05
  1.9947E+01  1.0764E-04
  1.9959E+01  1.1871E-04
  1.9971E+01  1.2702E-04
  1.9983E+01  1.3275E-04
  1.9995E+01  1.3564E-04
  2.0007E+01  1.3451E-04
  2.0019E+01  1.2777E-04
  2.0031E+01  1.1438E-04
  2.0043E+01  9.4910E-05
  2.0054E+01  7.1882E-05
  2.0066E+01  4.9332E-05
  2.0078E+01  3.1559E-05
  2.0090E+01  2.1652E-05
  2.0102E+01  2.0386E-05
  2.0114E+01  2.5967E-05
  2.0126E+01  3.4739E-05
  2.0138E+01  4.2560E-05
  2.0150E+01  4.6278E-05
  2.0162E+01  4.4732E-05
  2.0174E+01  3.8916E-05
  2.0185E+01  3.1302E-05
  2.0197E+01  2.4678E-05
  2.0209E+01  2.0997E-05
  2.0221E+01  2.0715E-05
  2.0233E+01  2.2812E-05
  2.0245E+01  2.5431E-05
  2.0257E+01  2.6767E-05
  2.0269E+01  2.5825E-05
  2.0281E+01  2.2729E-05
  2.0293E+01  1.8514E-05
  2.0305E+01  1.4573E-05
  2.0316E+01  1.2030E-05
  2.0328E+01  1.1354E-05
  2.0340E+01  1.2334E-05
  2.0352E+01  1.4375E-05
  2.0364E+01  1.6914E-05
  2.0376E+01  1.9723E-05
  2.0388E+01  2.2948E-05
  2.0400E+01  2.6870E-05
  2.0412E+01  3.1544E-05
  2.0424E+01  3.6525E-05
  2.0436E+01  4.0843E-05
  2.0447E+01  4.3274E-05
  2.0459E+01  4.2810E-05
  2.0471E+01  3.9105E-05
  2.0483E+01  3.2708E-05
  2.0495E+01  2.4952E-05
  2.0507E+01  1.7550E-05
  2.0519E+01  1.2045E-05
  2.0531E+01  9.3346E-06
  2.0543E+01  9.4620E-06
  2.0555E+01  1.1727E-05
  2.0567E+01  1.5048E-05
  2.0578E+01  1.8415E-05
  2.0590E+01  2.1231E-05
  2.0602E+01  2.3428E-05
  2.0614E+01  2.5332E-05
  2.0626E+01  2.7375E-05
  2.0638E+01  2.9804E-05
  2.0650E+01  3.2513E-05
  2.0662E+01  3.5075E-05
  2.0674E+01  3.6930E-05
  2.0686E+01  3.7642E-05
  2.0698E+01  3.7086E-05
  2.0709E+01  3.5499E-05
  2.0721E+01  3.3382E-05
  2.0733E+01  3.1301E-05
  2.0745E+01  2.9705E-05
  2.0757E+01  2.8827E-05
  2.0769E+01  2.8703E-05
  2.0781E+01  2.9291E-05
  2.0793E+01  3.0600E-05
  2.0805E+01  3.2763E-05
  2.0817E+01  3.6002E-05
  2.0829E+01  4.0495E-05
  2.0840E+01  4.6218E-05
  2.0852E+01  5.2822E-05
  2.0864E+01  5.9624E-05
  2.0876E+01  6.5725E-05
  2.0888E+01  7.0216E-05
  2.0900E+01  7.2403E-05
  2.0912E+01  7.1969E-05
  2.0924E+01  6.9032E-05
  2.0936E+01  6.4074E-05
  2.0948E+01  5.7803E-05
  2.0960E+01  5.0983E-05
  2.0971E+01  4.4305E-05
  2.0983E+01  3.8319E-05
  2.0995E+01  3.3422E-05
  2.1007E+01  2.9869E-05
  2.1019E+01  2.7786E-05
  2.1031E+01  2.7156E-05
  2.1043E+01  2.7793E-05
  2.1055E+01  2.9328E-05
  2.1067E+01  3.1235E-05
  2.1079E+01  3.2923E-05
  2.1091E+01  3.3878E-05
  2.1102E+01  3.3820E-05
  2.1114E+01  3.2821E-05
  2.1126E+01  3.1333E-05
  2.1138E+01  3.0112E-05
  2.1150E+01  3.0034E-05
  2.1162E+01  3.1858E-05
  2.1174E+01  3.5996E-05
  2.1186E+01  4.2350E-05
  2.1198E+01  5.0277E-05
  2.1210E+01  5.8678E-05
  2.1222E+01  6.6204E-05
  2.1233E+01  7.1524E-05
  2.1245E+01  7.3611E-05
  2.1257E+01  7.1975E-05
  2.1269E+01  6.6804E-05
  2.1281E+01  5.8993E-05
  2.1293E+01  5.0049E-05
  2.1305E+01  4.1888E-05
  2.1317E+01  3.6549E-05
  2.1329E+01  3.5877E-05
  2.1341E+01  4.1192E-05
  2.1353E+01  5.3019E-05
  2.1364E+01  7.0908E-05
  2.1376E+01  9.3394E-05
  2.1388E+01  1.1812E-04
  2.1400E+01  1.4209E-04
  2.1412E+01  1.6216E-04
  2.1424E+01  1.7546E-04
  2.1436E+01  1.7996E-04
  2.1448E+01  1.7486E-04
  2.1460E+01  1.6081E-04
  2.1472E+01  1.3985E-04
  2.1483E+01  1.1510E-04
  2.1495E+01  9.0192E-05
  2.1507E+01  6.8629E-05
  2.1519E+01  5.3092E-05
  2.1531E+01  4.4973E-05
  2.1543E+01  4.4178E-05
  2.1555E+01  4.9279E-05
  2.1567E+01  5.7958E-05
  2.1579E+01  6.7628E-05
  2.1591E+01  7.6060E-05
  2.1603E+01  8.1845E-05
  2.1614E+01  8.4585E-05
  2.1626E+01  8.4770E-05
  2.1638E+01  8.3431E-05
  2.1650E+01  8.1693E-05
  2.1662E+01  8.0375E-05
  2.1674E+01  7.9775E-05
  2.1686E+01  7.9670E-05
  2.1698E+01  7.9491E-05
  2.1710E+01  7.8589E-05
  2.1722E+01  7.6480E-05
  2.1734E+01  7.2974E-05
  2.1745E+01  6.8192E-05
  2.1757E+01  6.2497E-05
  2.1769E+01  5.6413E-05
  2.1781E+01  5.0595E-05
  2.1793E+01  4.5846E-05
  2.1805E+01  4.3145E-05
  2.1817E+01  4.3606E-05
  2.1829E+01  4.8294E-05
  2.1841E+01  5.7907E-05
  2.1853E+01  7.2394E-05
  2.1865E+01  9.0659E-05
  2.1876E+01  1.1050E-04
  2.1888E+01  1.2891E-04
  2.1900E+01  1.4266E-04
  2.1912E+01  1.4912E-04
  2.1924E+01  1.4692E-04
  2.1936E+01  1.3641E-04
  2.1948E+01  1.1959E-04
  2.1960E+01  9.9552E-05
  2.1972E+01  7.9710E-05
  2.1984E+01  6.2911E-05
  2.1996E+01  5.0849E-05
  2.2007E+01  4.3898E-05
  2.2019E+01  4.1364E-05
  2.2031E+01  4.2019E-05
  2.2043E+01  4.4659E-05
  2.2055E+01  4.8445E-05
  2.2067E+01  5.2930E-05
  2.2079E+01  5.7812E-05
  2.2091E+01  6.2598E-05
  2.2103E+01  6.6406E-05
  2.2115E+01  6.8054E-05
  2.2127E+01  6.6440E-05
  2.2138E+01  6.1047E-05
  2.2150E+01  5.2330E-05
  2.2162E+01  4.1760E-05
  2.2174E+01  3.1451E-05
  2.2186E+01  2.3481E-05
  2.2198E+01  1.9162E-05
  2.2210E+01  1.8581E-05
  2.2222E+01  2.0616E-05
  2.2234E+01  2.3438E-05
  2.2246E+01  2.5305E-05
  2.2258E+01  2.5297E-05
  2.2269E+01  2.3671E-05
  2.2281E+01  2.1681E-05
  2.2293E+01  2.0924E-05
  2.2305E+01  2.2520E-05
  2.2317E+01  2.6495E-05
  2.2329E+01  3.1672E-05
  2.2341E+01  3.6136E-05
  2.2353E+01  3.8085E-05
  2.2365E+01  3.6690E-05
  2.2377E+01  3.2552E-05
  2.2389E+01  2.7536E-05
  2.2400E+01  2.4009E-05
  2.2412E+01  2.3812E-05
  2.2424E+01  2.7402E-05
  2.2436E+01  3.3574E-05
  2.2448E+01  3.9901E-05
  2.2460E+01  4.3733E-05
  2.2472E+01  4.3336E-05
  2.2484E+01  3.8670E-05
  2.2496E+01  3.1467E-05
  2.2508E+01  2.4542E-05
  2.2520E+01  2.0646E-05
  2.2531E+01  2.1320E-05
  2.2543E+01  2.6261E-05
  2.2555E+01  3.3458E-05
  2.2567E+01  4.0043E-05
  2.2579E+01  4.3479E-05
  2.2591E+01  4.2579E-05
  2.2603E+01  3.7924E-05
  2.2615E+01  3.1517E-05
  2.2627E+01  2.5867E-05
  2.2639E+01  2.2909E-05
  2.2651E+01  2.3248E-05
  2.2662E+01  2.6040E-05
  2.2674E+01  2.9526E-05
  2.2686E+01  3.1946E-05
  2.2698E+01  3.2364E-05
  2.2710E+01  3.1058E-05
  2.2722E+01  2.9265E-05
  2.2734E+01  2.8461E-05
  2.2746E+01  2.9525E-05
  2.2758E+01  3.2211E-05
  2.2770E+01  3.5196E-05
  2.2782E+01  3.6695E-05
  2.2793E+01  3.5358E-05
  2.2805E+01  3.1020E-05
  2.2817E+01  2.4938E-05
  2.2829E+01  1.9381E-05
  2.2841E+01  1.6743E-05
  2.2853E+01  1.8553E-05
  2.2865E+01  2.4837E-05
  2.2877E+01  3.4086E-05
  2.2889E+01  4.3856E-05
  2.2901E+01  5.1706E-05
  2.2913E+01  5.6085E-05
  2.2924E+01  5.6769E-05
  2.2936E+01  5.4716E-05
  2.2948E+01  5.1443E-05
  2.2960E+01  4.8270E-05
  2.2972E+01  4.5777E-05
  2.2984E+01  4.3739E-05
  2.2996E+01  4.1493E-05
  2.3008E+01  3.8536E-05
  2.3020E+01  3.4995E-05
  2.3032E+01  3.1713E-05
  2.3044E+01  2.9888E-05
  2.3055E+01  3.0452E-05
  2.3067E+01  3.3499E-05
  2.3079E+01  3.8093E-05
  2.3091E+01  4.2567E-05
  2.3103E+01  4.5231E-05
  2.3115E+01  4.5130E-05
  2.3127E+01  4.2523E-05
  2.3139E+01  3.8817E-05
  2.3151E+01  3.5986E-05
  2.3163E+01  3.5721E-05
  2.3175E+01  3.8709E-05
  2.3186E+01  4.4363E-05
  2.3198E+01  5.1144E-05
  2.3210E+01  5.7300E-05
  2.3222E+01  6.1655E-05
  2.3234E+01  6.4073E-05
  2.3246E+01  6.5361E-05
  2.3258E+01  6.6663E-05
  2.3270E+01  6.8679E-05
  2.3282E+01  7.1110E-05
  2.3294E+01  7.2667E-05
  2.3306E+01  7.1705E-05
  2.3317E+01  6.7199E-05
  2.3329E+01  5.9620E-05
  2.3341E+01  5.1236E-05
  2.3353E+01  4.5605E-05
  2.3365E+01  4.6377E-05
  2.3377E+01  5.5868E-05
  2.3389E+01  7.3984E-05
  2.3401E+01  9.8000E-05
  2.3413E+01  1.2330E-04
  2.3425E+01  1.4485E-04
  2.3437E+01  1.5881E-04
  2.3448E+01  1.6363E-04
  2.3460E+01  1.6033E-04
  2.3472E+01  1.5177E-04
  2.3484E+01  1.4131E-04
  2.3496E+01  1.3154E-04
  2.3508E+01  1.2349E-04
  2.3520E+01  1.1675E-04
  2.3532E+01  1.1027E-04
  2.3544E+01  1.0345E-04
  2.3556E+01  9.6903E-05
  2.3568E+01  9.2539E-05
  2.3579E+01  9.2788E-05
  2.3591E+01  9.9395E-05
  2.3603E+01  1.1228E-04
  2.3615E+01  1.2905E-04
  2.3627E+01  1.4546E-04
  2.3639E+01  1.5676E-04
  2.3651E+01  1.5935E-04
  2.3663E+01  1.5223E-04
  2.3675E+01  1.3751E-04
  2.3687E+01  1.1990E-04
  2.3699E+01  1.0526E-04
  2.3710E+01  9.8730E-05
  2.3722E+01  1.0324E-04
  2.3734E+01  1.1877E-04
  2.3746E+01  1.4265E-04
  2.3758E+01  1.7060E-04
  2.3770E+01  1.9810E-04
  2.3782E+01  2.2155E-04
  2.3794E+01  2.3875E-04
  2.3806E+01  2.4885E-04
  2.3818E+01  2.5177E-04
  2.3830E+01  2.4768E-04
  2.3841E+01  2.3679E-04
  2.3853E+01  2.1974E-04
  2.3865E+01  1.9826E-04
  2.3877E+01  1.7585E-04
  2.3889E+01  1.5787E-04
  2.3901E+01  1.5080E-04
  2.3913E+01  1.6075E-04
  2.3925E+01  1.9147E-04
  2.3937E+01  2.4264E-04
  2.3949E+01  3.0897E-04
  2.3961E+01  3.8063E-04
  2.3972E+01  4.4510E-04
  2.3984E+01  4.9003E-04
  2.3996E+01  5.0628E-04
  2.4008E+01  4.9035E-04
  2.4020E+01  4.4540E-04
  2.4032E+01  3.8057E-04
  2.4044E+01  3.0867E-04
  2.4056E+01  2.4316E-04
  2.4068E+01  1.9490E-04
  2.4080E+01  1.6988E-04
  2.4092E+01  1.6826E-04
  2.4103E+01  1.8505E-04
  2.4115E+01  2.1200E-04
  2.4127E+01  2.4011E-04
  2.4139E+01  2.6185E-04
  2.4151E+01  2.7263E-04
  2.4163E+01  2.7110E-04
  2.4175E+01  2.5852E-04
  2.4187E+01  2.3759E-04
  2.4199E+01  2.1132E-04
  2.4211E+01  1.8227E-04
  2.4223E+01  1.5243E-04
  2.4234E+01  1.2349E-04
  2.4246E+01  9.7264E-05
  2.4258E+01  7.5868E-05
  2.4270E+01  6.1385E-05
  2.4282E+01  5.5194E-05
  2.4294E+01  5.7208E-05
  2.4306E+01  6.5468E-05
  2.4318E+01  7.6385E-05
  2.4330E+01  8.5674E-05
  2.4342E+01  8.9676E-05
  2.4354E+01  8.6566E-05
  2.4365E+01  7.6960E-05
  2.4377E+01  6.3622E-05
  2.4389E+01  5.0369E-05
  2.4401E+01  4.0589E-05
  2.4413E+01  3.5983E-05
  2.4425E+01  3.6048E-05
  2.4437E+01  3.8526E-05
  2.4449E+01  4.0605E-05
  2.4461E+01  4.0325E-05
  2.4473E+01  3.7570E-05
  2.4485E+01  3.4152E-05
  2.4496E+01  3.2969E-05
  2.4508E+01  3.6558E-05
  2.4520E+01  4.5727E-05
  2.4532E+01  5.8878E-05
  2.4544E+01  7.2380E-05
  2.4556E+01  8.1895E-05
  2.4568E+01  8.4085E-05
  2.4580E+01  7.8004E-05
  2.4592E+01  6.5547E-05
  2.4604E+01  5.0757E-05
  2.4616E+01  3.8277E-05
  2.4627E+01  3.1586E-05
  2.4639E+01  3.1756E-05
  2.4651E+01  3.7224E-05
  2.4663E+01  4.4653E-05
  2.4675E+01  5.0461E-05
  2.4687E+01  5.2339E-05
  2.4699E+01  5.0087E-05
  2.4711E+01  4.5450E-05
  2.4723E+01  4.1087E-05
  2.4735E+01  3.9188E-05
  2.4747E+01  4.0413E-05
  2.4758E+01  4.3617E-05
  2.4770E+01  4.6489E-05
  2.4782E+01  4.6756E-05
  2.4794E+01  4.3372E-05
  2.4806E+01  3.7098E-05
  2.4818E+01  3.0201E-05
  2.4830E+01  2.5415E-05
  2.4842E+01  2.4643E-05
  2.4854E+01  2.8033E-05
  2.4866E+01  3.3858E-05
  2.4878E+01  3.9278E-05
  2.4889E+01  4.1627E-05
  2.4901E+01  3.9630E-05
  2.4913E+01  3.3990E-05
  2.4925E+01  2.7064E-05
  2.4937E+01  2.1792E-05
  2.4949E+01  2.0377E-05
  2.4961E+01  2.3318E-05
  2.4973E+01  2.9247E-05
  2.4985E+01  3.5608E-05
  2.4997E+01  3.9859E-05
  2.5009E+01  4.0621E-05
  2.5020E+01  3.8240E-05
  2.5032E+01  3.4508E-05
  2.5044E+01  3.1714E-05
  2.5056E+01  3.1485E-05
  2.5068E+01  3.3997E-05
  2.5080E+01  3.7916E-05
  2.5092E+01  4.1095E-05
  2.5104E+01  4.1656E-05
  2.5116E+01  3.8945E-05
  2.5128E+01  3.3858E-05
  2.5140E+01  2.8409E-05
  2.5151E+01  2.4734E-05
  2.5163E+01  2.4040E-05
  2.5175E+01  2.6026E-05
  2.5187E+01  2.9078E-05
  2.5199E+01  3.1131E-05
  2.5211E+01  3.0792E-05
  2.5223E+01  2.8143E-05
  2.5235E+01  2.4802E-05
  2.5247E+01  2.3191E-05
  2.5259E+01  2.5321E-05
  2.5271E+01  3.1698E-05
  2.5282E+01  4.0897E-05
  2.5294E+01  5.0049E-05
  2.5306E+01  5.6061E-05
  2.5318E+01  5.6995E-05
  2.5330E+01  5.2967E-05
  2.5342E+01  4.6123E-05
  2.5354E+01  3.9662E-05
  2.5366E+01  3.6362E-05
  2.5378E+01  3.7303E-05
  2.5390E+01  4.1397E-05
  2.5401E+01  4.6002E-05
  2.5413E+01  4.8326E-05
  2.5425E+01  4.6971E-05
  2.5437E+01  4.2831E-05
  2.5449E+01  3.8872E-05
  2.5461E+01  3.8812E-05
  2.5473E+01  4.5270E-05
  2.5485E+01  5.8248E-05
  2.5497E+01  7.4719E-05
  2.5509E+01  8.9594E-05
  2.5521E+01  9.7762E-05
  2.5532E+01  9.6302E-05
  2.5544E+01  8.5912E-05
  2.5556E+01  7.0824E-05
  2.5568E+01  5.7191E-05
  2.5580E+01  5.0565E-05
  2.5592E+01  5.3541E-05
  2.5604E+01  6.4607E-05
  2.5616E+01  7.8734E-05
  2.5628E+01  8.9512E-05
  2.5640E+01  9.1931E-05
  2.5652E+01  8.4615E-05
  2.5663E+01  7.0502E-05
  2.5675E+01  5.5663E-05
  2.5687E+01  4.6726E-05
  2.5699E+01  4.8019E-05
  2.5711E+01  5.9657E-05
  2.5723E+01  7.7403E-05
  2.5735E+01  9.4400E-05
  2.5747E+01  1.0404E-04
  2.5759E+01  1.0277E-04
  2.5771E+01  9.1663E-05
  2.5783E+01  7.6062E-05
  2.5794E+01  6.3552E-05
  2.5806E+01  6.1071E-05
  2.5818E+01  7.2422E-05
  2.5830E+01  9.7165E-05
  2.5842E+01  1.3125E-04
  2.5854E+01  1.6896E-04
  2.5866E+01  2.0517E-04
  2.5878E+01  2.3691E-04
  2.5890E+01  2.6349E-04
  2.5902E+01  2.8526E-04
  2.5914E+01  3.0189E-04
  2.5925E+01  3.1105E-04
  2.5937E+01  3.0848E-04
  2.5949E+01  2.8980E-04
  2.5961E+01  2.5323E-04
  2.5973E+01  2.0233E-04
  2.5985E+01  1.4716E-04
  2.5997E+01  1.0299E-04
  2.6009E+01  8.6676E-05
  2.6021E+01  1.1153E-04
  2.6033E+01  1.8251E-04
  2.6045E+01  2.9340E-04
  2.6056E+01  4.2720E-04
  2.6068E+01  5.5974E-04
  2.6080E+01  6.6553E-04
  2.6092E+01  7.2410E-04
  2.6104E+01  7.2501E-04
  2.6116E+01  6.6996E-04
  2.6128E+01  5.7172E-04
  2.6140E+01  4.5027E-04
  2.6152E+01  3.2759E-04
  2.6164E+01  2.2270E-04
  2.6176E+01  1.4813E-04
  2.6187E+01  1.0875E-04
  2.6199E+01  1.0246E-04
  2.6211E+01  1.2233E-04
  2.6223E+01  1.5903E-04
  2.6235E+01  2.0287E-04
  2.6247E+01  2.4514E-04
  2.6259E+01  2.7880E-04
  2.6271E+01  2.9867E-04
  2.6283E+01  3.0168E-04
  2.6295E+01  2.8702E-04
  2.6307E+01  2.5643E-04
  2.6318E+01  2.1408E-04
  2.6330E+01  1.6609E-04
  2.6342E+01  1.1942E-04
  2.6354E+01  8.0421E-05
  2.6366E+01  5.3421E-05
  2.6378E+01  3.9777E-05
  2.6390E+01  3.7753E-05
  2.6402E+01  4.3253E-05
  2.6414E+01  5.1193E-05
  2.6426E+01  5.7023E-05
  2.6438E+01  5.7920E-05
  2.6449E+01  5.3297E-05
  2.6461E+01  4.4553E-05
  2.6473E+01  3.4237E-05
  2.6485E+01  2.5005E-05
  2.6497E+01  1.8737E-05
  2.6509E+01  1.6092E-05
  2.6521E+01  1.6571E-05
  2.6533E+01  1.8959E-05
  2.6545E+01  2.1905E-05
  2.6557E+01  2.4399E-05
  2.6569E+01  2.5985E-05
  2.6580E+01  2.6703E-05
  2.6592E+01  2.6842E-05
  2.6604E+01  2.6681E-05
  2.6616E+01  2.6325E-05
  2.6628E+01  2.5708E-05
  2.6640E+01  2.4712E-05
  2.6652E+01  2.3319E-05
  2.6664E+01  2.1707E-05
  2.6676E+01  2.0223E-05
  2.6688E+01  1.9248E-05
  2.6700E+01  1.9029E-05
  2.6711E+01  1.9549E-05
  2.6723E+01  2.0507E-05
  2.6735E+01  2.1412E-05
  2.6747E+01  2.1767E-05
  2.6759E+01  2.1245E-05
  2.6771E+01  1.9813E-05
  2.6783E+01  1.7735E-05
  2.6795E+01  1.5472E-05
  2.6807E+01  1.3513E-05
  2.6819E+01  1.2214E-05
  2.6831E+01  1.1695E-05
  2.6842E+01  1.1829E-05
  2.6854E+01  1.2327E-05
  2.6866E+01  1.2850E-05
  2.6878E+01  1.3140E-05
  2.6890E+01  1.3084E-05
  2.6902E+01  1.2721E-05
  2.6914E+01  1.2187E-05
  2.6926E+01  1.1630E-05
  2.6938E+01  1.1141E-05
  2.6950E+01  1.0722E-05
  2.6962E+01  1.0311E-05
  2.6973E+01  9.8379E-06
  2.6985E+01  9.2938E-06
  2.6997E+01  8.7668E-06
  2.7009E+01  8.4331E-06
  2.7021E+01  8.4956E-06
  2.7033E+01  9.0952E-06
  2.7045E+01  1.0232E-05
  2.7057E+01  1.1730E-05
  2.7069E+01  1.3273E-05
  2.7081E+01  1.4498E-05
  2.7093E+01  1.5117E-05
  2.7104E+01  1.5023E-05
  2.7116E+01  1.4334E-05
  2.7128E+01  1.3357E-05
  2.7140E+01  1.2478E-05
  2.7152E+01  1.2033E-05
  2.7164E+01  1.2185E-05
  2.7176E+01  1.2883E-05
  2.7188E+01  1.3892E-05
  2.7200E+01  1.4894E-05
  2.7212E+01  1.5613E-05
  2.7224E+01  1.5900E-05
  2.7235E+01  1.5766E-05
  2.7247E+01  1.5329E-05
  2.7259E+01  1.4727E-05
  2.7271E+01  1.4043E-05
  2.7283E+01  1.3269E-05
  2.7295E+01  1.2343E-05
  2.7307E+01  1.1233E-05
  2.7319E+01  1.0017E-05
  2.7331E+01  8.9093E-06
  2.7343E+01  8.2091E-06
  2.7355E+01  8.1806E-06
  2.7366E+01  8.9151E-06
  2.7378E+01  1.0246E-05
  2.7390E+01  1.1769E-05
  2.7402E+01  1.2971E-05
  2.7414E+01  1.3433E-05
  2.7426E+01  1.3015E-05
  2.7438E+01  1.1944E-05
  2.7450E+01  1.0748E-05
  2.7462E+01  1.0067E-05
  2.7474E+01  1.0392E-05
  2.7486E+01  1.1857E-05
  2.7497E+01  1.4176E-05
  2.7509E+01  1.6743E-05
  2.7521E+01  1.8874E-05
  2.7533E+01  2.0077E-05
  2.7545E+01  2.0225E-05
  2.7557E+01  1.9581E-05
  2.7569E+01  1.8632E-05
  2.7581E+01  1.7851E-05
  2.7593E+01  1.7470E-05
  2.7605E+01  1.7413E-05
  2.7617E+01  1.7392E-05
  2.7628E+01  1.7155E-05
  2.7640E+01  1.6737E-05
  2.7652E+01  1.6582E-05
  2.7664E+01  1.7441E-05
  2.7676E+01  2.0064E-05
  2.7688E+01  2.4789E-05
  2.7700E+01  3.1235E-05
  2.7712E+01  3.8241E-05
  2.7724E+01  4.4145E-05
  2.7736E+01  4.7319E-05
  2.7748E+01  4.6779E-05
  2.7759E+01  4.2608E-05
  2.7771E+01  3.6018E-05
  2.7783E+01  2.8967E-05
  2.7795E+01  2.3486E-05
  2.7807E+01  2.0952E-05
  2.7819E+01  2.1600E-05
  2.7831E+01  2.4496E-05
  2.7843E+01  2.7992E-05
  2.7855E+01  3.0510E-05
  2.7867E+01  3.1358E-05
  2.7879E+01  3.1246E-05
  2.7890E+01  3.2302E-05
  2.7902E+01  3.7547E-05
  2.7914E+01  5.0007E-05
  2.7926E+01  7.1750E-05
  2.7938E+01  1.0319E-04
  2.7950E+01  1.4279E-04
  2.7962E+01  1.8734E-04
  2.7974E+01  2.3243E-04
  2.7986E+01  2.7324E-04
  2.7998E+01  3.0509E-04
  2.8010E+01  3.2409E-04
  2.8021E+01  3.2751E-04
  2.8033E+01  3.1428E-04
  2.8045E+01  2.8551E-04
  2.8057E+01  2.4499E-04
  2.8069E+01  1.9940E-04
  2.8081E+01  1.5805E-04
  2.8093E+01  1.3184E-04
  2.8105E+01  1.3137E-04
  2.8117E+01  1.6459E-04
  2.8129E+01  2.3440E-04
  2.8141E+01  3.3700E-04
  2.8152E+01  4.6159E-04
  2.8164E+01  5.9169E-04
  2.8176E+01  7.0803E-04
  2.8188E+01  7.9240E-04
  2.8200E+01  8.3135E-04
  2.8212E+01  8.1897E-04
  2.8224E+01  7.5795E-04
  2.8236E+01  6.5874E-04
  2.8248E+01  5.3709E-04
  2.8260E+01  4.1077E-04
  2.8272E+01  2.9618E-04
  2.8283E+01  2.0578E-04
  2.8295E+01  1.4662E-04
  2.8307E+01  1.2015E-04
  2.8319E+01  1.2302E-04
  2.8331E+01  1.4843E-04
  2.8343E+01  1.8765E-04
  2.8355E+01  2.3134E-04
  2.8367E+01  2.7075E-04
  2.8379E+01  2.9858E-04
  2.8391E+01  3.0977E-04
  2.8403E+01  3.0214E-04
  2.8414E+01  2.7663E-04
  2.8426E+01  2.3721E-04
  2.8438E+01  1.9008E-04
  2.8450E+01  1.4246E-04
  2.8462E+01  1.0098E-04
  2.8474E+01  7.0283E-05
  2.8486E+01  5.2124E-05
  2.8498E+01  4.5299E-05
  2.8510E+01  4.6353E-05
  2.8522E+01  5.0846E-05
  2.8534E+01  5.4723E-05
  2.8545E+01  5.5349E-05
  2.8557E+01  5.1920E-05
  2.8569E+01  4.5221E-05
  2.8581E+01  3.6943E-05
  2.8593E+01  2.8910E-05
  2.8605E+01  2.2556E-05
  2.8617E+01  1.8782E-05
  2.8629E+01  1.8165E-05
  2.8641E+01  2.1263E-05
  2.8653E+01  2.8740E-05
  2.8665E+01  4.1160E-05
  2.8676E+01  5.8479E-05
  2.8688E+01  7.9483E-05
  2.8700E+01  1.0151E-04
  2.8712E+01  1.2074E-04
  2.8724E+01  1.3300E-04
  2.8736E+01  1.3507E-04
  2.8748E+01  1.2577E-04
  2.8760E+01  1.0663E-04
  2.8772E+01  8.1644E-05
  2.8784E+01  5.6247E-05
  2.8796E+01  3.5765E-05
  2.8807E+01  2.3902E-05
  2.8819E+01  2.1788E-05
  2.8831E+01  2.7892E-05
  2.8843E+01  3.8792E-05
  2.8855E+01  5.0476E-05
  2.8867E+01  5.9656E-05
  2.8879E+01  6.4629E-05
  2.8891E+01  6.5420E-05
  2.8903E+01  6.3258E-05
  2.8915E+01  5.9699E-05
  2.8927E+01  5.5825E-05
  2.8938E+01  5.1865E-05
  2.8950E+01  4.7351E-05
  2.8962E+01  4.1669E-05
  2.8974E+01  3.4669E-05
  2.8986E+01  2.7013E-05
  2.8998E+01  2.0050E-05
  2.9010E+01  1.5282E-05
  2.9022E+01  1.3674E-05
  2.9034E+01  1.5142E-05
  2.9046E+01  1.8489E-05
  2.9058E+01  2.1835E-05
  2.9069E+01  2.3380E-05
  2.9081E+01  2.2140E-05
  2.9093E+01  1.8347E-05
  2.9105E+01  1.3332E-05
  2.9117E+01  8.9286E-06
  2.9129E+01  6.6831E-06
  2.9141E+01  7.2053E-06
  2.9153E+01  9.9459E-06
  2.9165E+01  1.3484E-05
  2.9177E+01  1.6178E-05
  2.9188E+01  1.6886E-05
  2.9200E+01  1.5418E-05
  2.9212E+01  1.2545E-05
  2.9224E+01  9.5808E-06
  2.9236E+01  7.7463E-06
  2.9248E+01  7.6274E-06
  2.9260E+01  8.9657E-06
  2.9272E+01  1.0861E-05
  2.9284E+01  1.2266E-05
  2.9296E+01  1.2512E-05
  2.9308E+01  1.1618E-05
  2.9319E+01  1.0235E-05
  2.9331E+01  9.2616E-06
  2.9343E+01  9.3483E-06
  2.9355E+01  1.0535E-05
  2.9367E+01  1.2214E-05
  2.9379E+01  1.3443E-05
  2.9391E+01  1.3444E-05
  2.9403E+01  1.2044E-05
  2.9415E+01  9.8288E-06
  2.9427E+01  7.9218E-06
  2.9439E+01  7.4808E-06
  2.9450E+01  9.1513E-06
  2.9462E+01  1.2736E-05
  2.9474E+01  1.7245E-05
  2.9486E+01  2.1303E-05
  2.9498E+01  2.3734E-05
  2.9510E+01  2.4041E-05
  2.9522E+01  2.2560E-05
  2.9534E+01  2.0223E-05
  2.9546E+01  1.8058E-05
  2.9558E+01  1.6684E-05
  2.9570E+01  1.6043E-05
  2.9581E+01  1.5526E-05
  2.9593E+01  1.4415E-05
  2.9605E+01  1.2419E-05
  2.9617E+01  1.0012E-05
  2.9629E+01  8.3766E-06
  2.9641E+01  8.9301E-06
  2.9653E+01  1.2633E-05
  2.9665E+01  1.9405E-05
  2.9677E+01  2.7935E-05
  2.9689E+01  3.6025E-05
  2.9701E+01  4.1351E-05
  2.9712E+01  4.2334E-05
  2.9724E+01  3.8757E-05
  2.9736E+01  3.1852E-05
  2.9748E+01  2.3816E-05
  2.9760E+01  1.6960E-05
  2.9772E+01  1.2855E-05
  2.9784E+01  1.1841E-05
  2.9796E+01  1.3083E-05
  2.9808E+01  1.5137E-05
  2.9820E+01  1.6733E-05
  2.9832E+01  1.7399E-05
  2.9843E+01  1.7640E-05
  2.9855E+01  1.8590E-05
  2.9867E+01  2.1326E-05
  2.9879E+01  2.6170E-05
  2.9891E+01  3.2347E-05
  2.9903E+01  3.8181E-05
  2.9915E+01  4.1769E-05
  2.9927E+01  4.1836E-05
  2.9939E+01  3.8405E-05
  2.9951E+01  3.2938E-05
  2.9963E+01  2.7890E-05
  2.9974E+01  2.5831E-05
  2.9986E+01  2.8507E-05
  2.9998E+01  3.6224E-05
  3.0010E+01  4.7801E-05
  3.0022E+01  6.1086E-05
  3.0034E+01  7.3795E-05
  3.0046E+01  8.4295E-05
  3.0058E+01  9.2020E-05
  3.0070E+01  9.7385E-05
  3.0082E+01  1.0128E-04
  3.0094E+01  1.0447E-04
  3.0105E+01  1.0717E-04
  3.0117E+01  1.0904E-04
  3.0129E+01  1.0962E-04
  3.0141E+01  1.0892E-04
  3.0153E+01  1.0787E-04
  3.0165E+01  1.0835E-04
  3.0177E+01  1.1271E-04
  3.0189E+01  1.2290E-04
  3.0201E+01  1.3956E-04
  3.0213E+01  1.6141E-04
  3.0225E+01  1.8533E-04
  3.0236E+01  2.0702E-04
  3.0248E+01  2.2216E-04
  3.0260E+01  2.2775E-04
  3.0272E+01  2.2290E-04
  3.0284E+01  2.0925E-04
  3.0296E+01  1.9041E-04
  3.0308E+01  1.7105E-04
  3.0320E+01  1.5560E-04
  3.0332E+01  1.4721E-04
  3.0344E+01  1.4700E-04
  3.0356E+01  1.5403E-04
  3.0367E+01  1.6562E-04
  3.0379E+01  1.7817E-04
  3.0391E+01  1.8803E-04
  3.0403E+01  1.9230E-04
  3.0415E+01  1.8938E-04
  3.0427E+01  1.7917E-04
  3.0439E+01  1.6293E-04
  3.0451E+01  1.4288E-04
  3.0463E+01  1.2163E-04
  3.0475E+01  1.0165E-04
  3.0487E+01  8.4753E-05
  3.0498E+01  7.1927E-05
  3.0510E+01  6.3281E-05
  3.0522E+01  5.8270E-05
  3.0534E+01  5.6009E-05
  3.0546E+01  5.5577E-05
  3.0558E+01  5.6203E-05
  3.0570E+01  5.7305E-05
  3.0582E+01  5.8391E-05
  3.0594E+01  5.8938E-05
  3.0606E+01  5.8347E-05
  3.0618E+01  5.6033E-05
  3.0629E+01  5.1639E-05
  3.0641E+01  4.5268E-05
  3.0653E+01  3.7598E-05
  3.0665E+01  2.9778E-05
  3.0677E+01  2.3114E-05
  3.0689E+01  1.8631E-05
  3.0701E+01  1.6712E-05
  3.0713E+01  1.6970E-05
  3.0725E+01  1.8439E-05
  3.0737E+01  2.0018E-05
  3.0749E+01  2.0981E-05
  3.0760E+01  2.1307E-05
  3.0772E+01  2.1667E-05
  3.0784E+01  2.3046E-05
  3.0796E+01  2.6162E-05
  3.0808E+01  3.0950E-05
  3.0820E+01  3.6380E-05
  3.0832E+01  4.0739E-05
  3.0844E+01  4.2291E-05
  3.0856E+01  4.0061E-05
  3.0868E+01  3.4375E-05
  3.0880E+01  2.6899E-05
  3.0891E+01  2.0101E-05
  3.0903E+01  1.6333E-05
  3.0915E+01  1.6906E-05
  3.0927E+01  2.1542E-05
  3.0939E+01  2.8465E-05
  3.0951E+01  3.5098E-05
  3.0963E+01  3.9085E-05
  3.0975E+01  3.9201E-05
  3.0987E+01  3.5782E-05
  3.0999E+01  3.0488E-05
  3.1011E+01  2.5523E-05
  3.1022E+01  2.2661E-05
  3.1034E+01  2.2523E-05
  3.1046E+01  2.4394E-05
  3.1058E+01  2.6674E-05
  3.1070E+01  2.7704E-05
  3.1082E+01  2.6590E-05
  3.1094E+01  2.3624E-05
  3.1106E+01  2.0117E-05
  3.1118E+01  1.7727E-05
  3.1130E+01  1.7621E-05
  3.1142E+01  1.9855E-05
  3.1153E+01  2.3310E-05
  3.1165E+01  2.6183E-05
  3.1177E+01  2.6840E-05
  3.1189E+01  2.4616E-05
  3.1201E+01  2.0170E-05
  3.1213E+01  1.5243E-05
  3.1225E+01  1.1893E-05
  3.1237E+01  1.1574E-05
  3.1249E+01  1.4470E-05
  3.1261E+01  1.9401E-05
  3.1273E+01  2.4329E-05
  3.1284E+01  2.7247E-05
  3.1296E+01  2.7024E-05
  3.1308E+01  2.3846E-05
  3.1320E+01  1.9051E-05
  3.1332E+01  1.4473E-05
  3.1344E+01  1.1601E-05
  3.1356E+01  1.0957E-05
  3.1368E+01  1.1981E-05
  3.1380E+01  1.3427E-05
  3.1392E+01  1.4084E-05
  3.1404E+01  1.3413E-05
  3.1415E+01  1.1809E-05
  3.1427E+01  1.0341E-05
  3.1439E+01  1.0130E-05
  3.1451E+01  1.1681E-05
  3.1463E+01  1.4532E-05
  3.1475E+01  1.7420E-05
  3.1487E+01  1.8892E-05
  3.1499E+01  1.8081E-05
  3.1511E+01  1.5248E-05
  3.1523E+01  1.1796E-05
  3.1535E+01  9.7162E-06
  3.1546E+01  1.0704E-05
  3.1558E+01  1.5346E-05
  3.1570E+01  2.2770E-05
  3.1582E+01  3.0947E-05
  3.1594E+01  3.7507E-05
  3.1606E+01  4.0706E-05
  3.1618E+01  4.0099E-05
  3.1630E+01  3.6606E-05
  3.1642E+01  3.1971E-05
  3.1654E+01  2.7884E-05
  3.1666E+01  2.5215E-05
  3.1677E+01  2.3753E-05
  3.1689E+01  2.2568E-05
  3.1701E+01  2.0829E-05
  3.1713E+01  1.8604E-05
  3.1725E+01  1.7202E-05
  3.1737E+01  1.8788E-05
  3.1749E+01  2.5370E-05
  3.1761E+01  3.7614E-05
  3.1773E+01  5.4053E-05
  3.1785E+01  7.1157E-05
  3.1797E+01  8.4349E-05
  3.1808E+01  8.9625E-05
  3.1820E+01  8.5127E-05
  3.1832E+01  7.1980E-05
  3.1844E+01  5.3994E-05
  3.1856E+01  3.6301E-05
  3.1868E+01  2.3461E-05
  3.1880E+01  1.7832E-05
  3.1892E+01  1.8880E-05
  3.1904E+01  2.3729E-05
  3.1916E+01  2.8669E-05
  3.1928E+01  3.0958E-05
  3.1939E+01  3.0065E-05
  3.1951E+01  2.7817E-05
  3.1963E+01  2.7361E-05
  3.1975E+01  3.1433E-05
  3.1987E+01  4.0749E-05
  3.1999E+01  5.3285E-05
  3.2011E+01  6.4865E-05
  3.2023E+01  7.0853E-05
  3.2035E+01  6.8269E-05
  3.2047E+01  5.7415E-05
  3.2059E+01  4.2289E-05
  3.2070E+01  2.9555E-05
  3.2082E+01  2.6443E-05
  3.2094E+01  3.8404E-05
  3.2106E+01  6.7410E-05
  3.2118E+01  1.1148E-04
  3.2130E+01  1.6551E-04
  3.2142E+01  2.2286E-04
  3.2154E+01  2.7702E-04
  3.2166E+01  3.2266E-04
  3.2178E+01  3.5579E-04
  3.2190E+01  3.7328E-04
  3.2201E+01  3.7251E-04
  3.2213E+01  3.5151E-04
  3.2225E+01  3.1017E-04
  3.2237E+01  2.5190E-04
  3.2249E+01  1.8511E-04
  3.2261E+01  1.2347E-04
  3.2273E+01  8.4151E-05
  3.2285E+01  8.4210E-05
  3.2297E+01  1.3575E-04
  3.2309E+01  2.4146E-04
  3.2321E+01  3.9202E-04
  3.2332E+01  5.6660E-04
  3.2344E+01  7.3660E-04
  3.2356E+01  8.7191E-04
  3.2368E+01  9.4787E-04
  3.2380E+01  9.5105E-04
  3.2392E+01  8.8222E-04
  3.2404E+01  7.5563E-04
  3.2416E+01  5.9510E-04
  3.2428E+01  4.2821E-04
  3.2440E+01  2.8021E-04
  3.2452E+01  1.6941E-04
  3.2463E+01  1.0479E-04
  3.2475E+01  8.6205E-05
  3.2487E+01  1.0626E-04
  3.2499E+01  1.5325E-04
  3.2511E+01  2.1391E-04
  3.2523E+01  2.7564E-04
  3.2535E+01  3.2786E-04
  3.2547E+01  3.6268E-04
  3.2559E+01  3.7533E-04
  3.2571E+01  3.6428E-04
  3.2583E+01  3.3136E-04
  3.2594E+01  2.8150E-04
  3.2606E+01  2.2202E-04
  3.2618E+01  1.6137E-04
  3.2630E+01  1.0749E-04
  3.2642E+01  6.6251E-05
  3.2654E+01  4.0313E-05
  3.2666E+01  2.8837E-05
  3.2678E+01  2.8153E-05
  3.2690E+01  3.3110E-05
  3.2702E+01  3.8703E-05
  3.2714E+01  4.1403E-05
  3.2725E+01  3.9835E-05
  3.2737E+01  3.4648E-05
  3.2749E+01  2.7755E-05
  3.2761E+01  2.1314E-05
  3.2773E+01  1.6853E-05
  3.2785E+01  1.4840E-05
  3.2797E+01  1.4770E-05
  3.2809E+01  1.5616E-05
  3.2821E+01  1.6400E-05
  3.2833E+01  1.6614E-05
  3.2845E+01  1.6336E-05
  3.2856E+01  1.6045E-05
  3.2868E+01  1.6278E-05
  3.2880E+01  1.7304E-05
  3.2892E+01  1.8970E-05
  3.2904E+01  2.0769E-05
  3.2916E+01  2.2063E-05
  3.2928E+01  2.2361E-05
  3.2940E+01  2.1497E-05
  3.2952E+01  1.9661E-05
  3.2964E+01  1.7286E-05
  3.2976E+01  1.4856E-05
  3.2987E+01  1.2743E-05
  3.2999E+01  1.1121E-05
  3.3011E+01  9.9817E-06
  3.3023E+01  9.2249E-06
  3.3035E+01  8.7470E-06
  3.3047E+01  8.4948E-06
  3.3059E+01  8.4581E-06
  3.3071E+01  8.6235E-06
  3.3083E+01  8.9271E-06
  3.3095E+01  9.2423E-06
  3.3106E+01  9.4122E-06
  3.3118E+01  9.3104E-06
  3.3130E+01  8.8949E-06
  3.3142E+01  8.2251E-06
  3.3154E+01  7.4308E-06
  3.3166E+01  6.6499E-06
  3.3178E+01  5.9659E-06
  3.3190E+01  5.3793E-06
  3.3202E+01  4.8245E-06
  3.3214E+01  4.2235E-06
  3.3226E+01  3.5451E-06
  3.3237E+01  2.8396E-06
  3.3249E+01  2.2280E-06
  3.3261E+01  1.8523E-06
  3.3273E+01  1.8106E-06
  3.3285E+01  2.1088E-06
  3.3297E+01  2.6527E-06
  3.3309E+01  3.2814E-06
  3.3321E+01  3.8265E-06
  3.3333E+01  4.1675E-06
  3.3345E+01  4.2612E-06
  3.3357E+01  4.1363E-06
  3.3368E+01  3.8625E-06
  3.3380E+01  3.5148E-06
  3.3392E+01  3.1512E-06
  3.3404E+01  2.8127E-06
  3.3416E+01  2.5367E-06
  3.3428E+01  2.3700E-06
  3.3440E+01  2.3665E-06
  3.3452E+01  2.5652E-06
  3.3464E+01  2.9616E-06
  3.3476E+01  3.4888E-06
  3.3488E+01  4.0247E-06
  3.3499E+01  4.4286E-06
  3.3511E+01  4.5922E-06
  3.3523E+01  4.4828E-06
  3.3535E+01  4.1555E-06
  3.3547E+01  3.7278E-06
  3.3559E+01  3.3278E-06
  3.3571E+01  3.0409E-06
  3.3583E+01  2.8832E-06
  3.3595E+01  2.8152E-06
  3.3607E+01  2.7872E-06
  3.3619E+01  2.7915E-06
  3.3630E+01  2.8892E-06
  3.3642E+01  3.1923E-06
  3.3654E+01  3.8038E-06
  3.3666E+01  4.7453E-06
  3.3678E+01  5.9093E-06
  3.3690E+01  7.0676E-06
  3.3702E+01  7.9405E-06
  3.3714E+01  8.2995E-06
  3.3726E+01  8.0601E-06
  3.3738E+01  7.3199E-06
  3.3750E+01  6.3218E-06
  3.3761E+01  5.3567E-06
  3.3773E+01  4.6524E-06
  3.3785E+01  4.2998E-06
  3.3797E+01  4.2525E-06
  3.3809E+01  4.3991E-06
  3.3821E+01  4.6669E-06
  3.3833E+01  5.0991E-06
  3.3845E+01  5.8551E-06
  3.3857E+01  7.1251E-06
  3.3869E+01  8.9926E-06
  3.3881E+01  1.1316E-05
  3.3892E+01  1.3696E-05
  3.3904E+01  1.5569E-05
  3.3916E+01  1.6398E-05
  3.3928E+01  1.5887E-05
  3.3940E+01  1.4135E-05
  3.3952E+01  1.1629E-05
  3.3964E+01  9.0915E-06
  3.3976E+01  7.2163E-06
  3.3988E+01  6.4108E-06
  3.4000E+01  6.6574E-06
  3.4012E+01  7.5556E-06
  3.4023E+01  8.5324E-06
  3.4035E+01  9.1254E-06
  3.4047E+01  9.2079E-06
  3.4059E+01  9.0459E-06
  3.4071E+01  9.1512E-06
  3.4083E+01  9.9937E-06
  3.4095E+01  1.1706E-05
  3.4107E+01  1.3934E-05
  3.4119E+01  1.5928E-05
  3.4131E+01  1.6876E-05
  3.4143E+01  1.6353E-05
  3.4154E+01  1.4725E-05
  3.4166E+01  1.3296E-05
  3.4178E+01  1.4138E-05
  3.4190E+01  1.9590E-05
  3.4202E+01  3.1599E-05
  3.4214E+01  5.1093E-05
  3.4226E+01  7.7592E-05
  3.4238E+01  1.0915E-04
  3.4250E+01  1.4266E-04
  3.4262E+01  1.7432E-04
  3.4274E+01  2.0030E-04
  3.4285E+01  2.1726E-04
  3.4297E+01  2.2283E-04
  3.4309E+01  2.1597E-04
  3.4321E+01  1.9732E-04
  3.4333E+01  1.6940E-04
  3.4345E+01  1.3673E-04
  3.4357E+01  1.0559E-04
  3.4369E+01  8.3422E-05
  3.4381E+01  7.7668E-05
  3.4393E+01  9.4292E-05
  3.4405E+01  1.3619E-04
  3.4416E+01  2.0193E-04
  3.4428E+01  2.8534E-04
  3.4440E+01  3.7600E-04
  3.4452E+01  4.6098E-04
  3.4464E+01  5.2719E-04
  3.4476E+01  5.6400E-04
  3.4488E+01  5.6552E-04
  3.4500E+01  5.3171E-04
  3.4512E+01  4.6837E-04
  3.4524E+01  3.8577E-04
  3.4536E+01  2.9644E-04
  3.4547E+01  2.1274E-04
  3.4559E+01  1.4462E-04
  3.4571E+01  9.8265E-05
  3.4583E+01  7.5631E-05
  3.4595E+01  7.4860E-05
  3.4607E+01  9.1266E-05
  3.4619E+01  1.1855E-04
  3.4631E+01  1.4995E-04
  3.4643E+01  1.7917E-04
  3.4655E+01  2.0102E-04
  3.4667E+01  2.1193E-04
  3.4678E+01  2.1019E-04
  3.4690E+01  1.9605E-04
  3.4702E+01  1.7167E-04
  3.4714E+01  1.4064E-04
  3.4726E+01  1.0738E-04
  3.4738E+01  7.6252E-05
  3.4750E+01  5.0688E-05
  3.4762E+01  3.2572E-05
  3.4774E+01  2.2013E-05
  3.4786E+01  1.7595E-05
  3.4798E+01  1.7013E-05
  3.4809E+01  1.7873E-05
  3.4821E+01  1.8386E-05
  3.4833E+01  1.7752E-05
  3.4845E+01  1.6127E-05
  3.4857E+01  1.4266E-05
  3.4869E+01  1.3011E-05
  3.4881E+01  1.2867E-05
  3.4893E+01  1.3819E-05
  3.4905E+01  1.5437E-05
  3.4917E+01  1.7175E-05
  3.4929E+01  1.8689E-05
  3.4940E+01  2.0004E-05
  3.4952E+01  2.1445E-05
  3.4964E+01  2.3380E-05
  3.4976E+01  2.5897E-05
  3.4988E+01  2.8618E-05
  3.5000E+01  3.0742E-05
