  Nz=Nparall      Px    
 -3.5000E+01  4.0455E-05
 -3.4988E+01  3.5934E-05
 -3.4976E+01  2.8927E-05
 -3.4964E+01  2.1468E-05
 -3.4952E+01  1.5401E-05
 -3.4940E+01  1.1740E-05
 -3.4929E+01  1.0557E-05
 -3.4917E+01  1.1349E-05
 -3.4905E+01  1.3629E-05
 -3.4893E+01  1.7396E-05
 -3.4881E+01  2.3208E-05
 -3.4869E+01  3.1816E-05
 -3.4857E+01  4.3515E-05
 -3.4845E+01  5.7570E-05
 -3.4833E+01  7.2013E-05
 -3.4821E+01  8.3999E-05
 -3.4809E+01  9.0624E-05
 -3.4798E+01  8.9917E-05
 -3.4786E+01  8.1600E-05
 -3.4774E+01  6.7311E-05
 -3.4762E+01  5.0160E-05
 -3.4750E+01  3.3779E-05
 -3.4738E+01  2.1231E-05
 -3.4726E+01  1.4160E-05
 -3.4714E+01  1.2501E-05
 -3.4702E+01  1.4801E-05
 -3.4690E+01  1.8967E-05
 -3.4678E+01  2.3126E-05
 -3.4667E+01  2.6223E-05
 -3.4655E+01  2.8176E-05
 -3.4643E+01  2.9564E-05
 -3.4631E+01  3.1075E-05
 -3.4619E+01  3.2973E-05
 -3.4607E+01  3.4869E-05
 -3.4595E+01  3.5866E-05
 -3.4583E+01  3.5010E-05
 -3.4571E+01  3.1808E-05
 -3.4559E+01  2.6562E-05
 -3.4547E+01  2.0351E-05
 -3.4536E+01  1.4655E-05
 -3.4524E+01  1.0784E-05
 -3.4512E+01  9.3693E-06
 -3.4500E+01  1.0126E-05
 -3.4488E+01  1.2001E-05
 -3.4476E+01  1.3635E-05
 -3.4464E+01  1.3928E-05
 -3.4452E+01  1.2484E-05
 -3.4440E+01  9.7380E-06
 -3.4428E+01  6.7361E-06
 -3.4416E+01  4.6698E-06
 -3.4405E+01  4.3763E-06
 -3.4393E+01  6.0102E-06
 -3.4381E+01  9.0109E-06
 -3.4369E+01  1.2360E-05
 -3.4357E+01  1.5000E-05
 -3.4345E+01  1.6225E-05
 -3.4333E+01  1.5887E-05
 -3.4321E+01  1.4360E-05
 -3.4309E+01  1.2292E-05
 -3.4297E+01  1.0297E-05
 -3.4285E+01  8.7253E-06
 -3.4274E+01  7.5918E-06
 -3.4262E+01  6.6898E-06
 -3.4250E+01  5.7906E-06
 -3.4238E+01  4.8218E-06
 -3.4226E+01  3.9299E-06
 -3.4214E+01  3.4018E-06
 -3.4202E+01  3.4932E-06
 -3.4190E+01  4.2628E-06
 -3.4178E+01  5.5008E-06
 -3.4166E+01  6.7945E-06
 -3.4154E+01  7.7004E-06
 -3.4143E+01  7.9396E-06
 -3.4131E+01  7.5206E-06
 -3.4119E+01  6.7296E-06
 -3.4107E+01  5.9937E-06
 -3.4095E+01  5.6846E-06
 -3.4083E+01  5.9563E-06
 -3.4071E+01  6.6924E-06
 -3.4059E+01  7.5811E-06
 -3.4047E+01  8.2750E-06
 -3.4035E+01  8.5530E-06
 -3.4023E+01  8.4048E-06
 -3.4012E+01  8.0014E-06
 -3.4000E+01  7.5755E-06
 -3.3988E+01  7.2804E-06
 -3.3976E+01  7.1064E-06
 -3.3964E+01  6.9013E-06
 -3.3952E+01  6.4842E-06
 -3.3940E+01  5.7930E-06
 -3.3928E+01  4.9808E-06
 -3.3916E+01  4.4016E-06
 -3.3904E+01  4.4796E-06
 -3.3892E+01  5.5175E-06
 -3.3881E+01  7.5324E-06
 -3.3869E+01  1.0202E-05
 -3.3857E+01  1.2953E-05
 -3.3845E+01  1.5157E-05
 -3.3833E+01  1.6354E-05
 -3.3821E+01  1.6393E-05
 -3.3809E+01  1.5455E-05
 -3.3797E+01  1.3932E-05
 -3.3785E+01  1.2242E-05
 -3.3773E+01  1.0667E-05
 -3.3761E+01  9.2929E-06
 -3.3750E+01  8.0583E-06
 -3.3738E+01  6.8956E-06
 -3.3726E+01  5.8598E-06
 -3.3714E+01  5.1775E-06
 -3.3702E+01  5.1752E-06
 -3.3690E+01  6.1171E-06
 -3.3678E+01  8.0357E-06
 -3.3666E+01  1.0646E-05
 -3.3654E+01  1.3404E-05
 -3.3642E+01  1.5693E-05
 -3.3630E+01  1.7070E-05
 -3.3619E+01  1.7458E-05
 -3.3607E+01  1.7200E-05
 -3.3595E+01  1.6952E-05
 -3.3583E+01  1.7459E-05
 -3.3571E+01  1.9314E-05
 -3.3559E+01  2.2810E-05
 -3.3547E+01  2.7924E-05
 -3.3535E+01  3.4424E-05
 -3.3523E+01  4.2018E-05
 -3.3511E+01  5.0438E-05
 -3.3499E+01  5.9416E-05
 -3.3488E+01  6.8548E-05
 -3.3476E+01  7.7146E-05
 -3.3464E+01  8.4193E-05
 -3.3452E+01  8.8485E-05
 -3.3440E+01  8.8973E-05
 -3.3428E+01  8.5194E-05
 -3.3416E+01  7.7634E-05
 -3.3404E+01  6.7848E-05
 -3.3392E+01  5.8258E-05
 -3.3380E+01  5.1636E-05
 -3.3368E+01  5.0433E-05
 -3.3357E+01  5.6157E-05
 -3.3345E+01  6.8998E-05
 -3.3333E+01  8.7796E-05
 -3.3321E+01  1.1035E-04
 -3.3309E+01  1.3390E-04
 -3.3297E+01  1.5568E-04
 -3.3285E+01  1.7328E-04
 -3.3273E+01  1.8492E-04
 -3.3261E+01  1.8944E-04
 -3.3249E+01  1.8636E-04
 -3.3237E+01  1.7586E-04
 -3.3226E+01  1.5887E-04
 -3.3214E+01  1.3710E-04
 -3.3202E+01  1.1300E-04
 -3.3190E+01  8.9470E-05
 -3.3178E+01  6.9423E-05
 -3.3166E+01  5.5188E-05
 -3.3154E+01  4.7980E-05
 -3.3142E+01  4.7611E-05
 -3.3130E+01  5.2574E-05
 -3.3118E+01  6.0475E-05
 -3.3106E+01  6.8694E-05
 -3.3095E+01  7.5043E-05
 -3.3083E+01  7.8204E-05
 -3.3071E+01  7.7845E-05
 -3.3059E+01  7.4412E-05
 -3.3047E+01  6.8746E-05
 -3.3035E+01  6.1705E-05
 -3.3023E+01  5.3953E-05
 -3.3011E+01  4.5947E-05
 -3.2999E+01  3.8080E-05
 -3.2987E+01  3.0834E-05
 -3.2976E+01  2.4812E-05
 -3.2964E+01  2.0617E-05
 -3.2952E+01  1.8607E-05
 -3.2940E+01  1.8664E-05
 -3.2928E+01  2.0121E-05
 -3.2916E+01  2.1909E-05
 -3.2904E+01  2.2901E-05
 -3.2892E+01  2.2316E-05
 -3.2880E+01  1.9993E-05
 -3.2868E+01  1.6439E-05
 -3.2856E+01  1.2595E-05
 -3.2845E+01  9.4500E-06
 -3.2833E+01  7.6623E-06
 -3.2821E+01  7.3639E-06
 -3.2809E+01  8.2250E-06
 -3.2797E+01  9.7272E-06
 -3.2785E+01  1.1495E-05
 -3.2773E+01  1.3504E-05
 -3.2761E+01  1.6056E-05
 -3.2749E+01  1.9513E-05
 -3.2737E+01  2.3948E-05
 -3.2725E+01  2.8883E-05
 -3.2714E+01  3.3291E-05
 -3.2702E+01  3.5908E-05
 -3.2690E+01  3.5721E-05
 -3.2678E+01  3.2448E-05
 -3.2666E+01  2.6756E-05
 -3.2654E+01  2.0106E-05
 -3.2642E+01  1.4261E-05
 -3.2630E+01  1.0641E-05
 -3.2618E+01  9.8156E-06
 -3.2606E+01  1.1330E-05
 -3.2594E+01  1.3961E-05
 -3.2583E+01  1.6274E-05
 -3.2571E+01  1.7247E-05
 -3.2559E+01  1.6684E-05
 -3.2547E+01  1.5233E-05
 -3.2535E+01  1.4020E-05
 -3.2523E+01  1.4060E-05
 -3.2511E+01  1.5742E-05
 -3.2499E+01  1.8608E-05
 -3.2487E+01  2.1542E-05
 -3.2475E+01  2.3279E-05
 -3.2463E+01  2.2986E-05
 -3.2452E+01  2.0653E-05
 -3.2440E+01  1.7110E-05
 -3.2428E+01  1.3658E-05
 -3.2416E+01  1.1494E-05
 -3.2404E+01  1.1182E-05
 -3.2392E+01  1.2428E-05
 -3.2380E+01  1.4249E-05
 -3.2368E+01  1.5456E-05
 -3.2356E+01  1.5231E-05
 -3.2344E+01  1.3528E-05
 -3.2332E+01  1.1105E-05
 -3.2321E+01  9.1983E-06
 -3.2309E+01  8.9577E-06
 -3.2297E+01  1.0927E-05
 -3.2285E+01  1.4786E-05
 -3.2273E+01  1.9466E-05
 -3.2261E+01  2.3578E-05
 -3.2249E+01  2.5950E-05
 -3.2237E+01  2.6041E-05
 -3.2225E+01  2.4076E-05
 -3.2213E+01  2.0849E-05
 -3.2201E+01  1.7350E-05
 -3.2190E+01  1.4360E-05
 -3.2178E+01  1.2236E-05
 -3.2166E+01  1.0916E-05
 -3.2154E+01  1.0127E-05
 -3.2142E+01  9.6393E-06
 -3.2130E+01  9.4239E-06
 -3.2118E+01  9.6302E-06
 -3.2106E+01  1.0421E-05
 -3.2094E+01  1.1773E-05
 -3.2082E+01  1.3390E-05
 -3.2070E+01  1.4779E-05
 -3.2059E+01  1.5499E-05
 -3.2047E+01  1.5412E-05
 -3.2035E+01  1.4832E-05
 -3.2023E+01  1.4444E-05
 -3.2011E+01  1.5022E-05
 -3.1999E+01  1.7069E-05
 -3.1987E+01  2.0551E-05
 -3.1975E+01  2.4869E-05
 -3.1963E+01  2.9087E-05
 -3.1951E+01  3.2319E-05
 -3.1939E+01  3.4083E-05
 -3.1928E+01  3.4440E-05
 -3.1916E+01  3.3861E-05
 -3.1904E+01  3.2885E-05
 -3.1892E+01  3.1774E-05
 -3.1880E+01  3.0367E-05
 -3.1868E+01  2.8235E-05
 -3.1856E+01  2.5095E-05
 -3.1844E+01  2.1246E-05
 -3.1832E+01  1.7792E-05
 -3.1820E+01  1.6438E-05
 -3.1808E+01  1.8905E-05
 -3.1797E+01  2.6144E-05
 -3.1785E+01  3.7736E-05
 -3.1773E+01  5.1761E-05
 -3.1761E+01  6.5283E-05
 -3.1749E+01  7.5293E-05
 -3.1737E+01  7.9743E-05
 -3.1725E+01  7.8222E-05
 -3.1713E+01  7.1981E-05
 -3.1701E+01  6.3293E-05
 -3.1689E+01  5.4445E-05
 -3.1677E+01  4.6843E-05
 -3.1666E+01  4.0637E-05
 -3.1654E+01  3.5058E-05
 -3.1642E+01  2.9261E-05
 -3.1630E+01  2.3219E-05
 -3.1618E+01  1.8149E-05
 -3.1606E+01  1.6159E-05
 -3.1594E+01  1.9192E-05
 -3.1582E+01  2.7761E-05
 -3.1570E+01  4.0140E-05
 -3.1558E+01  5.2595E-05
 -3.1546E+01  6.0757E-05
 -3.1535E+01  6.1732E-05
 -3.1523E+01  5.6077E-05
 -3.1511E+01  4.8682E-05
 -3.1499E+01  4.7977E-05
 -3.1487E+01  6.3481E-05
 -3.1475E+01  1.0246E-04
 -3.1463E+01  1.6692E-04
 -3.1451E+01  2.5202E-04
 -3.1439E+01  3.4669E-04
 -3.1427E+01  4.3631E-04
 -3.1415E+01  5.0643E-04
 -3.1404E+01  5.4639E-04
 -3.1392E+01  5.5153E-04
 -3.1380E+01  5.2344E-04
 -3.1368E+01  4.6848E-04
 -3.1356E+01  3.9559E-04
 -3.1344E+01  3.1435E-04
 -3.1332E+01  2.3432E-04
 -3.1320E+01  1.6557E-04
 -3.1308E+01  1.1965E-04
 -3.1296E+01  1.0994E-04
 -3.1284E+01  1.5016E-04
 -3.1273E+01  2.5096E-04
 -3.1261E+01  4.1526E-04
 -3.1249E+01  6.3406E-04
 -3.1237E+01  8.8466E-04
 -3.1225E+01  1.1328E-03
 -3.1213E+01  1.3386E-03
 -3.1201E+01  1.4656E-03
 -3.1189E+01  1.4897E-03
 -3.1177E+01  1.4053E-03
 -3.1165E+01  1.2276E-03
 -3.1153E+01  9.8813E-04
 -3.1142E+01  7.2773E-04
 -3.1130E+01  4.8637E-04
 -3.1118E+01  2.9489E-04
 -3.1106E+01  1.6991E-04
 -3.1094E+01  1.1322E-04
 -3.1082E+01  1.1499E-04
 -3.1070E+01  1.5915E-04
 -3.1058E+01  2.2867E-04
 -3.1046E+01  3.0910E-04
 -3.1034E+01  3.8967E-04
 -3.1022E+01  4.6241E-04
 -3.1011E+01  5.2042E-04
 -3.0999E+01  5.5688E-04
 -3.0987E+01  5.6537E-04
 -3.0975E+01  5.4159E-04
 -3.0963E+01  4.8558E-04
 -3.0951E+01  4.0322E-04
 -3.0939E+01  3.0588E-04
 -3.0927E+01  2.0819E-04
 -3.0915E+01  1.2439E-04
 -3.0903E+01  6.4582E-05
 -3.0891E+01  3.2195E-05
 -3.0880E+01  2.3693E-05
 -3.0868E+01  3.0455E-05
 -3.0856E+01  4.2138E-05
 -3.0844E+01  5.0194E-05
 -3.0832E+01  5.0276E-05
 -3.0820E+01  4.2786E-05
 -3.0808E+01  3.1602E-05
 -3.0796E+01  2.1707E-05
 -3.0784E+01  1.6811E-05
 -3.0772E+01  1.7908E-05
 -3.0760E+01  2.3212E-05
 -3.0749E+01  2.9304E-05
 -3.0737E+01  3.2828E-05
 -3.0725E+01  3.1948E-05
 -3.0713E+01  2.6963E-05
 -3.0701E+01  1.9920E-05
 -3.0689E+01  1.3525E-05
 -3.0677E+01  9.9052E-06
 -3.0665E+01  9.7904E-06
 -3.0653E+01  1.2412E-05
 -3.0641E+01  1.6071E-05
 -3.0629E+01  1.9021E-05
 -3.0618E+01  2.0233E-05
 -3.0606E+01  1.9705E-05
 -3.0594E+01  1.8233E-05
 -3.0582E+01  1.6852E-05
 -3.0570E+01  1.6243E-05
 -3.0558E+01  1.6411E-05
 -3.0546E+01  1.6763E-05
 -3.0534E+01  1.6498E-05
 -3.0522E+01  1.5089E-05
 -3.0510E+01  1.2586E-05
 -3.0498E+01  9.6199E-06
 -3.0487E+01  7.1025E-06
 -3.0475E+01  5.8024E-06
 -3.0463E+01  6.0096E-06
 -3.0451E+01  7.4472E-06
 -3.0439E+01  9.4526E-06
 -3.0427E+01  1.1315E-05
 -3.0415E+01  1.2587E-05
 -3.0403E+01  1.3226E-05
 -3.0391E+01  1.3498E-05
 -3.0379E+01  1.3733E-05
 -3.0367E+01  1.4074E-05
 -3.0356E+01  1.4351E-05
 -3.0344E+01  1.4169E-05
 -3.0332E+01  1.3141E-05
 -3.0320E+01  1.1164E-05
 -3.0308E+01  8.5616E-06
 -3.0296E+01  6.0317E-06
 -3.0284E+01  4.3982E-06
 -3.0272E+01  4.2810E-06
 -3.0260E+01  5.8345E-06
 -3.0248E+01  8.6722E-06
 -3.0236E+01  1.2009E-05
 -3.0225E+01  1.4951E-05
 -3.0213E+01  1.6810E-05
 -3.0201E+01  1.7301E-05
 -3.0189E+01  1.6571E-05
 -3.0177E+01  1.5050E-05
 -3.0165E+01  1.3230E-05
 -3.0153E+01  1.1465E-05
 -3.0141E+01  9.8875E-06
 -3.0129E+01  8.4475E-06
 -3.0117E+01  7.0416E-06
 -3.0105E+01  5.6417E-06
 -3.0094E+01  4.3582E-06
 -3.0082E+01  3.4070E-06
 -3.0070E+01  3.0053E-06
 -3.0058E+01  3.2555E-06
 -3.0046E+01  4.0776E-06
 -3.0034E+01  5.2220E-06
 -3.0022E+01  6.3546E-06
 -3.0010E+01  7.1706E-06
 -2.9998E+01  7.4878E-06
 -2.9986E+01  7.2858E-06
 -2.9974E+01  6.6847E-06
 -2.9963E+01  5.8872E-06
 -2.9951E+01  5.1142E-06
 -2.9939E+01  4.5581E-06
 -2.9927E+01  4.3587E-06
 -2.9915E+01  4.5944E-06
 -2.9903E+01  5.2737E-06
 -2.9891E+01  6.3256E-06
 -2.9879E+01  7.5980E-06
 -2.9867E+01  8.8753E-06
 -2.9855E+01  9.9257E-06
 -2.9843E+01  1.0564E-05
 -2.9832E+01  1.0709E-05
 -2.9820E+01  1.0402E-05
 -2.9808E+01  9.7816E-06
 -2.9796E+01  9.0166E-06
 -2.9784E+01  8.2389E-06
 -2.9772E+01  7.5125E-06
 -2.9760E+01  6.8596E-06
 -2.9748E+01  6.3314E-06
 -2.9736E+01  6.0789E-06
 -2.9724E+01  6.3686E-06
 -2.9712E+01  7.5145E-06
 -2.9701E+01  9.7376E-06
 -2.9689E+01  1.3014E-05
 -2.9677E+01  1.6990E-05
 -2.9665E+01  2.1022E-05
 -2.9653E+01  2.4354E-05
 -2.9641E+01  2.6358E-05
 -2.9629E+01  2.6745E-05
 -2.9617E+01  2.5650E-05
 -2.9605E+01  2.3534E-05
 -2.9593E+01  2.0975E-05
 -2.9581E+01  1.8425E-05
 -2.9570E+01  1.6076E-05
 -2.9558E+01  1.3902E-05
 -2.9546E+01  1.1832E-05
 -2.9534E+01  9.9635E-06
 -2.9522E+01  8.6625E-06
 -2.9510E+01  8.4575E-06
 -2.9498E+01  9.7549E-06
 -2.9486E+01  1.2514E-05
 -2.9474E+01  1.6092E-05
 -2.9462E+01  1.9413E-05
 -2.9450E+01  2.1497E-05
 -2.9439E+01  2.2150E-05
 -2.9427E+01  2.2526E-05
 -2.9415E+01  2.5214E-05
 -2.9403E+01  3.3683E-05
 -2.9391E+01  5.1152E-05
 -2.9379E+01  7.9264E-05
 -2.9367E+01  1.1704E-04
 -2.9355E+01  1.6056E-04
 -2.9343E+01  2.0366E-04
 -2.9331E+01  2.3930E-04
 -2.9319E+01  2.6146E-04
 -2.9308E+01  2.6657E-04
 -2.9296E+01  2.5435E-04
 -2.9284E+01  2.2764E-04
 -2.9272E+01  1.9139E-04
 -2.9260E+01  1.5149E-04
 -2.9248E+01  1.1371E-04
 -2.9236E+01  8.3293E-05
 -2.9224E+01  6.5100E-05
 -2.9212E+01  6.3902E-05
 -2.9200E+01  8.4346E-05
 -2.9188E+01  1.3016E-04
 -2.9177E+01  2.0263E-04
 -2.9165E+01  2.9880E-04
 -2.9153E+01  4.1029E-04
 -2.9141E+01  5.2336E-04
 -2.9129E+01  6.2094E-04
 -2.9117E+01  6.8605E-04
 -2.9105E+01  7.0605E-04
 -2.9093E+01  6.7610E-04
 -2.9081E+01  6.0083E-04
 -2.9069E+01  4.9345E-04
 -2.9058E+01  3.7251E-04
 -2.9046E+01  2.5737E-04
 -2.9034E+01  1.6374E-04
 -2.9022E+01  1.0066E-04
 -2.9010E+01  6.9698E-05
 -2.8998E+01  6.6317E-05
 -2.8986E+01  8.2641E-05
 -2.8974E+01  1.1042E-04
 -2.8962E+01  1.4310E-04
 -2.8950E+01  1.7649E-04
 -2.8938E+01  2.0806E-04
 -2.8927E+01  2.3558E-04
 -2.8915E+01  2.5611E-04
 -2.8903E+01  2.6588E-04
 -2.8891E+01  2.6126E-04
 -2.8879E+01  2.4043E-04
 -2.8867E+01  2.0473E-04
 -2.8855E+01  1.5913E-04
 -2.8843E+01  1.1125E-04
 -2.8831E+01  6.9331E-05
 -2.8819E+01  3.9690E-05
 -2.8807E+01  2.4878E-05
 -2.8796E+01  2.3084E-05
 -2.8784E+01  2.9136E-05
 -2.8772E+01  3.6627E-05
 -2.8760E+01  4.0330E-05
 -2.8748E+01  3.7923E-05
 -2.8736E+01  3.0406E-05
 -2.8724E+01  2.1147E-05
 -2.8712E+01  1.4067E-05
 -2.8700E+01  1.1798E-05
 -2.8688E+01  1.4605E-05
 -2.8676E+01  2.0472E-05
 -2.8665E+01  2.6237E-05
 -2.8653E+01  2.9176E-05
 -2.8641E+01  2.8298E-05
 -2.8629E+01  2.4752E-05
 -2.8617E+01  2.1186E-05
 -2.8605E+01  2.0398E-05
 -2.8593E+01  2.3912E-05
 -2.8581E+01  3.1158E-05
 -2.8569E+01  3.9631E-05
 -2.8557E+01  4.5956E-05
 -2.8545E+01  4.7371E-05
 -2.8534E+01  4.2967E-05
 -2.8522E+01  3.4131E-05
 -2.8510E+01  2.3998E-05
 -2.8498E+01  1.6155E-05
 -2.8486E+01  1.3161E-05
 -2.8474E+01  1.5535E-05
 -2.8462E+01  2.1614E-05
 -2.8450E+01  2.8351E-05
 -2.8438E+01  3.2664E-05
 -2.8426E+01  3.2746E-05
 -2.8414E+01  2.8780E-05
 -2.8403E+01  2.2776E-05
 -2.8391E+01  1.7634E-05
 -2.8379E+01  1.5886E-05
 -2.8367E+01  1.8643E-05
 -2.8355E+01  2.5214E-05
 -2.8343E+01  3.3503E-05
 -2.8331E+01  4.0969E-05
 -2.8319E+01  4.5704E-05
 -2.8307E+01  4.7144E-05
 -2.8295E+01  4.6108E-05
 -2.8283E+01  4.4208E-05
 -2.8272E+01  4.2932E-05
 -2.8260E+01  4.2839E-05
 -2.8248E+01  4.3281E-05
 -2.8236E+01  4.2757E-05
 -2.8224E+01  3.9751E-05
 -2.8212E+01  3.3664E-05
 -2.8200E+01  2.5406E-05
 -2.8188E+01  1.7338E-05
 -2.8176E+01  1.2563E-05
 -2.8164E+01  1.3821E-05
 -2.8152E+01  2.2416E-05
 -2.8141E+01  3.7622E-05
 -2.8129E+01  5.6787E-05
 -2.8117E+01  7.6101E-05
 -2.8105E+01  9.1723E-05
 -2.8093E+01  1.0085E-04
 -2.8081E+01  1.0234E-04
 -2.8069E+01  9.6789E-05
 -2.8057E+01  8.6026E-05
 -2.8045E+01  7.2379E-05
 -2.8033E+01  5.7981E-05
 -2.8021E+01  4.4370E-05
 -2.8010E+01  3.2448E-05
 -2.7998E+01  2.2695E-05
 -2.7986E+01  1.5460E-05
 -2.7974E+01  1.1109E-05
 -2.7962E+01  9.9616E-06
 -2.7950E+01  1.2062E-05
 -2.7938E+01  1.6940E-05
 -2.7926E+01  2.3529E-05
 -2.7914E+01  3.0338E-05
 -2.7902E+01  3.5842E-05
 -2.7890E+01  3.8938E-05
 -2.7879E+01  3.9280E-05
 -2.7867E+01  3.7338E-05
 -2.7855E+01  3.4167E-05
 -2.7843E+01  3.0966E-05
 -2.7831E+01  2.8633E-05
 -2.7819E+01  2.7494E-05
 -2.7807E+01  2.7295E-05
 -2.7795E+01  2.7437E-05
 -2.7783E+01  2.7311E-05
 -2.7771E+01  2.6566E-05
 -2.7759E+01  2.5187E-05
 -2.7748E+01  2.3380E-05
 -2.7736E+01  2.1360E-05
 -2.7724E+01  1.9185E-05
 -2.7712E+01  1.6744E-05
 -2.7700E+01  1.3939E-05
 -2.7688E+01  1.0936E-05
 -2.7676E+01  8.3551E-06
 -2.7664E+01  7.2328E-06
 -2.7652E+01  8.7253E-06
 -2.7640E+01  1.3637E-05
 -2.7628E+01  2.1968E-05
 -2.7617E+01  3.2706E-05
 -2.7605E+01  4.3967E-05
 -2.7593E+01  5.3500E-05
 -2.7581E+01  5.9356E-05
 -2.7569E+01  6.0476E-05
 -2.7557E+01  5.6971E-05
 -2.7545E+01  4.9992E-05
 -2.7533E+01  4.1250E-05
 -2.7521E+01  3.2412E-05
 -2.7509E+01  2.4623E-05
 -2.7497E+01  1.8339E-05
 -2.7486E+01  1.3500E-05
 -2.7474E+01  9.9046E-06
 -2.7462E+01  7.5503E-06
 -2.7450E+01  6.7534E-06
 -2.7438E+01  7.9635E-06
 -2.7426E+01  1.1383E-05
 -2.7414E+01  1.6611E-05
 -2.7402E+01  2.2547E-05
 -2.7390E+01  2.7674E-05
 -2.7378E+01  3.0651E-05
 -2.7366E+01  3.0974E-05
 -2.7355E+01  2.9381E-05
 -2.7343E+01  2.7781E-05
 -2.7331E+01  2.8659E-05
 -2.7319E+01  3.4156E-05
 -2.7307E+01  4.5189E-05
 -2.7295E+01  6.0967E-05
 -2.7283E+01  7.9125E-05
 -2.7271E+01  9.6421E-05
 -2.7259E+01  1.0975E-04
 -2.7247E+01  1.1703E-04
 -2.7235E+01  1.1770E-04
 -2.7224E+01  1.1260E-04
 -2.7212E+01  1.0338E-04
 -2.7200E+01  9.1851E-05
 -2.7188E+01  7.9498E-05
 -2.7176E+01  6.7460E-05
 -2.7164E+01  5.6929E-05
 -2.7152E+01  4.9678E-05
 -2.7140E+01  4.8330E-05
 -2.7128E+01  5.6058E-05
 -2.7116E+01  7.5671E-05
 -2.7104E+01  1.0833E-04
 -2.7093E+01  1.5244E-04
 -2.7081E+01  2.0318E-04
 -2.7069E+01  2.5311E-04
 -2.7057E+01  2.9372E-04
 -2.7045E+01  3.1758E-04
 -2.7033E+01  3.2025E-04
 -2.7021E+01  3.0153E-04
 -2.7009E+01  2.6542E-04
 -2.6997E+01  2.1896E-04
 -2.6985E+01  1.7034E-04
 -2.6973E+01  1.2690E-04
 -2.6962E+01  9.3607E-05
 -2.6950E+01  7.2477E-05
 -2.6938E+01  6.2940E-05
 -2.6926E+01  6.2779E-05
 -2.6914E+01  6.9244E-05
 -2.6902E+01  7.9866E-05
 -2.6890E+01  9.2745E-05
 -2.6878E+01  1.0638E-04
 -2.6866E+01  1.1927E-04
 -2.6854E+01  1.2969E-04
 -2.6842E+01  1.3575E-04
 -2.6831E+01  1.3583E-04
 -2.6819E+01  1.2918E-04
 -2.6807E+01  1.1636E-04
 -2.6795E+01  9.9352E-05
 -2.6783E+01  8.1075E-05
 -2.6771E+01  6.4672E-05
 -2.6759E+01  5.2612E-05
 -2.6747E+01  4.6066E-05
 -2.6735E+01  4.4687E-05
 -2.6723E+01  4.6886E-05
 -2.6711E+01  5.0427E-05
 -2.6700E+01  5.3137E-05
 -2.6688E+01  5.3479E-05
 -2.6676E+01  5.0852E-05
 -2.6664E+01  4.5584E-05
 -2.6652E+01  3.8701E-05
 -2.6640E+01  3.1597E-05
 -2.6628E+01  2.5717E-05
 -2.6616E+01  2.2300E-05
 -2.6604E+01  2.2211E-05
 -2.6592E+01  2.5809E-05
 -2.6580E+01  3.2877E-05
 -2.6569E+01  4.2605E-05
 -2.6557E+01  5.3688E-05
 -2.6545E+01  6.4530E-05
 -2.6533E+01  7.3561E-05
 -2.6521E+01  7.9558E-05
 -2.6509E+01  8.1894E-05
 -2.6497E+01  8.0616E-05
 -2.6485E+01  7.6323E-05
 -2.6473E+01  6.9905E-05
 -2.6461E+01  6.2268E-05
 -2.6449E+01  5.4138E-05
 -2.6438E+01  4.6044E-05
 -2.6426E+01  3.8421E-05
 -2.6414E+01  3.1770E-05
 -2.6402E+01  2.6719E-05
 -2.6390E+01  2.3928E-05
 -2.6378E+01  2.3844E-05
 -2.6366E+01  2.6418E-05
 -2.6354E+01  3.0939E-05
 -2.6342E+01  3.6111E-05
 -2.6330E+01  4.0394E-05
 -2.6318E+01  4.2491E-05
 -2.6307E+01  4.1807E-05
 -2.6295E+01  3.8657E-05
 -2.6283E+01  3.4131E-05
 -2.6271E+01  2.9656E-05
 -2.6259E+01  2.6423E-05
 -2.6247E+01  2.4924E-05
 -2.6235E+01  2.4802E-05
 -2.6223E+01  2.5068E-05
 -2.6211E+01  2.4602E-05
 -2.6199E+01  2.2693E-05
 -2.6187E+01  1.9387E-05
 -2.6176E+01  1.5477E-05
 -2.6164E+01  1.2142E-05
 -2.6152E+01  1.0410E-05
 -2.6140E+01  1.0685E-05
 -2.6128E+01  1.2555E-05
 -2.6116E+01  1.4980E-05
 -2.6104E+01  1.6747E-05
 -2.6092E+01  1.7009E-05
 -2.6080E+01  1.5637E-05
 -2.6068E+01  1.3252E-05
 -2.6056E+01  1.0907E-05
 -2.6045E+01  9.5928E-06
 -2.6033E+01  9.7897E-06
 -2.6021E+01  1.1264E-05
 -2.6009E+01  1.3205E-05
 -2.5997E+01  1.4610E-05
 -2.5985E+01  1.4744E-05
 -2.5973E+01  1.3450E-05
 -2.5961E+01  1.1182E-05
 -2.5949E+01  8.7615E-06
 -2.5937E+01  6.9937E-06
 -2.5925E+01  6.3191E-06
 -2.5914E+01  6.6702E-06
 -2.5902E+01  7.5766E-06
 -2.5890E+01  8.4433E-06
 -2.5878E+01  8.8493E-06
 -2.5866E+01  8.7164E-06
 -2.5854E+01  8.2771E-06
 -2.5842E+01  7.8841E-06
 -2.5830E+01  7.7832E-06
 -2.5818E+01  7.9843E-06
 -2.5806E+01  8.3055E-06
 -2.5794E+01  8.5592E-06
 -2.5783E+01  8.7668E-06
 -2.5771E+01  9.2619E-06
 -2.5759E+01  1.0601E-05
 -2.5747E+01  1.3303E-05
 -2.5735E+01  1.7545E-05
 -2.5723E+01  2.2969E-05
 -2.5711E+01  2.8711E-05
 -2.5699E+01  3.3671E-05
 -2.5687E+01  3.6887E-05
 -2.5675E+01  3.7866E-05
 -2.5663E+01  3.6700E-05
 -2.5652E+01  3.3939E-05
 -2.5640E+01  3.0294E-05
 -2.5628E+01  2.6351E-05
 -2.5616E+01  2.2448E-05
 -2.5604E+01  1.8797E-05
 -2.5592E+01  1.5760E-05
 -2.5580E+01  1.4100E-05
 -2.5568E+01  1.5000E-05
 -2.5556E+01  1.9745E-05
 -2.5544E+01  2.9166E-05
 -2.5532E+01  4.3051E-05
 -2.5521E+01  5.9845E-05
 -2.5509E+01  7.6849E-05
 -2.5497E+01  9.0903E-05
 -2.5485E+01  9.9347E-05
 -2.5473E+01  1.0086E-04
 -2.5461E+01  9.5830E-05
 -2.5449E+01  8.6081E-05
 -2.5437E+01  7.4114E-05
 -2.5425E+01  6.2180E-05
 -2.5413E+01  5.1620E-05
 -2.5401E+01  4.2758E-05
 -2.5390E+01  3.5337E-05
 -2.5378E+01  2.9221E-05
 -2.5366E+01  2.4923E-05
 -2.5354E+01  2.3606E-05
 -2.5342E+01  2.6481E-05
 -2.5330E+01  3.3899E-05
 -2.5318E+01  4.4679E-05
 -2.5306E+01  5.6177E-05
 -2.5294E+01  6.5317E-05
 -2.5282E+01  7.0290E-05
 -2.5271E+01  7.2220E-05
 -2.5259E+01  7.5912E-05
 -2.5247E+01  8.9069E-05
 -2.5235E+01  1.1991E-04
 -2.5223E+01  1.7393E-04
 -2.5211E+01  2.5087E-04
 -2.5199E+01  3.4335E-04
 -2.5187E+01  4.3776E-04
 -2.5175E+01  5.1747E-04
 -2.5163E+01  5.6723E-04
 -2.5151E+01  5.7748E-04
 -2.5140E+01  5.4679E-04
 -2.5128E+01  4.8206E-04
 -2.5116E+01  3.9622E-04
 -2.5104E+01  3.0479E-04
 -2.5092E+01  2.2256E-04
 -2.5080E+01  1.6167E-04
 -2.5068E+01  1.3133E-04
 -2.5056E+01  1.3894E-04
 -2.5044E+01  1.9104E-04
 -2.5032E+01  2.9309E-04
 -2.5020E+01  4.4723E-04
 -2.5009E+01  6.4876E-04
 -2.4997E+01  8.8272E-04
 -2.4985E+01  1.1227E-03
 -2.4973E+01  1.3337E-03
 -2.4961E+01  1.4783E-03
 -2.4949E+01  1.5264E-03
 -2.4937E+01  1.4637E-03
 -2.4925E+01  1.2970E-03
 -2.4913E+01  1.0545E-03
 -2.4901E+01  7.7900E-04
 -2.4889E+01  5.1784E-04
 -2.4878E+01  3.1122E-04
 -2.4866E+01  1.8304E-04
 -2.4854E+01  1.3712E-04
 -2.4842E+01  1.5948E-04
 -2.4830E+01  2.2546E-04
 -2.4818E+01  3.0877E-04
 -2.4806E+01  3.8921E-04
 -2.4794E+01  4.5631E-04
 -2.4782E+01  5.0844E-04
 -2.4770E+01  5.4850E-04
 -2.4758E+01  5.7871E-04
 -2.4747E+01  5.9716E-04
 -2.4735E+01  5.9763E-04
 -2.4723E+01  5.7272E-04
 -2.4711E+01  5.1848E-04
 -2.4699E+01  4.3823E-04
 -2.4687E+01  3.4352E-04
 -2.4675E+01  2.5145E-04
 -2.4663E+01  1.7921E-04
 -2.4651E+01  1.3812E-04
 -2.4639E+01  1.2957E-04
 -2.4627E+01  1.4463E-04
 -2.4616E+01  1.6756E-04
 -2.4604E+01  1.8189E-04
 -2.4592E+01  1.7667E-04
 -2.4580E+01  1.5049E-04
 -2.4568E+01  1.1164E-04
 -2.4556E+01  7.4575E-05
 -2.4544E+01  5.4116E-05
 -2.4532E+01  5.9746E-05
 -2.4520E+01  9.2204E-05
 -2.4508E+01  1.4351E-04
 -2.4496E+01  2.0017E-04
 -2.4485E+01  2.4799E-04
 -2.4473E+01  2.7676E-04
 -2.4461E+01  2.8282E-04
 -2.4449E+01  2.6912E-04
 -2.4437E+01  2.4281E-04
 -2.4425E+01  2.1195E-04
 -2.4413E+01  1.8251E-04
 -2.4401E+01  1.5706E-04
 -2.4389E+01  1.3517E-04
 -2.4377E+01  1.1510E-04
 -2.4365E+01  9.5772E-05
 -2.4354E+01  7.7890E-05
 -2.4342E+01  6.3851E-05
 -2.4330E+01  5.6543E-05
 -2.4318E+01  5.7737E-05
 -2.4306E+01  6.6919E-05
 -2.4294E+01  8.1139E-05
 -2.4282E+01  9.5956E-05
 -2.4270E+01  1.0702E-04
 -2.4258E+01  1.1159E-04
 -2.4246E+01  1.0938E-04
 -2.4234E+01  1.0238E-04
 -2.4223E+01  9.3864E-05
 -2.4211E+01  8.7112E-05
 -2.4199E+01  8.4273E-05
 -2.4187E+01  8.5895E-05
 -2.4175E+01  9.1098E-05
 -2.4163E+01  9.8201E-05
 -2.4151E+01  1.0540E-04
 -2.4139E+01  1.1122E-04
 -2.4127E+01  1.1456E-04
 -2.4115E+01  1.1459E-04
 -2.4103E+01  1.1062E-04
 -2.4092E+01  1.0223E-04
 -2.4080E+01  8.9648E-05
 -2.4068E+01  7.4170E-05
 -2.4056E+01  5.8396E-05
 -2.4044E+01  4.5953E-05
 -2.4032E+01  4.0717E-05
 -2.4020E+01  4.5711E-05
 -2.4008E+01  6.2093E-05
 -2.3996E+01  8.8602E-05
 -2.3984E+01  1.2171E-04
 -2.3972E+01  1.5644E-04
 -2.3961E+01  1.8753E-04
 -2.3949E+01  2.1065E-04
 -2.3937E+01  2.2316E-04
 -2.3925E+01  2.2438E-04
 -2.3913E+01  2.1526E-04
 -2.3901E+01  1.9781E-04
 -2.3889E+01  1.7445E-04
 -2.3877E+01  1.4766E-04
 -2.3865E+01  1.1984E-04
 -2.3853E+01  9.3307E-05
 -2.3841E+01  7.0321E-05
 -2.3830E+01  5.2946E-05
 -2.3818E+01  4.2705E-05
 -2.3806E+01  4.0184E-05
 -2.3794E+01  4.4760E-05
 -2.3782E+01  5.4621E-05
 -2.3770E+01  6.7120E-05
 -2.3758E+01  7.9368E-05
 -2.3746E+01  8.8881E-05
 -2.3734E+01  9.4084E-05
 -2.3722E+01  9.4536E-05
 -2.3710E+01  9.0840E-05
 -2.3699E+01  8.4336E-05
 -2.3687E+01  7.6688E-05
 -2.3675E+01  6.9513E-05
 -2.3663E+01  6.4104E-05
 -2.3651E+01  6.1275E-05
 -2.3639E+01  6.1285E-05
 -2.3627E+01  6.3823E-05
 -2.3615E+01  6.8041E-05
 -2.3603E+01  7.2673E-05
 -2.3591E+01  7.6245E-05
 -2.3579E+01  7.7400E-05
 -2.3568E+01  7.5245E-05
 -2.3556E+01  6.9635E-05
 -2.3544E+01  6.1298E-05
 -2.3532E+01  5.1731E-05
 -2.3520E+01  4.2900E-05
 -2.3508E+01  3.6834E-05
 -2.3496E+01  3.5230E-05
 -2.3484E+01  3.9188E-05
 -2.3472E+01  4.9072E-05
 -2.3460E+01  6.4505E-05
 -2.3448E+01  8.4417E-05
 -2.3437E+01  1.0712E-04
 -2.3425E+01  1.3037E-04
 -2.3413E+01  1.5160E-04
 -2.3401E+01  1.6809E-04
 -2.3389E+01  1.7747E-04
 -2.3377E+01  1.7812E-04
 -2.3365E+01  1.6962E-04
 -2.3353E+01  1.5296E-04
 -2.3341E+01  1.3043E-04
 -2.3329E+01  1.0528E-04
 -2.3317E+01  8.1002E-05
 -2.3306E+01  6.0700E-05
 -2.3294E+01  4.6499E-05
 -2.3282E+01  3.9279E-05
 -2.3270E+01  3.8719E-05
 -2.3258E+01  4.3572E-05
 -2.3246E+01  5.2058E-05
 -2.3234E+01  6.2275E-05
 -2.3222E+01  7.2566E-05
 -2.3210E+01  8.1868E-05
 -2.3198E+01  9.0006E-05
 -2.3186E+01  9.7904E-05
 -2.3175E+01  1.0756E-04
 -2.3163E+01  1.2173E-04
 -2.3151E+01  1.4313E-04
 -2.3139E+01  1.7352E-04
 -2.3127E+01  2.1259E-04
 -2.3115E+01  2.5731E-04
 -2.3103E+01  3.0196E-04
 -2.3091E+01  3.3908E-04
 -2.3079E+01  3.6118E-04
 -2.3067E+01  3.6275E-04
 -2.3055E+01  3.4202E-04
 -2.3044E+01  3.0169E-04
 -2.3032E+01  2.4858E-04
 -2.3020E+01  1.9225E-04
 -2.3008E+01  1.4309E-04
 -2.2996E+01  1.1059E-04
 -2.2984E+01  1.0210E-04
 -2.2972E+01  1.2228E-04
 -2.2960E+01  1.7311E-04
 -2.2948E+01  2.5393E-04
 -2.2936E+01  3.6123E-04
 -2.2924E+01  4.8804E-04
 -2.2913E+01  6.2333E-04
 -2.2901E+01  7.5206E-04
 -2.2889E+01  8.5654E-04
 -2.2877E+01  9.1928E-04
 -2.2865E+01  9.2702E-04
 -2.2853E+01  8.7469E-04
 -2.2841E+01  7.6784E-04
 -2.2829E+01  6.2251E-04
 -2.2817E+01  4.6214E-04
 -2.2805E+01  3.1231E-04
 -2.2793E+01  1.9475E-04
 -2.2782E+01  1.2248E-04
 -2.2770E+01  9.7558E-05
 -2.2758E+01  1.1209E-04
 -2.2746E+01  1.5198E-04
 -2.2734E+01  2.0194E-04
 -2.2722E+01  2.4986E-04
 -2.2710E+01  2.8913E-04
 -2.2698E+01  3.1828E-04
 -2.2686E+01  3.3874E-04
 -2.2674E+01  3.5181E-04
 -2.2662E+01  3.5672E-04
 -2.2651E+01  3.5038E-04
 -2.2639E+01  3.2903E-04
 -2.2627E+01  2.9092E-04
 -2.2615E+01  2.3845E-04
 -2.2603E+01  1.7869E-04
 -2.2591E+01  1.2179E-04
 -2.2579E+01  7.7745E-05
 -2.2567E+01  5.2883E-05
 -2.2555E+01  4.7571E-05
 -2.2543E+01  5.6149E-05
 -2.2531E+01  6.9230E-05
 -2.2520E+01  7.7442E-05
 -2.2508E+01  7.5065E-05
 -2.2496E+01  6.2082E-05
 -2.2484E+01  4.3836E-05
 -2.2472E+01  2.8494E-05
 -2.2460E+01  2.3436E-05
 -2.2448E+01  3.2099E-05
 -2.2436E+01  5.2566E-05
 -2.2424E+01  7.8421E-05
 -2.2412E+01  1.0140E-04
 -2.2400E+01  1.1466E-04
 -2.2389E+01  1.1523E-04
 -2.2377E+01  1.0477E-04
 -2.2365E+01  8.8376E-05
 -2.2353E+01  7.2105E-05
 -2.2341E+01  6.0441E-05
 -2.2329E+01  5.4721E-05
 -2.2317E+01  5.3149E-05
 -2.2305E+01  5.2238E-05
 -2.2293E+01  4.8880E-05
 -2.2281E+01  4.2031E-05
 -2.2269E+01  3.3236E-05
 -2.2258E+01  2.5817E-05
 -2.2246E+01  2.3152E-05
 -2.2234E+01  2.6927E-05
 -2.2222E+01  3.6164E-05
 -2.2210E+01  4.7513E-05
 -2.2198E+01  5.6628E-05
 -2.2186E+01  6.0008E-05
 -2.2174E+01  5.6477E-05
 -2.2162E+01  4.7649E-05
 -2.2150E+01  3.7224E-05
 -2.2138E+01  2.9457E-05
 -2.2127E+01  2.7492E-05
 -2.2115E+01  3.2259E-05
 -2.2103E+01  4.2357E-05
 -2.2091E+01  5.4860E-05
 -2.2079E+01  6.6611E-05
 -2.2067E+01  7.5390E-05
 -2.2055E+01  8.0458E-05
 -2.2043E+01  8.2336E-05
 -2.2031E+01  8.2044E-05
 -2.2019E+01  8.0256E-05
 -2.2007E+01  7.6850E-05
 -2.1996E+01  7.1092E-05
 -2.1984E+01  6.2342E-05
 -2.1972E+01  5.0918E-05
 -2.1960E+01  3.8641E-05
 -2.1948E+01  2.8722E-05
 -2.1936E+01  2.4955E-05
 -2.1924E+01  3.0489E-05
 -2.1912E+01  4.6653E-05
 -2.1900E+01  7.2299E-05
 -2.1888E+01  1.0392E-04
 -2.1876E+01  1.3652E-04
 -2.1865E+01  1.6484E-04
 -2.1853E+01  1.8465E-04
 -2.1841E+01  1.9355E-04
 -2.1829E+01  1.9118E-04
 -2.1817E+01  1.7893E-04
 -2.1805E+01  1.5925E-04
 -2.1793E+01  1.3497E-04
 -2.1781E+01  1.0883E-04
 -2.1769E+01  8.3285E-05
 -2.1757E+01  6.0432E-05
 -2.1745E+01  4.2080E-05
 -2.1734E+01  2.9650E-05
 -2.1722E+01  2.3979E-05
 -2.1710E+01  2.5060E-05
 -2.1698E+01  3.1892E-05
 -2.1686E+01  4.2542E-05
 -2.1674E+01  5.4489E-05
 -2.1662E+01  6.5173E-05
 -2.1650E+01  7.2573E-05
 -2.1638E+01  7.5651E-05
 -2.1626E+01  7.4494E-05
 -2.1614E+01  7.0137E-05
 -2.1603E+01  6.4140E-05
 -2.1591E+01  5.8078E-05
 -2.1579E+01  5.3112E-05
 -2.1567E+01  4.9768E-05
 -2.1555E+01  4.7947E-05
 -2.1543E+01  4.7113E-05
 -2.1531E+01  4.6549E-05
 -2.1519E+01  4.5595E-05
 -2.1507E+01  4.3779E-05
 -2.1495E+01  4.0859E-05
 -2.1483E+01  3.6807E-05
 -2.1472E+01  3.1784E-05
 -2.1460E+01  2.6154E-05
 -2.1448E+01  2.0525E-05
 -2.1436E+01  1.5769E-05
 -2.1424E+01  1.2974E-05
 -2.1412E+01  1.3271E-05
 -2.1400E+01  1.7567E-05
 -2.1388E+01  2.6223E-05
 -2.1376E+01  3.8813E-05
 -2.1364E+01  5.4035E-05
 -2.1353E+01  6.9865E-05
 -2.1341E+01  8.3924E-05
 -2.1329E+01  9.3983E-05
 -2.1317E+01  9.8463E-05
 -2.1305E+01  9.6772E-05
 -2.1293E+01  8.9402E-05
 -2.1281E+01  7.7740E-05
 -2.1269E+01  6.3684E-05
 -2.1257E+01  4.9206E-05
 -2.1245E+01  3.5974E-05
 -2.1233E+01  2.5159E-05
 -2.1222E+01  1.7407E-05
 -2.1210E+01  1.2942E-05
 -2.1198E+01  1.1686E-05
 -2.1186E+01  1.3327E-05
 -2.1174E+01  1.7311E-05
 -2.1162E+01  2.2801E-05
 -2.1150E+01  2.8708E-05
 -2.1138E+01  3.3845E-05
 -2.1126E+01  3.7232E-05
 -2.1114E+01  3.8457E-05
 -2.1102E+01  3.7927E-05
 -2.1091E+01  3.6882E-05
 -2.1079E+01  3.7062E-05
 -2.1067E+01  4.0117E-05
 -2.1055E+01  4.6936E-05
 -2.1043E+01  5.7167E-05
 -2.1031E+01  6.9136E-05
 -2.1019E+01  8.0244E-05
 -2.1007E+01  8.7740E-05
 -2.0995E+01  8.9589E-05
 -2.0983E+01  8.5121E-05
 -2.0971E+01  7.5211E-05
 -2.0960E+01  6.1940E-05
 -2.0948E+01  4.7903E-05
 -2.0936E+01  3.5473E-05
 -2.0924E+01  2.6336E-05
 -2.0912E+01  2.1457E-05
 -2.0900E+01  2.1416E-05
 -2.0888E+01  2.6865E-05
 -2.0876E+01  3.8752E-05
 -2.0864E+01  5.8094E-05
 -2.0852E+01  8.5286E-05
 -2.0840E+01  1.1922E-04
 -2.0829E+01  1.5667E-04
 -2.0817E+01  1.9230E-04
 -2.0805E+01  2.1965E-04
 -2.0793E+01  2.3272E-04
 -2.0781E+01  2.2785E-04
 -2.0769E+01  2.0509E-04
 -2.0757E+01  1.6854E-04
 -2.0745E+01  1.2545E-04
 -2.0733E+01  8.4304E-05
 -2.0721E+01  5.2484E-05
 -2.0709E+01  3.4372E-05
 -2.0698E+01  3.0441E-05
 -2.0686E+01  3.7653E-05
 -2.0674E+01  5.0929E-05
 -2.0662E+01  6.5074E-05
 -2.0650E+01  7.6443E-05
 -2.0638E+01  8.3740E-05
 -2.0626E+01  8.7794E-05
 -2.0614E+01  9.0543E-05
 -2.0602E+01  9.3773E-05
 -2.0590E+01  9.8212E-05
 -2.0578E+01  1.0333E-04
 -2.0567E+01  1.0788E-04
 -2.0555E+01  1.1085E-04
 -2.0543E+01  1.1222E-04
 -2.0531E+01  1.1330E-04
 -2.0519E+01  1.1617E-04
 -2.0507E+01  1.2267E-04
 -2.0495E+01  1.3330E-04
 -2.0483E+01  1.4648E-04
 -2.0471E+01  1.5872E-04
 -2.0459E+01  1.6560E-04
 -2.0447E+01  1.6328E-04
 -2.0436E+01  1.5000E-04
 -2.0424E+01  1.2709E-04
 -2.0412E+01  9.8910E-05
 -2.0400E+01  7.2005E-05
 -2.0388E+01  5.3491E-05
 -2.0376E+01  4.9310E-05
 -2.0364E+01  6.2798E-05
 -2.0352E+01  9.3950E-05
 -2.0340E+01  1.3949E-04
 -2.0328E+01  1.9363E-04
 -2.0316E+01  2.4921E-04
 -2.0305E+01  2.9895E-04
 -2.0293E+01  3.3650E-04
 -2.0281E+01  3.5734E-04
 -2.0269E+01  3.5919E-04
 -2.0257E+01  3.4227E-04
 -2.0245E+01  3.0914E-04
 -2.0233E+01  2.6432E-04
 -2.0221E+01  2.1359E-04
 -2.0209E+01  1.6319E-04
 -2.0197E+01  1.1889E-04
 -2.0185E+01  8.5192E-05
 -2.0174E+01  6.4682E-05
 -2.0162E+01  5.7844E-05
 -2.0150E+01  6.3169E-05
 -2.0138E+01  7.7629E-05
 -2.0126E+01  9.7323E-05
 -2.0114E+01  1.1817E-04
 -2.0102E+01  1.3649E-04
 -2.0090E+01  1.4948E-04
 -2.0078E+01  1.5543E-04
 -2.0066E+01  1.5387E-04
 -2.0054E+01  1.4550E-04
 -2.0043E+01  1.3202E-04
 -2.0031E+01  1.1570E-04
 -2.0019E+01  9.8992E-05
 -2.0007E+01  8.4011E-05
 -1.9995E+01  7.2119E-05
 -1.9983E+01  6.3703E-05
 -1.9971E+01  5.8217E-05
 -1.9959E+01  5.4499E-05
 -1.9947E+01  5.1253E-05
 -1.9935E+01  4.7548E-05
 -1.9923E+01  4.3151E-05
 -1.9912E+01  3.8575E-05
 -1.9900E+01  3.4847E-05
 -1.9888E+01  3.3086E-05
 -1.9876E+01  3.4068E-05
 -1.9864E+01  3.7927E-05
 -1.9852E+01  4.4111E-05
 -1.9840E+01  5.1565E-05
 -1.9828E+01  5.9064E-05
 -1.9816E+01  6.5537E-05
 -1.9804E+01  7.0274E-05
 -1.9792E+01  7.2960E-05
 -1.9781E+01  7.3573E-05
 -1.9769E+01  7.2243E-05
 -1.9757E+01  6.9154E-05
 -1.9745E+01  6.4530E-05
 -1.9733E+01  5.8711E-05
 -1.9721E+01  5.2207E-05
 -1.9709E+01  4.5713E-05
 -1.9697E+01  3.9994E-05
 -1.9685E+01  3.5711E-05
 -1.9673E+01  3.3231E-05
 -1.9661E+01  3.2522E-05
 -1.9650E+01  3.3183E-05
 -1.9638E+01  3.4600E-05
 -1.9626E+01  3.6166E-05
 -1.9614E+01  3.7462E-05
 -1.9602E+01  3.8330E-05
 -1.9590E+01  3.8816E-05
 -1.9578E+01  3.9041E-05
 -1.9566E+01  3.9071E-05
 -1.9554E+01  3.8878E-05
 -1.9542E+01  3.8404E-05
 -1.9530E+01  3.7702E-05
 -1.9519E+01  3.7050E-05
 -1.9507E+01  3.6966E-05
 -1.9495E+01  3.8067E-05
 -1.9483E+01  4.0830E-05
 -1.9471E+01  4.5331E-05
 -1.9459E+01  5.1102E-05
 -1.9447E+01  5.7174E-05
 -1.9435E+01  6.2320E-05
 -1.9423E+01  6.5415E-05
 -1.9411E+01  6.5781E-05
 -1.9399E+01  6.3391E-05
 -1.9388E+01  5.8863E-05
 -1.9376E+01  5.3273E-05
 -1.9364E+01  4.7877E-05
 -1.9352E+01  4.3853E-05
 -1.9340E+01  4.2139E-05
 -1.9328E+01  4.3386E-05
 -1.9316E+01  4.7964E-05
 -1.9304E+01  5.5967E-05
 -1.9292E+01  6.7159E-05
 -1.9280E+01  8.0879E-05
 -1.9268E+01  9.5975E-05
 -1.9257E+01  1.1085E-04
 -1.9245E+01  1.2367E-04
 -1.9233E+01  1.3273E-04
 -1.9221E+01  1.3684E-04
 -1.9209E+01  1.3565E-04
 -1.9197E+01  1.2964E-04
 -1.9185E+01  1.2000E-04
 -1.9173E+01  1.0823E-04
 -1.9161E+01  9.5785E-05
 -1.9149E+01  8.3817E-05
 -1.9137E+01  7.3156E-05
 -1.9126E+01  6.4439E-05
 -1.9114E+01  5.8286E-05
 -1.9102E+01  5.5350E-05
 -1.9090E+01  5.6186E-05
 -1.9078E+01  6.0982E-05
 -1.9066E+01  6.9313E-05
 -1.9054E+01  8.0132E-05
 -1.9042E+01  9.2116E-05
 -1.9030E+01  1.0429E-04
 -1.9018E+01  1.1670E-04
 -1.9006E+01  1.3073E-04
 -1.8995E+01  1.4885E-04
 -1.8983E+01  1.7367E-04
 -1.8971E+01  2.0655E-04
 -1.8959E+01  2.4640E-04
 -1.8947E+01  2.8907E-04
 -1.8935E+01  3.2784E-04
 -1.8923E+01  3.5503E-04
 -1.8911E+01  3.6428E-04
 -1.8899E+01  3.5264E-04
 -1.8887E+01  3.2192E-04
 -1.8875E+01  2.7848E-04
 -1.8864E+01  2.3173E-04
 -1.8852E+01  1.9180E-04
 -1.8840E+01  1.6719E-04
 -1.8828E+01  1.6327E-04
 -1.8816E+01  1.8205E-04
 -1.8804E+01  2.2291E-04
 -1.8792E+01  2.8385E-04
 -1.8780E+01  3.6232E-04
 -1.8768E+01  4.5515E-04
 -1.8756E+01  5.5749E-04
 -1.8744E+01  6.6151E-04
 -1.8733E+01  7.5573E-04
 -1.8721E+01  8.2594E-04
 -1.8709E+01  8.5801E-04
 -1.8697E+01  8.4190E-04
 -1.8685E+01  7.7568E-04
 -1.8673E+01  6.6766E-04
 -1.8661E+01  5.3573E-04
 -1.8649E+01  4.0347E-04
 -1.8637E+01  2.9422E-04
 -1.8625E+01  2.2476E-04
 -1.8613E+01  2.0101E-04
 -1.8602E+01  2.1701E-04
 -1.8590E+01  2.5783E-04
 -1.8578E+01  3.0523E-04
 -1.8566E+01  3.4404E-04
 -1.8554E+01  3.6677E-04
 -1.8542E+01  3.7495E-04
 -1.8530E+01  3.7690E-04
 -1.8518E+01  3.8299E-04
 -1.8506E+01  4.0064E-04
 -1.8494E+01  4.3100E-04
 -1.8482E+01  4.6880E-04
 -1.8471E+01  5.0511E-04
 -1.8459E+01  5.3170E-04
 -1.8447E+01  5.4493E-04
 -1.8435E+01  5.4716E-04
 -1.8423E+01  5.4513E-04
 -1.8411E+01  5.4593E-04
 -1.8399E+01  5.5252E-04
 -1.8387E+01  5.6099E-04
 -1.8375E+01  5.6124E-04
 -1.8363E+01  5.4104E-04
 -1.8351E+01  4.9214E-04
 -1.8340E+01  4.1589E-04
 -1.8328E+01  3.2582E-04
 -1.8316E+01  2.4585E-04
 -1.8304E+01  2.0405E-04
 -1.8292E+01  2.2412E-04
 -1.8280E+01  3.1723E-04
 -1.8268E+01  4.7740E-04
 -1.8256E+01  6.8193E-04
 -1.8244E+01  8.9691E-04
 -1.8232E+01  1.0858E-03
 -1.8220E+01  1.2183E-03
 -1.8209E+01  1.2768E-03
 -1.8197E+01  1.2590E-03
 -1.8185E+01  1.1759E-03
 -1.8173E+01  1.0467E-03
 -1.8161E+01  8.9330E-04
 -1.8149E+01  7.3513E-04
 -1.8137E+01  5.8673E-04
 -1.8125E+01  4.5766E-04
 -1.8113E+01  3.5394E-04
 -1.8101E+01  2.7967E-04
 -1.8089E+01  2.3772E-04
 -1.8078E+01  2.2921E-04
 -1.8066E+01  2.5221E-04
 -1.8054E+01  3.0062E-04
 -1.8042E+01  3.6413E-04
 -1.8030E+01  4.2958E-04
 -1.8018E+01  4.8371E-04
 -1.8006E+01  5.1620E-04
 -1.7994E+01  5.2216E-04
 -1.7982E+01  5.0305E-04
 -1.7970E+01  4.6576E-04
 -1.7958E+01  4.2020E-04
 -1.7947E+01  3.7628E-04
 -1.7935E+01  3.4124E-04
 -1.7923E+01  3.1809E-04
 -1.7911E+01  3.0550E-04
 -1.7899E+01  2.9893E-04
 -1.7887E+01  2.9248E-04
 -1.7875E+01  2.8089E-04
 -1.7863E+01  2.6113E-04
 -1.7851E+01  2.3322E-04
 -1.7839E+01  2.0028E-04
 -1.7827E+01  1.6781E-04
 -1.7816E+01  1.4250E-04
 -1.7804E+01  1.3075E-04
 -1.7792E+01  1.3724E-04
 -1.7780E+01  1.6378E-04
 -1.7768E+01  2.0874E-04
 -1.7756E+01  2.6715E-04
 -1.7744E+01  3.3161E-04
 -1.7732E+01  3.9371E-04
 -1.7720E+01  4.4558E-04
 -1.7708E+01  4.8132E-04
 -1.7696E+01  4.9770E-04
 -1.7685E+01  4.9431E-04
 -1.7673E+01  4.7306E-04
 -1.7661E+01  4.3740E-04
 -1.7649E+01  3.9149E-04
 -1.7637E+01  3.3972E-04
 -1.7625E+01  2.8644E-04
 -1.7613E+01  2.3596E-04
 -1.7601E+01  1.9251E-04
 -1.7589E+01  1.5986E-04
 -1.7577E+01  1.4080E-04
 -1.7565E+01  1.3642E-04
 -1.7554E+01  1.4560E-04
 -1.7542E+01  1.6503E-04
 -1.7530E+01  1.8978E-04
 -1.7518E+01  2.1440E-04
 -1.7506E+01  2.3414E-04
 -1.7494E+01  2.4596E-04
 -1.7482E+01  2.4908E-04
 -1.7470E+01  2.4491E-04
 -1.7458E+01  2.3653E-04
 -1.7446E+01  2.2780E-04
 -1.7435E+01  2.2258E-04
 -1.7423E+01  2.2401E-04
 -1.7411E+01  2.3399E-04
 -1.7399E+01  2.5284E-04
 -1.7387E+01  2.7908E-04
 -1.7375E+01  3.0934E-04
 -1.7363E+01  3.3863E-04
 -1.7351E+01  3.6108E-04
 -1.7339E+01  3.7114E-04
 -1.7327E+01  3.6503E-04
 -1.7315E+01  3.4209E-04
 -1.7304E+01  3.0542E-04
 -1.7292E+01  2.6174E-04
 -1.7280E+01  2.2021E-04
 -1.7268E+01  1.9063E-04
 -1.7256E+01  1.8143E-04
 -1.7244E+01  1.9808E-04
 -1.7232E+01  2.4214E-04
 -1.7220E+01  3.1134E-04
 -1.7208E+01  4.0012E-04
 -1.7196E+01  5.0059E-04
 -1.7184E+01  6.0336E-04
 -1.7173E+01  6.9823E-04
 -1.7161E+01  7.7488E-04
 -1.7149E+01  8.2383E-04
 -1.7137E+01  8.3777E-04
 -1.7125E+01  8.1306E-04
 -1.7113E+01  7.5105E-04
 -1.7101E+01  6.5862E-04
 -1.7089E+01  5.4753E-04
 -1.7077E+01  4.3258E-04
 -1.7065E+01  3.2887E-04
 -1.7053E+01  2.4885E-04
 -1.7042E+01  1.9997E-04
 -1.7030E+01  1.8369E-04
 -1.7018E+01  1.9592E-04
 -1.7006E+01  2.2884E-04
 -1.6994E+01  2.7330E-04
 -1.6982E+01  3.2106E-04
 -1.6970E+01  3.6651E-04
 -1.6958E+01  4.0746E-04
 -1.6946E+01  4.4527E-04
 -1.6934E+01  4.8430E-04
 -1.6922E+01  5.3086E-04
 -1.6911E+01  5.9171E-04
 -1.6899E+01  6.7201E-04
 -1.6887E+01  7.7314E-04
 -1.6875E+01  8.9067E-04
 -1.6863E+01  1.0133E-03
 -1.6851E+01  1.1238E-03
 -1.6839E+01  1.2015E-03
 -1.6827E+01  1.2276E-03
 -1.6815E+01  1.1905E-03
 -1.6803E+01  1.0902E-03
 -1.6791E+01  9.4087E-04
 -1.6780E+01  7.6835E-04
 -1.6768E+01  6.0599E-04
 -1.6756E+01  4.8779E-04
 -1.6744E+01  4.4204E-04
 -1.6732E+01  4.8682E-04
 -1.6720E+01  6.2816E-04
 -1.6708E+01  8.6075E-04
 -1.6696E+01  1.1700E-03
 -1.6684E+01  1.5338E-03
 -1.6672E+01  1.9232E-03
 -1.6660E+01  2.3027E-03
 -1.6649E+01  2.6304E-03
 -1.6637E+01  2.8617E-03
 -1.6625E+01  2.9562E-03
 -1.6613E+01  2.8875E-03
 -1.6601E+01  2.6525E-03
 -1.6589E+01  2.2770E-03
 -1.6577E+01  1.8147E-03
 -1.6565E+01  1.3378E-03
 -1.6553E+01  9.2116E-04
 -1.6541E+01  6.2492E-04
 -1.6529E+01  4.7979E-04
 -1.6518E+01  4.8103E-04
 -1.6506E+01  5.9278E-04
 -1.6494E+01  7.6153E-04
 -1.6482E+01  9.3372E-04
 -1.6470E+01  1.0711E-03
 -1.6458E+01  1.1586E-03
 -1.6446E+01  1.2025E-03
 -1.6434E+01  1.2210E-03
 -1.6422E+01  1.2321E-03
 -1.6410E+01  1.2430E-03
 -1.6398E+01  1.2476E-03
 -1.6387E+01  1.2308E-03
 -1.6375E+01  1.1779E-03
 -1.6363E+01  1.0850E-03
 -1.6351E+01  9.6312E-04
 -1.6339E+01  8.3579E-04
 -1.6327E+01  7.2972E-04
 -1.6315E+01  6.6304E-04
 -1.6303E+01  6.3684E-04
 -1.6291E+01  6.3414E-04
 -1.6279E+01  6.2744E-04
 -1.6267E+01  5.9181E-04
 -1.6256E+01  5.1810E-04
 -1.6244E+01  4.2025E-04
 -1.6232E+01  3.3306E-04
 -1.6220E+01  3.0053E-04
 -1.6208E+01  3.5891E-04
 -1.6196E+01  5.2110E-04
 -1.6184E+01  7.6878E-04
 -1.6172E+01  1.0555E-03
 -1.6160E+01  1.3201E-03
 -1.6148E+01  1.5046E-03
 -1.6136E+01  1.5714E-03
 -1.6125E+01  1.5127E-03
 -1.6113E+01  1.3502E-03
 -1.6101E+01  1.1257E-03
 -1.6089E+01  8.8632E-04
 -1.6077E+01  6.7102E-04
 -1.6065E+01  5.0209E-04
 -1.6053E+01  3.8441E-04
 -1.6041E+01  3.1083E-04
 -1.6029E+01  2.7028E-04
 -1.6017E+01  2.5452E-04
 -1.6005E+01  2.6080E-04
 -1.5994E+01  2.9009E-04
 -1.5982E+01  3.4251E-04
 -1.5970E+01  4.1298E-04
 -1.5958E+01  4.8949E-04
 -1.5946E+01  5.5506E-04
 -1.5934E+01  5.9275E-04
 -1.5922E+01  5.9140E-04
 -1.5910E+01  5.4970E-04
 -1.5898E+01  4.7672E-04
 -1.5886E+01  3.8886E-04
 -1.5874E+01  3.0431E-04
 -1.5863E+01  2.3754E-04
 -1.5851E+01  1.9560E-04
 -1.5839E+01  1.7735E-04
 -1.5827E+01  1.7554E-04
 -1.5815E+01  1.8028E-04
 -1.5803E+01  1.8280E-04
 -1.5791E+01  1.7794E-04
 -1.5779E+01  1.6495E-04
 -1.5767E+01  1.4676E-04
 -1.5755E+01  1.2835E-04
 -1.5743E+01  1.1502E-04
 -1.5732E+01  1.1101E-04
 -1.5720E+01  1.1863E-04
 -1.5708E+01  1.3788E-04
 -1.5696E+01  1.6640E-04
 -1.5684E+01  1.9975E-04
 -1.5672E+01  2.3227E-04
 -1.5660E+01  2.5819E-04
 -1.5648E+01  2.7310E-04
 -1.5636E+01  2.7518E-04
 -1.5624E+01  2.6573E-04
 -1.5612E+01  2.4880E-04
 -1.5601E+01  2.2973E-04
 -1.5589E+01  2.1332E-04
 -1.5577E+01  2.0217E-04
 -1.5565E+01  1.9591E-04
 -1.5553E+01  1.9172E-04
 -1.5541E+01  1.8591E-04
 -1.5529E+01  1.7578E-04
 -1.5517E+01  1.6100E-04
 -1.5505E+01  1.4389E-04
 -1.5493E+01  1.2843E-04
 -1.5481E+01  1.1854E-04
 -1.5470E+01  1.1638E-04
 -1.5458E+01  1.2142E-04
 -1.5446E+01  1.3075E-04
 -1.5434E+01  1.4034E-04
 -1.5422E+01  1.4673E-04
 -1.5410E+01  1.4832E-04
 -1.5398E+01  1.4590E-04
 -1.5386E+01  1.4208E-04
 -1.5374E+01  1.4024E-04
 -1.5362E+01  1.4340E-04
 -1.5350E+01  1.5342E-04
 -1.5339E+01  1.7088E-04
 -1.5327E+01  1.9533E-04
 -1.5315E+01  2.2554E-04
 -1.5303E+01  2.5952E-04
 -1.5291E+01  2.9432E-04
 -1.5279E+01  3.2582E-04
 -1.5267E+01  3.4895E-04
 -1.5255E+01  3.5868E-04
 -1.5243E+01  3.5143E-04
 -1.5231E+01  3.2665E-04
 -1.5219E+01  2.8770E-04
 -1.5208E+01  2.4171E-04
 -1.5196E+01  1.9824E-04
 -1.5184E+01  1.6729E-04
 -1.5172E+01  1.5714E-04
 -1.5160E+01  1.7289E-04
 -1.5148E+01  2.1590E-04
 -1.5136E+01  2.8423E-04
 -1.5124E+01  3.7348E-04
 -1.5112E+01  4.7737E-04
 -1.5100E+01  5.8794E-04
 -1.5088E+01  6.9528E-04
 -1.5077E+01  7.8766E-04
 -1.5065E+01  8.5249E-04
 -1.5053E+01  8.7848E-04
 -1.5041E+01  8.5846E-04
 -1.5029E+01  7.9204E-04
 -1.5017E+01  6.8683E-04
 -1.5005E+01  5.5767E-04
 -1.4993E+01  4.2384E-04
 -1.4981E+01  3.0478E-04
 -1.4969E+01  2.1583E-04
 -1.4957E+01  1.6510E-04
 -1.4946E+01  1.5262E-04
 -1.4934E+01  1.7167E-04
 -1.4922E+01  2.1177E-04
 -1.4910E+01  2.6191E-04
 -1.4898E+01  3.1310E-04
 -1.4886E+01  3.5967E-04
 -1.4874E+01  3.9954E-04
 -1.4862E+01  4.3385E-04
 -1.4850E+01  4.6648E-04
 -1.4838E+01  5.0333E-04
 -1.4826E+01  5.5125E-04
 -1.4815E+01  6.1629E-04
 -1.4803E+01  7.0115E-04
 -1.4791E+01  8.0257E-04
 -1.4779E+01  9.0968E-04
 -1.4767E+01  1.0045E-03
 -1.4755E+01  1.0653E-03
 -1.4743E+01  1.0729E-03
 -1.4731E+01  1.0172E-03
 -1.4719E+01  9.0190E-04
 -1.4707E+01  7.4586E-04
 -1.4695E+01  5.7922E-04
 -1.4684E+01  4.3645E-04
 -1.4672E+01  3.4816E-04
 -1.4660E+01  3.3489E-04
 -1.4648E+01  4.0443E-04
 -1.4636E+01  5.5345E-04
 -1.4624E+01  7.7158E-04
 -1.4612E+01  1.0455E-03
 -1.4600E+01  1.3602E-03
 -1.4588E+01  1.6971E-03
 -1.4576E+01  2.0299E-03
 -1.4564E+01  2.3220E-03
 -1.4553E+01  2.5282E-03
 -1.4541E+01  2.6041E-03
 -1.4529E+01  2.5184E-03
 -1.4517E+01  2.2669E-03
 -1.4505E+01  1.8794E-03
 -1.4493E+01  1.4182E-03
 -1.4481E+01  9.6450E-04
 -1.4469E+01  5.9807E-04
 -1.4457E+01  3.7547E-04
 -1.4445E+01  3.1461E-04
 -1.4433E+01  3.9176E-04
 -1.4422E+01  5.5230E-04
 -1.4410E+01  7.3141E-04
 -1.4398E+01  8.7649E-04
 -1.4386E+01  9.6276E-04
 -1.4374E+01  9.9651E-04
 -1.4362E+01  1.0056E-03
 -1.4350E+01  1.0224E-03
 -1.4338E+01  1.0664E-03
 -1.4326E+01  1.1342E-03
 -1.4314E+01  1.2016E-03
 -1.4302E+01  1.2355E-03
 -1.4291E+01  1.2107E-03
 -1.4279E+01  1.1227E-03
 -1.4267E+01  9.9120E-04
 -1.4255E+01  8.5186E-04
 -1.4243E+01  7.4055E-04
 -1.4231E+01  6.7710E-04
 -1.4219E+01  6.5640E-04
 -1.4207E+01  6.5139E-04
 -1.4195E+01  6.2686E-04
 -1.4183E+01  5.5818E-04
 -1.4171E+01  4.4661E-04
 -1.4160E+01  3.2392E-04
 -1.4148E+01  2.4354E-04
 -1.4136E+01  2.6091E-04
 -1.4124E+01  4.1063E-04
 -1.4112E+01  6.8982E-04
 -1.4100E+01  1.0547E-03
 -1.4088E+01  1.4320E-03
 -1.4076E+01  1.7407E-03
 -1.4064E+01  1.9163E-03
 -1.4052E+01  1.9282E-03
 -1.4040E+01  1.7860E-03
 -1.4029E+01  1.5319E-03
 -1.4017E+01  1.2245E-03
 -1.4005E+01  9.1995E-04
 -1.3993E+01  6.5744E-04
 -1.3981E+01  4.5453E-04
 -1.3969E+01  3.1110E-04
 -1.3957E+01  2.1875E-04
 -1.3945E+01  1.6989E-04
 -1.3933E+01  1.6227E-04
 -1.3921E+01  1.9751E-04
 -1.3909E+01  2.7547E-04
 -1.3898E+01  3.8821E-04
 -1.3886E+01  5.1718E-04
 -1.3874E+01  6.3577E-04
 -1.3862E+01  7.1635E-04
 -1.3850E+01  7.3902E-04
 -1.3838E+01  6.9829E-04
 -1.3826E+01  6.0482E-04
 -1.3814E+01  4.8141E-04
 -1.3802E+01  3.5500E-04
 -1.3790E+01  2.4804E-04
 -1.3778E+01  1.7261E-04
 -1.3767E+01  1.2919E-04
 -1.3755E+01  1.0967E-04
 -1.3743E+01  1.0273E-04
 -1.3731E+01  9.8972E-05
 -1.3719E+01  9.3765E-05
 -1.3707E+01  8.7223E-05
 -1.3695E+01  8.1905E-05
 -1.3683E+01  8.0005E-05
 -1.3671E+01  8.1625E-05
 -1.3659E+01  8.4891E-05
 -1.3647E+01  8.7537E-05
 -1.3636E+01  8.8782E-05
 -1.3624E+01  9.0269E-05
 -1.3612E+01  9.5407E-05
 -1.3600E+01  1.0742E-04
 -1.3588E+01  1.2716E-04
 -1.3576E+01  1.5190E-04
 -1.3564E+01  1.7587E-04
 -1.3552E+01  1.9233E-04
 -1.3540E+01  1.9637E-04
 -1.3528E+01  1.8693E-04
 -1.3517E+01  1.6739E-04
 -1.3505E+01  1.4416E-04
 -1.3493E+01  1.2408E-04
 -1.3481E+01  1.1180E-04
 -1.3469E+01  1.0816E-04
 -1.3457E+01  1.1048E-04
 -1.3445E+01  1.1415E-04
 -1.3433E+01  1.1498E-04
 -1.3421E+01  1.1101E-04
 -1.3409E+01  1.0313E-04
 -1.3397E+01  9.4289E-05
 -1.3386E+01  8.7797E-05
 -1.3374E+01  8.5660E-05
 -1.3362E+01  8.7656E-05
 -1.3350E+01  9.1570E-05
 -1.3338E+01  9.4374E-05
 -1.3326E+01  9.3732E-05
 -1.3314E+01  8.9138E-05
 -1.3302E+01  8.2205E-05
 -1.3290E+01  7.6051E-05
 -1.3278E+01  7.4124E-05
 -1.3266E+01  7.8997E-05
 -1.3255E+01  9.1588E-05
 -1.3243E+01  1.1099E-04
 -1.3231E+01  1.3482E-04
 -1.3219E+01  1.5985E-04
 -1.3207E+01  1.8262E-04
 -1.3195E+01  1.9997E-04
 -1.3183E+01  2.0944E-04
 -1.3171E+01  2.0956E-04
 -1.3159E+01  2.0012E-04
 -1.3147E+01  1.8231E-04
 -1.3135E+01  1.5865E-04
 -1.3124E+01  1.3272E-04
 -1.3112E+01  1.0861E-04
 -1.3100E+01  9.0379E-05
 -1.3088E+01  8.1516E-05
 -1.3076E+01  8.4582E-05
 -1.3064E+01  1.0111E-04
 -1.3052E+01  1.3155E-04
 -1.3040E+01  1.7521E-04
 -1.3028E+01  2.2990E-04
 -1.3016E+01  2.9158E-04
 -1.3004E+01  3.5412E-04
 -1.2993E+01  4.0974E-04
 -1.2981E+01  4.5014E-04
 -1.2969E+01  4.6832E-04
 -1.2957E+01  4.6039E-04
 -1.2945E+01  4.2687E-04
 -1.2933E+01  3.7279E-04
 -1.2921E+01  3.0665E-04
 -1.2909E+01  2.3843E-04
 -1.2897E+01  1.7732E-04
 -1.2885E+01  1.2991E-04
 -1.2873E+01  9.9279E-05
 -1.2862E+01  8.5303E-05
 -1.2850E+01  8.5713E-05
 -1.2838E+01  9.7294E-05
 -1.2826E+01  1.1667E-04
 -1.2814E+01  1.4050E-04
 -1.2802E+01  1.6533E-04
 -1.2790E+01  1.8768E-04
 -1.2778E+01  2.0466E-04
 -1.2766E+01  2.1514E-04
 -1.2754E+01  2.2097E-04
 -1.2742E+01  2.2731E-04
 -1.2731E+01  2.4160E-04
 -1.2719E+01  2.7109E-04
 -1.2707E+01  3.1957E-04
 -1.2695E+01  3.8464E-04
 -1.2683E+01  4.5681E-04
 -1.2671E+01  5.2126E-04
 -1.2659E+01  5.6205E-04
 -1.2647E+01  5.6734E-04
 -1.2635E+01  5.3359E-04
 -1.2623E+01  4.6699E-04
 -1.2611E+01  3.8162E-04
 -1.2600E+01  2.9511E-04
 -1.2588E+01  2.2369E-04
 -1.2576E+01  1.7843E-04
 -1.2564E+01  1.6428E-04
 -1.2552E+01  1.8181E-04
 -1.2540E+01  2.3047E-04
 -1.2528E+01  3.1123E-04
 -1.2516E+01  4.2676E-04
 -1.2504E+01  5.7840E-04
 -1.2492E+01  7.6124E-04
 -1.2480E+01  9.5973E-04
 -1.2469E+01  1.1469E-03
 -1.2457E+01  1.2885E-03
 -1.2445E+01  1.3522E-03
 -1.2433E+01  1.3178E-03
 -1.2421E+01  1.1856E-03
 -1.2409E+01  9.7863E-04
 -1.2397E+01  7.3818E-04
 -1.2385E+01  5.1254E-04
 -1.2373E+01  3.4339E-04
 -1.2361E+01  2.5388E-04
 -1.2349E+01  2.4320E-04
 -1.2338E+01  2.8962E-04
 -1.2326E+01  3.6067E-04
 -1.2314E+01  4.2625E-04
 -1.2302E+01  4.6940E-04
 -1.2290E+01  4.9077E-04
 -1.2278E+01  5.0548E-04
 -1.2266E+01  5.3403E-04
 -1.2254E+01  5.9137E-04
 -1.2242E+01  6.7884E-04
 -1.2230E+01  7.8236E-04
 -1.2218E+01  8.7771E-04
 -1.2207E+01  9.4019E-04
 -1.2195E+01  9.5451E-04
 -1.2183E+01  9.2045E-04
 -1.2171E+01  8.5206E-04
 -1.2159E+01  7.7087E-04
 -1.2147E+01  6.9644E-04
 -1.2135E+01  6.3835E-04
 -1.2123E+01  5.9356E-04
 -1.2111E+01  5.5018E-04
 -1.2099E+01  4.9607E-04
 -1.2087E+01  4.2832E-04
 -1.2076E+01  3.5909E-04
 -1.2064E+01  3.1452E-04
 -1.2052E+01  3.2653E-04
 -1.2040E+01  4.2015E-04
 -1.2028E+01  6.0168E-04
 -1.2016E+01  8.5257E-04
 -1.2004E+01  1.1318E-03
 -1.1992E+01  1.3861E-03
 -1.1980E+01  1.5650E-03
 -1.1968E+01  1.6345E-03
 -1.1956E+01  1.5868E-03
 -1.1945E+01  1.4401E-03
 -1.1933E+01  1.2311E-03
 -1.1921E+01  1.0022E-03
 -1.1909E+01  7.8907E-04
 -1.1897E+01  6.1242E-04
 -1.1885E+01  4.7781E-04
 -1.1873E+01  3.8062E-04
 -1.1861E+01  3.1394E-04
 -1.1849E+01  2.7480E-04
 -1.1837E+01  2.6602E-04
 -1.1825E+01  2.9298E-04
 -1.1814E+01  3.5730E-04
 -1.1802E+01  4.5108E-04
 -1.1790E+01  5.5504E-04
 -1.1778E+01  6.4230E-04
 -1.1766E+01  6.8705E-04
 -1.1754E+01  6.7457E-04
 -1.1742E+01  6.0831E-04
 -1.1730E+01  5.1055E-04
 -1.1718E+01  4.1554E-04
 -1.1706E+01  3.5760E-04
 -1.1694E+01  3.5883E-04
 -1.1683E+01  4.2110E-04
 -1.1671E+01  5.2549E-04
 -1.1659E+01  6.3915E-04
 -1.1647E+01  7.2705E-04
 -1.1635E+01  7.6387E-04
 -1.1623E+01  7.4155E-04
 -1.1611E+01  6.6970E-04
 -1.1599E+01  5.6927E-04
 -1.1587E+01  4.6303E-04
 -1.1575E+01  3.6735E-04
 -1.1563E+01  2.8913E-04
 -1.1552E+01  2.2883E-04
 -1.1540E+01  1.8727E-04
 -1.1528E+01  1.7230E-04
 -1.1516E+01  2.0087E-04
 -1.1504E+01  2.9458E-04
 -1.1492E+01  4.6980E-04
 -1.1480E+01  7.2638E-04
 -1.1468E+01  1.0400E-03
 -1.1456E+01  1.3623E-03
 -1.1444E+01  1.6311E-03
 -1.1432E+01  1.7872E-03
 -1.1421E+01  1.7926E-03
 -1.1409E+01  1.6435E-03
 -1.1397E+01  1.3719E-03
 -1.1385E+01  1.0361E-03
 -1.1373E+01  7.0312E-04
 -1.1361E+01  4.3013E-04
 -1.1349E+01  2.5074E-04
 -1.1337E+01  1.7022E-04
 -1.1325E+01  1.7029E-04
 -1.1313E+01  2.2081E-04
 -1.1301E+01  2.9279E-04
 -1.1290E+01  3.6759E-04
 -1.1278E+01  4.3894E-04
 -1.1266E+01  5.0835E-04
 -1.1254E+01  5.7739E-04
 -1.1242E+01  6.4141E-04
 -1.1230E+01  6.8809E-04
 -1.1218E+01  7.0148E-04
 -1.1206E+01  6.6947E-04
 -1.1194E+01  5.9086E-04
 -1.1182E+01  4.7835E-04
 -1.1170E+01  3.5581E-04
 -1.1159E+01  2.5066E-04
 -1.1147E+01  1.8436E-04
 -1.1135E+01  1.6499E-04
 -1.1123E+01  1.8504E-04
 -1.1111E+01  2.2523E-04
 -1.1099E+01  2.6279E-04
 -1.1087E+01  2.8019E-04
 -1.1075E+01  2.7105E-04
 -1.1063E+01  2.4081E-04
 -1.1051E+01  2.0272E-04
 -1.1039E+01  1.7123E-04
 -1.1028E+01  1.5587E-04
 -1.1016E+01  1.5816E-04
 -1.1004E+01  1.7246E-04
 -1.0992E+01  1.8999E-04
 -1.0980E+01  2.0354E-04
 -1.0968E+01  2.1067E-04
 -1.0956E+01  2.1402E-04
 -1.0944E+01  2.1895E-04
 -1.0932E+01  2.3006E-04
 -1.0920E+01  2.4844E-04
 -1.0908E+01  2.7097E-04
 -1.0897E+01  2.9188E-04
 -1.0885E+01  3.0564E-04
 -1.0873E+01  3.0943E-04
 -1.0861E+01  3.0409E-04
 -1.0849E+01  2.9310E-04
 -1.0837E+01  2.8032E-04
 -1.0825E+01  2.6790E-04
 -1.0813E+01  2.5534E-04
 -1.0801E+01  2.4037E-04
 -1.0789E+01  2.2105E-04
 -1.0777E+01  1.9793E-04
 -1.0766E+01  1.7495E-04
 -1.0754E+01  1.5862E-04
 -1.0742E+01  1.5570E-04
 -1.0730E+01  1.7058E-04
 -1.0718E+01  2.0344E-04
 -1.0706E+01  2.5014E-04
 -1.0694E+01  3.0391E-04
 -1.0682E+01  3.5802E-04
 -1.0670E+01  4.0810E-04
 -1.0658E+01  4.5323E-04
 -1.0646E+01  4.9525E-04
 -1.0635E+01  5.3699E-04
 -1.0623E+01  5.8026E-04
 -1.0611E+01  6.2457E-04
 -1.0599E+01  6.6705E-04
 -1.0587E+01  7.0339E-04
 -1.0575E+01  7.2925E-04
 -1.0563E+01  7.4142E-04
 -1.0551E+01  7.3841E-04
 -1.0539E+01  7.2059E-04
 -1.0527E+01  6.9026E-04
 -1.0515E+01  6.5184E-04
 -1.0504E+01  6.1224E-04
 -1.0492E+01  5.8081E-04
 -1.0480E+01  5.6829E-04
 -1.0468E+01  5.8450E-04
 -1.0456E+01  6.3552E-04
 -1.0444E+01  7.2133E-04
 -1.0432E+01  8.3522E-04
 -1.0420E+01  9.6522E-04
 -1.0408E+01  1.0974E-03
 -1.0396E+01  1.2195E-03
 -1.0384E+01  1.3234E-03
 -1.0373E+01  1.4056E-03
 -1.0361E+01  1.4640E-03
 -1.0349E+01  1.4953E-03
 -1.0337E+01  1.4921E-03
 -1.0325E+01  1.4448E-03
 -1.0313E+01  1.3469E-03
 -1.0301E+01  1.2014E-03
 -1.0289E+01  1.0261E-03
 -1.0277E+01  8.5355E-04
 -1.0265E+01  7.2323E-04
 -1.0253E+01  6.6906E-04
 -1.0242E+01  7.0608E-04
 -1.0230E+01  8.2211E-04
 -1.0218E+01  9.7884E-04
 -1.0206E+01  1.1234E-03
 -1.0194E+01  1.2073E-03
 -1.0182E+01  1.2058E-03
 -1.0170E+01  1.1294E-03
 -1.0158E+01  1.0225E-03
 -1.0146E+01  9.4727E-04
 -1.0134E+01  9.6050E-04
 -1.0122E+01  1.0913E-03
 -1.0111E+01  1.3291E-03
 -1.0099E+01  1.6263E-03
 -1.0087E+01  1.9150E-03
 -1.0075E+01  2.1315E-03
 -1.0063E+01  2.2385E-03
 -1.0051E+01  2.2346E-03
 -1.0039E+01  2.1499E-03
 -1.0027E+01  2.0279E-03
 -1.0015E+01  1.9051E-03
 -1.0003E+01  1.7965E-03
 -9.9915E+00  1.6953E-03
 -9.9796E+00  1.5851E-03
 -9.9677E+00  1.4591E-03
 -9.9558E+00  1.3353E-03
 -9.9439E+00  1.2591E-03
 -9.9319E+00  1.2911E-03
 -9.9200E+00  1.4817E-03
 -9.9081E+00  1.8457E-03
 -9.8962E+00  2.3452E-03
 -9.8843E+00  2.8922E-03
 -9.8724E+00  3.3712E-03
 -9.8605E+00  3.6739E-03
 -9.8486E+00  3.7337E-03
 -9.8367E+00  3.5450E-03
 -9.8248E+00  3.1612E-03
 -9.8129E+00  2.6732E-03
 -9.8010E+00  2.1791E-03
 -9.7890E+00  1.7548E-03
 -9.7771E+00  1.4374E-03
 -9.7652E+00  1.2258E-03
 -9.7533E+00  1.0953E-03
 -9.7414E+00  1.0174E-03
 -9.7295E+00  9.7562E-04
 -9.7176E+00  9.6878E-04
 -9.7057E+00  1.0030E-03
 -9.6938E+00  1.0780E-03
 -9.6819E+00  1.1776E-03
 -9.6700E+00  1.2694E-03
 -9.6580E+00  1.3173E-03
 -9.6461E+00  1.2990E-03
 -9.6342E+00  1.2203E-03
 -9.6223E+00  1.1179E-03
 -9.6104E+00  1.0477E-03
 -9.5985E+00  1.0616E-03
 -9.5866E+00  1.1844E-03
 -9.5747E+00  1.3983E-03
 -9.5628E+00  1.6462E-03
 -9.5509E+00  1.8502E-03
 -9.5390E+00  1.9419E-03
 -9.5271E+00  1.8868E-03
 -9.5151E+00  1.6965E-03
 -9.5032E+00  1.4198E-03
 -9.4913E+00  1.1223E-03
 -9.4794E+00  8.6088E-04
 -9.4675E+00  6.6718E-04
 -9.4556E+00  5.4620E-04
 -9.4437E+00  4.8957E-04
 -9.4318E+00  4.9551E-04
 -9.4199E+00  5.8336E-04
 -9.4080E+00  7.9282E-04
 -9.3961E+00  1.1657E-03
 -9.3841E+00  1.7167E-03
 -9.3722E+00  2.4074E-03
 -9.3603E+00  3.1381E-03
 -9.3484E+00  3.7653E-03
 -9.3365E+00  4.1426E-03
 -9.3246E+00  4.1680E-03
 -9.3127E+00  3.8215E-03
 -9.3008E+00  3.1748E-03
 -9.2889E+00  2.3720E-03
 -9.2770E+00  1.5860E-03
 -9.2651E+00  9.6659E-04
 -9.2531E+00  5.9816E-04
 -9.2412E+00  4.8365E-04
 -9.2293E+00  5.5865E-04
 -9.2174E+00  7.2797E-04
 -9.2055E+00  9.0718E-04
 -9.1936E+00  1.0509E-03
 -9.1817E+00  1.1582E-03
 -9.1698E+00  1.2560E-03
 -9.1579E+00  1.3714E-03
 -9.1460E+00  1.5079E-03
 -9.1341E+00  1.6371E-03
 -9.1222E+00  1.7100E-03
 -9.1102E+00  1.6816E-03
 -9.0983E+00  1.5369E-03
 -9.0864E+00  1.3039E-03
 -9.0745E+00  1.0471E-03
 -9.0626E+00  8.4347E-04
 -9.0507E+00  7.5082E-04
 -9.0388E+00  7.8368E-04
 -9.0269E+00  9.0776E-04
 -9.0150E+00  1.0554E-03
 -9.0031E+00  1.1546E-03
 -8.9912E+00  1.1587E-03
 -8.9792E+00  1.0629E-03
 -8.9673E+00  9.0356E-04
 -8.9554E+00  7.3988E-04
 -8.9435E+00  6.2795E-04
 -8.9316E+00  5.9929E-04
 -8.9197E+00  6.5311E-04
 -8.9078E+00  7.6444E-04
 -8.8959E+00  9.0189E-04
 -8.8840E+00  1.0449E-03
 -8.8721E+00  1.1912E-03
 -8.8602E+00  1.3511E-03
 -8.8482E+00  1.5336E-03
 -8.8363E+00  1.7306E-03
 -8.8244E+00  1.9124E-03
 -8.8125E+00  2.0348E-03
 -8.8006E+00  2.0573E-03
 -8.7887E+00  1.9631E-03
 -8.7768E+00  1.7694E-03
 -8.7649E+00  1.5247E-03
 -8.7530E+00  1.2912E-03
 -8.7411E+00  1.1208E-03
 -8.7292E+00  1.0358E-03
 -8.7173E+00  1.0232E-03
 -8.7053E+00  1.0469E-03
 -8.6934E+00  1.0689E-03
 -8.6815E+00  1.0708E-03
 -8.6696E+00  1.0626E-03
 -8.6577E+00  1.0754E-03
 -8.6458E+00  1.1421E-03
 -8.6339E+00  1.2756E-03
 -8.6220E+00  1.4584E-03
 -8.6101E+00  1.6483E-03
 -8.5982E+00  1.8007E-03
 -8.5863E+00  1.8943E-03
 -8.5743E+00  1.9458E-03
 -8.5624E+00  2.0056E-03
 -8.5505E+00  2.1313E-03
 -8.5386E+00  2.3533E-03
 -8.5267E+00  2.6476E-03
 -8.5148E+00  2.9344E-03
 -8.5029E+00  3.1055E-03
 -8.4910E+00  3.0728E-03
 -8.4791E+00  2.8146E-03
 -8.4672E+00  2.3975E-03
 -8.4553E+00  1.9621E-03
 -8.4433E+00  1.6728E-03
 -8.4314E+00  1.6522E-03
 -8.4195E+00  1.9284E-03
 -8.4076E+00  2.4206E-03
 -8.3957E+00  2.9743E-03
 -8.3838E+00  3.4302E-03
 -8.3719E+00  3.6970E-03
 -8.3600E+00  3.7916E-03
 -8.3481E+00  3.8282E-03
 -8.3362E+00  3.9556E-03
 -8.3243E+00  4.2730E-03
 -8.3124E+00  4.7603E-03
 -8.3004E+00  5.2647E-03
 -8.2885E+00  5.5538E-03
 -8.2766E+00  5.4198E-03
 -8.2647E+00  4.7875E-03
 -8.2528E+00  3.7780E-03
 -8.2409E+00  2.6913E-03
 -8.2290E+00  1.9046E-03
 -8.2171E+00  1.7216E-03
 -8.2052E+00  2.2351E-03
 -8.1933E+00  3.2675E-03
 -8.1814E+00  4.4252E-03
 -8.1694E+00  5.2513E-03
 -8.1575E+00  5.4189E-03
 -8.1456E+00  4.8892E-03
 -8.1337E+00  3.9657E-03
 -8.1218E+00  3.2158E-03
 -8.1099E+00  3.2784E-03
 -8.0980E+00  4.6301E-03
 -8.0861E+00  7.4009E-03
 -8.0742E+00  1.1315E-02
 -8.0623E+00  1.5777E-02
 -8.0504E+00  2.0060E-02
 -8.0384E+00  2.3525E-02
 -8.0265E+00  2.5779E-02
 -8.0146E+00  2.6726E-02
 -8.0027E+00  2.6501E-02
 -7.9908E+00  2.5331E-02
 -7.9789E+00  2.3404E-02
 -7.9670E+00  2.0806E-02
 -7.9551E+00  1.7584E-02
 -7.9432E+00  1.3885E-02
 -7.9313E+00  1.0129E-02
 -7.9194E+00  7.0838E-03
 -7.9075E+00  5.7797E-03
 -7.8955E+00  7.2579E-03
 -7.8836E+00  1.2221E-02
 -7.8717E+00  2.0715E-02
 -7.8598E+00  3.1970E-02
 -7.8479E+00  4.4454E-02
 -7.8360E+00  5.6156E-02
 -7.8241E+00  6.5040E-02
 -7.8122E+00  6.9535E-02
 -7.8003E+00  6.8922E-02
 -7.7884E+00  6.3485E-02
 -7.7765E+00  5.4368E-02
 -7.7645E+00  4.3232E-02
 -7.7526E+00  3.1820E-02
 -7.7407E+00  2.1602E-02
 -7.7288E+00  1.3561E-02
 -7.7169E+00  8.1456E-03
 -7.7050E+00  5.3546E-03
 -7.6931E+00  4.8884E-03
 -7.6812E+00  6.3042E-03
 -7.6693E+00  9.1146E-03
 -7.6574E+00  1.2815E-02
 -7.6455E+00  1.6862E-02
 -7.6335E+00  2.0660E-02
 -7.6216E+00  2.3603E-02
 -7.6097E+00  2.5170E-02
 -7.5978E+00  2.5057E-02
 -7.5859E+00  2.3268E-02
 -7.5740E+00  2.0136E-02
 -7.5621E+00  1.6242E-02
 -7.5502E+00  1.2272E-02
 -7.5383E+00  8.8442E-03
 -7.5264E+00  6.3584E-03
 -7.5145E+00  4.9225E-03
 -7.5026E+00  4.3677E-03
 -7.4906E+00  4.3486E-03
 -7.4787E+00  4.4832E-03
 -7.4668E+00  4.4785E-03
 -7.4549E+00  4.1985E-03
 -7.4430E+00  3.6637E-03
 -7.4311E+00  2.9994E-03
 -7.4192E+00  2.3647E-03
 -7.4073E+00  1.8941E-03
 -7.3954E+00  1.6701E-03
 -7.3835E+00  1.7283E-03
 -7.3716E+00  2.0793E-03
 -7.3596E+00  2.7264E-03
 -7.3477E+00  3.6658E-03
 -7.3358E+00  4.8662E-03
 -7.3239E+00  6.2415E-03
 -7.3120E+00  7.6361E-03
 -7.3001E+00  8.8388E-03
 -7.2882E+00  9.6284E-03
 -7.2763E+00  9.8364E-03
 -7.2644E+00  9.4020E-03
 -7.2525E+00  8.3951E-03
 -7.2406E+00  6.9992E-03
 -7.2286E+00  5.4615E-03
 -7.2167E+00  4.0283E-03
 -7.2048E+00  2.8866E-03
 -7.1929E+00  2.1297E-03
 -7.1810E+00  1.7551E-03
 -7.1691E+00  1.6915E-03
 -7.1572E+00  1.8397E-03
 -7.1453E+00  2.1096E-03
 -7.1334E+00  2.4370E-03
 -7.1215E+00  2.7816E-03
 -7.1096E+00  3.1115E-03
 -7.0977E+00  3.3887E-03
 -7.0857E+00  3.5649E-03
 -7.0738E+00  3.5904E-03
 -7.0619E+00  3.4325E-03
 -7.0500E+00  3.0921E-03
 -7.0381E+00  2.6114E-03
 -7.0262E+00  2.0665E-03
 -7.0143E+00  1.5470E-03
 -7.0024E+00  1.1298E-03
 -6.9905E+00  8.5647E-04
 -6.9786E+00  7.2468E-04
 -6.9667E+00  6.9534E-04
 -6.9547E+00  7.1198E-04
 -6.9428E+00  7.2313E-04
 -6.9309E+00  6.9871E-04
 -6.9190E+00  6.3532E-04
 -6.9071E+00  5.5052E-04
 -6.8952E+00  4.7031E-04
 -6.8833E+00  4.1612E-04
 -6.8714E+00  3.9680E-04
 -6.8595E+00  4.0804E-04
 -6.8476E+00  4.3792E-04
 -6.8357E+00  4.7463E-04
 -6.8237E+00  5.1203E-04
 -6.8118E+00  5.5096E-04
 -6.7999E+00  5.9616E-04
 -6.7880E+00  6.5135E-04
 -6.7761E+00  7.1498E-04
 -6.7642E+00  7.7920E-04
 -6.7523E+00  8.3210E-04
 -6.7404E+00  8.6215E-04
 -6.7285E+00  8.6242E-04
 -6.7166E+00  8.3298E-04
 -6.7047E+00  7.8068E-04
 -6.6928E+00  7.1656E-04
 -6.6808E+00  6.5230E-04
 -6.6689E+00  5.9686E-04
 -6.6570E+00  5.5457E-04
 -6.6451E+00  5.2516E-04
 -6.6332E+00  5.0534E-04
 -6.6213E+00  4.9129E-04
 -6.6094E+00  4.8094E-04
 -6.5975E+00  4.7537E-04
 -6.5856E+00  4.7871E-04
 -6.5737E+00  4.9654E-04
 -6.5618E+00  5.3316E-04
 -6.5498E+00  5.8870E-04
 -6.5379E+00  6.5736E-04
 -6.5260E+00  7.2801E-04
 -6.5141E+00  7.8730E-04
 -6.5022E+00  8.2463E-04
 -6.4903E+00  8.3712E-04
 -6.4784E+00  8.3219E-04
 -6.4665E+00  8.2607E-04
 -6.4546E+00  8.3774E-04
 -6.4427E+00  8.8031E-04
 -6.4308E+00  9.5357E-04
 -6.4188E+00  1.0414E-03
 -6.4069E+00  1.1163E-03
 -6.3950E+00  1.1500E-03
 -6.3831E+00  1.1258E-03
 -6.3712E+00  1.0488E-03
 -6.3593E+00  9.4689E-04
 -6.3474E+00  8.6165E-04
 -6.3355E+00  8.3213E-04
 -6.3236E+00  8.7797E-04
 -6.3117E+00  9.9010E-04
 -6.2998E+00  1.1339E-03
 -6.2879E+00  1.2646E-03
 -6.2759E+00  1.3483E-03
 -6.2640E+00  1.3800E-03
 -6.2521E+00  1.3884E-03
 -6.2402E+00  1.4242E-03
 -6.2283E+00  1.5347E-03
 -6.2164E+00  1.7370E-03
 -6.2045E+00  2.0011E-03
 -6.1926E+00  2.2544E-03
 -6.1807E+00  2.4069E-03
 -6.1688E+00  2.3890E-03
 -6.1569E+00  2.1871E-03
 -6.1449E+00  1.8579E-03
 -6.1330E+00  1.5141E-03
 -6.1211E+00  1.2829E-03
 -6.1092E+00  1.2546E-03
 -6.0973E+00  1.4432E-03
 -6.0854E+00  1.7757E-03
 -6.0735E+00  2.1201E-03
 -6.0616E+00  2.3417E-03
 -6.0497E+00  2.3699E-03
 -6.0378E+00  2.2448E-03
 -6.0259E+00  2.1220E-03
 -6.0140E+00  2.2305E-03
 -6.0020E+00  2.7955E-03
 -5.9901E+00  3.9568E-03
 -5.9782E+00  5.7086E-03
 -5.9663E+00  7.8867E-03
 -5.9544E+00  1.0206E-02
 -5.9425E+00  1.2336E-02
 -5.9306E+00  1.3992E-02
 -5.9187E+00  1.4993E-02
 -5.9068E+00  1.5287E-02
 -5.8949E+00  1.4924E-02
 -5.8830E+00  1.4004E-02
 -5.8710E+00  1.2644E-02
 -5.8591E+00  1.0958E-02
 -5.8472E+00  9.0882E-03
 -5.8353E+00  7.2419E-03
 -5.8234E+00  5.7224E-03
 -5.8115E+00  4.9211E-03
 -5.7996E+00  5.2573E-03
 -5.7877E+00  7.0714E-03
 -5.7758E+00  1.0496E-02
 -5.7639E+00  1.5354E-02
 -5.7520E+00  2.1120E-02
 -5.7400E+00  2.6995E-02
 -5.7281E+00  3.2066E-02
 -5.7162E+00  3.5506E-02
 -5.7043E+00  3.6765E-02
 -5.6924E+00  3.5679E-02
 -5.6805E+00  3.2485E-02
 -5.6686E+00  2.7748E-02
 -5.6567E+00  2.2224E-02
 -5.6448E+00  1.6687E-02
 -5.6329E+00  1.1785E-02
 -5.6210E+00  7.9473E-03
 -5.6091E+00  5.3726E-03
 -5.5971E+00  4.0720E-03
 -5.5852E+00  3.9299E-03
 -5.5733E+00  4.7516E-03
 -5.5614E+00  6.2836E-03
 -5.5495E+00  8.2183E-03
 -5.5376E+00  1.0205E-02
 -5.5257E+00  1.1887E-02
 -5.5138E+00  1.2955E-02
 -5.5019E+00  1.3229E-02
 -5.4900E+00  1.2715E-02
 -5.4781E+00  1.1624E-02
 -5.4661E+00  1.0330E-02
 -5.4542E+00  9.2637E-03
 -5.4423E+00  8.7763E-03
 -5.4304E+00  9.0154E-03
 -5.4185E+00  9.8734E-03
 -5.4066E+00  1.1024E-02
 -5.3947E+00  1.2036E-02
 -5.3828E+00  1.2510E-02
 -5.3709E+00  1.2206E-02
 -5.3590E+00  1.1104E-02
 -5.3471E+00  9.3884E-03
 -5.3351E+00  7.3767E-03
 -5.3232E+00  5.4137E-03
 -5.3113E+00  3.7875E-03
 -5.2994E+00  2.6965E-03
 -5.2875E+00  2.2738E-03
 -5.2756E+00  2.6384E-03
 -5.2637E+00  3.9273E-03
 -5.2518E+00  6.2731E-03
 -5.2399E+00  9.7228E-03
 -5.2280E+00  1.4131E-02
 -5.2161E+00  1.9085E-02
 -5.2042E+00  2.3910E-02
 -5.1922E+00  2.7776E-02
 -5.1803E+00  2.9893E-02
 -5.1684E+00  2.9732E-02
 -5.1565E+00  2.7215E-02
 -5.1446E+00  2.2778E-02
 -5.1327E+00  1.7287E-02
 -5.1208E+00  1.1803E-02
 -5.1089E+00  7.2895E-03
 -5.0970E+00  4.3568E-03
 -5.0851E+00  3.1487E-03
 -5.0732E+00  3.3806E-03
 -5.0612E+00  4.5067E-03
 -5.0493E+00  5.9411E-03
 -5.0374E+00  7.2495E-03
 -5.0255E+00  8.2448E-03
 -5.0136E+00  8.9596E-03
 -5.0017E+00  9.5250E-03
 -4.9898E+00  1.0026E-02
 -4.9779E+00  1.0409E-02
 -4.9660E+00  1.0491E-02
 -4.9541E+00  1.0049E-02
 -4.9422E+00  8.9594E-03
 -4.9302E+00  7.2931E-03
 -4.9183E+00  5.3351E-03
 -4.9064E+00  3.4996E-03
 -4.8945E+00  2.1821E-03
 -4.8826E+00  1.6107E-03
 -4.8707E+00  1.7608E-03
 -4.8588E+00  2.3706E-03
 -4.8469E+00  3.0512E-03
 -4.8350E+00  3.4456E-03
 -4.8231E+00  3.3679E-03
 -4.8112E+00  2.8611E-03
 -4.7993E+00  2.1537E-03
 -4.7873E+00  1.5408E-03
 -4.7754E+00  1.2476E-03
 -4.7635E+00  1.3369E-03
 -4.7516E+00  1.6959E-03
 -4.7397E+00  2.1045E-03
 -4.7278E+00  2.3470E-03
 -4.7159E+00  2.3132E-03
 -4.7040E+00  2.0396E-03
 -4.6921E+00  1.6767E-03
 -4.6802E+00  1.4025E-03
 -4.6683E+00  1.3321E-03
 -4.6563E+00  1.4647E-03
 -4.6444E+00  1.6955E-03
 -4.6325E+00  1.8801E-03
 -4.6206E+00  1.9187E-03
 -4.6087E+00  1.8112E-03
 -4.5968E+00  1.6563E-03
 -4.5849E+00  1.5935E-03
 -4.5730E+00  1.7219E-03
 -4.5611E+00  2.0377E-03
 -4.5492E+00  2.4258E-03
 -4.5373E+00  2.7117E-03
 -4.5253E+00  2.7520E-03
 -4.5134E+00  2.5147E-03
 -4.5015E+00  2.1076E-03
 -4.4896E+00  1.7352E-03
 -4.4777E+00  1.6062E-03
 -4.4658E+00  1.8343E-03
 -4.4539E+00  2.3828E-03
 -4.4420E+00  3.0792E-03
 -4.4301E+00  3.6960E-03
 -4.4182E+00  4.0599E-03
 -4.4063E+00  4.1333E-03
 -4.3944E+00  4.0257E-03
 -4.3824E+00  3.9280E-03
 -4.3705E+00  4.0034E-03
 -4.3586E+00  4.2927E-03
 -4.3467E+00  4.6832E-03
 -4.3348E+00  4.9638E-03
 -4.3229E+00  4.9421E-03
 -4.3110E+00  4.5659E-03
 -4.2991E+00  3.9822E-03
 -4.2872E+00  3.4959E-03
 -4.2753E+00  3.4411E-03
 -4.2634E+00  4.0211E-03
 -4.2514E+00  5.1927E-03
 -4.2395E+00  6.6539E-03
 -4.2276E+00  7.9521E-03
 -4.2157E+00  8.6710E-03
 -4.2038E+00  8.6119E-03
 -4.1919E+00  7.8804E-03
 -4.1800E+00  6.8331E-03
 -4.1681E+00  5.9105E-03
 -4.1562E+00  5.4326E-03
 -4.1443E+00  5.4550E-03
 -4.1324E+00  5.7548E-03
 -4.1204E+00  5.9614E-03
 -4.1085E+00  5.7721E-03
 -4.0966E+00  5.1467E-03
 -4.0847E+00  4.3748E-03
 -4.0728E+00  3.9725E-03
 -4.0609E+00  4.4425E-03
 -4.0490E+00  6.0063E-03
 -4.0371E+00  8.4329E-03
 -4.0252E+00  1.1065E-02
 -4.0133E+00  1.3059E-02
 -4.0014E+00  1.3749E-02
 -3.9895E+00  1.2991E-02
 -3.9775E+00  1.1323E-02
 -3.9656E+00  9.8605E-03
 -3.9537E+00  9.9713E-03
 -3.9418E+00  1.2824E-02
 -3.9299E+00  1.8993E-02
 -3.9180E+00  2.8252E-02
 -3.9061E+00  3.9654E-02
 -3.8942E+00  5.1832E-02
 -3.8823E+00  6.3397E-02
 -3.8704E+00  7.3244E-02
 -3.8585E+00  8.0665E-02
 -3.8465E+00  8.5264E-02
 -3.8346E+00  8.6787E-02
 -3.8227E+00  8.5009E-02
 -3.8108E+00  7.9793E-02
 -3.7989E+00  7.1320E-02
 -3.7870E+00  6.0380E-02
 -3.7751E+00  4.8612E-02
 -3.7632E+00  3.8497E-02
 -3.7513E+00  3.3055E-02
 -3.7394E+00  3.5205E-02
 -3.7275E+00  4.6943E-02
 -3.7155E+00  6.8595E-02
 -3.7036E+00  9.8445E-02
 -3.6917E+00  1.3289E-01
 -3.6798E+00  1.6713E-01
 -3.6679E+00  1.9607E-01
 -3.6560E+00  2.1535E-01
 -3.6441E+00  2.2215E-01
 -3.6322E+00  2.1574E-01
 -3.6203E+00  1.9750E-01
 -3.6084E+00  1.7056E-01
 -3.5965E+00  1.3902E-01
 -3.5846E+00  1.0711E-01
 -3.5726E+00  7.8519E-02
 -3.5607E+00  5.5935E-02
 -3.5488E+00  4.0908E-02
 -3.5369E+00  3.3827E-02
 -3.5250E+00  3.4027E-02
 -3.5131E+00  4.0000E-02
 -3.5012E+00  4.9690E-02
 -3.4893E+00  6.0832E-02
 -3.4774E+00  7.1260E-02
 -3.4655E+00  7.9164E-02
 -3.4536E+00  8.3294E-02
 -3.4416E+00  8.3090E-02
 -3.4297E+00  7.8690E-02
 -3.4178E+00  7.0807E-02
 -3.4059E+00  6.0514E-02
 -3.3940E+00  4.9017E-02
 -3.3821E+00  3.7493E-02
 -3.3702E+00  2.6983E-02
 -3.3583E+00  1.8314E-02
 -3.3464E+00  1.2025E-02
 -3.3345E+00  8.2933E-03
 -3.3226E+00  6.9083E-03
 -3.3106E+00  7.3048E-03
 -3.2987E+00  8.6864E-03
 -3.2868E+00  1.0217E-02
 -3.2749E+00  1.1235E-02
 -3.2630E+00  1.1417E-02
 -3.2511E+00  1.0833E-02
 -3.2392E+00  9.8610E-03
 -3.2273E+00  8.9794E-03
 -3.2154E+00  8.5327E-03
 -3.2035E+00  8.5605E-03
 -3.1916E+00  8.7764E-03
 -3.1797E+00  8.7099E-03
 -3.1677E+00  7.9519E-03
 -3.1558E+00  6.3969E-03
 -3.1439E+00  4.3648E-03
 -3.1320E+00  2.5294E-03
 -3.1201E+00  1.6632E-03
 -3.1082E+00  2.3049E-03
 -3.0963E+00  4.4991E-03
 -3.0844E+00  7.7319E-03
 -3.0725E+00  1.1091E-02
 -3.0606E+00  1.3591E-02
 -3.0487E+00  1.4540E-02
 -3.0367E+00  1.3795E-02
 -3.0248E+00  1.1801E-02
 -3.0129E+00  9.3767E-03
 -3.0010E+00  7.3531E-03
 -2.9891E+00  6.2373E-03
 -2.9772E+00  6.0432E-03
 -2.9653E+00  6.3574E-03
 -2.9534E+00  6.5929E-03
 -2.9415E+00  6.3076E-03
 -2.9296E+00  5.4394E-03
 -2.9177E+00  4.3419E-03
 -2.9058E+00  3.6041E-03
 -2.8938E+00  3.7456E-03
 -2.8819E+00  4.9378E-03
 -2.8700E+00  6.8847E-03
 -2.8581E+00  8.9222E-03
 -2.8462E+00  1.0297E-02
 -2.8343E+00  1.0500E-02
 -2.8224E+00  9.4918E-03
 -2.8105E+00  7.7184E-03
 -2.7986E+00  5.9065E-03
 -2.7867E+00  4.7457E-03
 -2.7748E+00  4.6017E-03
 -2.7628E+00  5.3827E-03
 -2.7509E+00  6.6150E-03
 -2.7390E+00  7.6908E-03
 -2.7271E+00  8.1672E-03
 -2.7152E+00  7.9666E-03
 -2.7033E+00  7.3865E-03
 -2.6914E+00  6.9297E-03
 -2.6795E+00  7.0458E-03
 -2.6676E+00  7.9086E-03
 -2.6557E+00  9.3295E-03
 -2.6438E+00  1.0849E-02
 -2.6318E+00  1.1957E-02
 -2.6199E+00  1.2319E-02
 -2.6080E+00  1.1904E-02
 -2.5961E+00  1.0956E-02
 -2.5842E+00  9.8534E-03
 -2.5723E+00  8.9252E-03
 -2.5604E+00  8.3275E-03
 -2.5485E+00  8.0315E-03
 -2.5366E+00  7.9176E-03
 -2.5247E+00  7.9034E-03
 -2.5128E+00  8.0224E-03
 -2.5009E+00  8.4002E-03
 -2.4889E+00  9.1435E-03
 -2.4770E+00  1.0206E-02
 -2.4651E+00  1.1331E-02
 -2.4532E+00  1.2122E-02
 -2.4413E+00  1.2248E-02
 -2.4294E+00  1.1654E-02
 -2.4175E+00  1.0662E-02
 -2.4056E+00  9.9010E-03
 -2.3937E+00  1.0072E-02
 -2.3818E+00  1.1622E-02
 -2.3699E+00  1.4493E-02
 -2.3579E+00  1.8072E-02
 -2.3460E+00  2.1433E-02
 -2.3341E+00  2.3747E-02
 -2.3222E+00  2.4639E-02
 -2.3103E+00  2.4345E-02
 -2.2984E+00  2.3570E-02
 -2.2865E+00  2.3110E-02
 -2.2746E+00  2.3420E-02
 -2.2627E+00  2.4333E-02
 -2.2508E+00  2.5135E-02
 -2.2389E+00  2.4969E-02
 -2.2269E+00  2.3398E-02
 -2.2150E+00  2.0830E-02
 -2.2031E+00  1.8599E-02
 -2.1912E+00  1.8537E-02
 -2.1793E+00  2.2145E-02
 -2.1674E+00  2.9751E-02
 -2.1555E+00  4.0132E-02
 -2.1436E+00  5.0801E-02
 -2.1317E+00  5.8834E-02
 -2.1198E+00  6.1934E-02
 -2.1079E+00  5.9399E-02
 -2.0960E+00  5.2536E-02
 -2.0840E+00  4.4155E-02
 -2.0721E+00  3.7269E-02
 -2.0602E+00  3.3701E-02
 -2.0483E+00  3.3330E-02
 -2.0364E+00  3.4323E-02
 -2.0245E+00  3.4207E-02
 -2.0126E+00  3.1367E-02
 -2.0007E+00  2.6242E-02
 -1.9888E+00  2.1470E-02
 -1.9769E+00  2.0760E-02
 -1.9650E+00  2.7005E-02
 -1.9530E+00  4.0441E-02
 -1.9411E+00  5.7738E-02
 -1.9292E+00  7.2753E-02
 -1.9173E+00  7.9160E-02
 -1.9054E+00  7.3860E-02
 -1.8935E+00  5.9458E-02
 -1.8816E+00  4.4829E-02
 -1.8697E+00  4.3690E-02
 -1.8578E+00  7.0992E-02
 -1.8459E+00  1.3739E-01
 -1.8340E+00  2.4433E-01
 -1.8220E+00  3.8316E-01
 -1.8101E+00  5.3830E-01
 -1.7982E+00  6.9066E-01
 -1.7863E+00  8.1922E-01
 -1.7744E+00  9.0366E-01
 -1.7625E+00  9.3087E-01
 -1.7506E+00  9.0134E-01
 -1.7387E+00  8.2716E-01
 -1.7268E+00  7.2249E-01
 -1.7149E+00  5.9718E-01
 -1.7030E+00  4.5998E-01
 -1.6911E+00  3.2662E-01
 -1.6791E+00  2.2311E-01
 -1.6672E+00  1.8077E-01
 -1.6553E+00  2.3111E-01
 -1.6434E+00  4.0162E-01
 -1.6315E+00  7.0092E-01
 -1.6196E+00  1.1065E+00
 -1.6077E+00  1.5971E+00
 -1.5958E+00  2.1666E+00
 -1.5839E+00  2.6132E+00
 -1.5720E+00  2.2528E+00
 -1.5601E+00  2.5394E+00
 -1.5481E+00  3.5875E+00
 -1.5362E+00  8.0742E-01
 -1.5243E+00  1.0491E+00
 -1.5124E+00  5.4033E+00
 -1.5005E+00  4.3327E-01
 -1.4886E+00  2.7350E-01
 -1.4767E+00  5.6471E-01
 -1.4648E+00  3.4793E-01
 -1.4529E+00  5.8784E-02
 -1.4410E+00  3.2928E-01
 -1.4291E+00  3.1877E-01
 -1.4171E+00  5.8189E-01
 -1.4052E+00  2.1945E-01
 -1.3933E+00  2.6806E+00
 -1.3814E+00  6.5074E-01
 -1.3695E+00  2.1363E-01
 -1.3576E+00  1.7300E-01
 -1.3457E+00  3.1663E-01
 -1.3338E+00  3.1913E+00
 -1.3219E+00  1.8883E-01
 -1.3100E+00  8.1319E-02
 -1.2981E+00  2.9600E-01
 -1.2862E+00  2.4609E-01
 -1.2742E+00  4.7752E-01
 -1.2623E+00  8.7953E-02
 -1.2504E+00  1.0451E-02
 -1.2385E+00  2.4134E-02
 -1.2266E+00  1.2986E-01
 -1.2147E+00  2.1470E-02
 -1.2028E+00  1.6058E-02
 -1.1909E+00  1.5093E-02
 -1.1790E+00  2.4820E-02
 -1.1671E+00  2.9658E-03
 -1.1552E+00  1.6470E-03
 -1.1432E+00  1.2305E-03
 -1.1313E+00  1.0440E-03
 -1.1194E+00  9.9632E-04
 -1.1075E+00  9.6436E-04
 -1.0956E+00  9.1298E-04
 -1.0837E+00  8.5726E-04
 -1.0718E+00  8.7569E-04
 -1.0599E+00  1.3559E-03
 -1.0480E+00  2.9312E-02
 -1.0361E+00  2.6877E-02
 -1.0242E+00  1.6006E-02
 -1.0122E+00  1.8795E-02
 -1.0003E+00  4.5329E-02
 -9.8843E-01  9.2699E-02
 -9.7652E-01  9.7426E-02
 -9.6461E-01  2.4066E-02
 -9.5271E-01  1.2304E-02
 -9.4080E-01  2.5851E-02
 -9.2889E-01  2.1947E-03
 -9.1698E-01  1.3982E-03
 -9.0507E-01  4.6131E-02
 -8.9316E-01  3.8803E-04
 -8.8125E-01  3.9725E-04
 -8.6934E-01  4.5252E-04
 -8.5743E-01  4.5531E-04
 -8.4553E-01  3.6888E-04
 -8.3362E-01  2.5627E-04
 -8.2171E-01  1.8520E-04
 -8.0980E-01  1.6737E-04
 -7.9789E-01  4.0951E-04
 -7.8598E-01  1.2175E-03
 -7.7407E-01  2.4442E-04
 -7.6216E-01  1.8482E-04
 -7.5026E-01  1.9153E-04
 -7.3835E-01  2.4883E-04
 -7.2644E-01  2.0394E-04
 -7.1453E-01  2.5554E-04
 -7.0262E-01  6.8921E-04
 -6.9071E-01  1.9083E-04
 -6.7880E-01  3.5153E-04
 -6.6689E-01  1.2445E-04
 -6.5498E-01  9.1469E-05
 -6.4308E-01  9.5391E-05
 -6.3117E-01  6.8929E-05
 -6.1926E-01  1.3302E-04
 -6.0735E-01  1.0292E-04
 -5.9544E-01  2.4844E-04
 -5.8353E-01  1.4846E-04
 -5.7162E-01  2.4342E-04
 -5.5971E-01  2.6547E-04
 -5.4781E-01  2.7364E-04
 -5.3590E-01  3.2529E-03
 -5.2399E-01  3.8045E-04
 -5.1208E-01  2.1049E-03
 -5.0017E-01  7.2119E-04
 -4.8826E-01  4.3892E-04
 -4.7635E-01  3.2569E-02
 -4.6444E-01  2.2287E-04
 -4.5253E-01  1.1643E-04
 -4.4063E-01  1.5941E-03
 -4.2872E-01  1.5774E-04
 -4.1681E-01  2.3425E-04
 -4.0490E-01  2.1753E-03
 -3.9299E-01  1.0987E-03
 -3.8108E-01  3.9665E-04
 -3.6917E-01  5.6605E-04
 -3.5726E-01  1.7778E-02
 -3.4536E-01  6.0300E-04
 -3.3345E-01  3.2967E-04
 -3.2154E-01  3.6911E-04
 -3.0963E-01  6.8429E-04
 -2.9772E-01  7.6581E-04
 -2.8581E-01  5.8274E-04
 -2.7390E-01  7.1232E-04
 -2.6199E-01  8.9386E-04
 -2.5009E-01  1.1182E-03
 -2.3818E-01  3.9504E-03
 -2.2627E-01  1.6475E-03
 -2.1436E-01  1.8959E-03
 -2.0245E-01  2.0876E-03
 -1.9054E-01  2.1813E-03
 -1.7863E-01  2.1470E-03
 -1.6672E-01  1.9774E-03
 -1.5481E-01  1.7066E-03
 -1.4291E-01  2.0380E-03
 -1.3100E-01  1.0684E-03
 -1.1909E-01  1.0006E-03
 -1.0718E-01  1.7268E-03
 -9.5271E-02  2.1946E-02
 -8.3362E-02  1.8591E-02
 -7.1453E-02  1.3179E-02
 -5.9544E-02  8.1914E-03
 -4.7635E-02  3.8564E-03
 -3.5726E-02  1.2370E-02
 -2.3818E-02  7.7192E-03
 -1.1909E-02  7.3090E-03
  0.0000E+00  6.1565E-03
  1.1909E-02  9.9903E-03
  2.3818E-02  1.1289E-02
  3.5726E-02  1.1776E-02
  4.7635E-02  2.9709E-03
  5.9544E-02  4.7759E-03
  7.1453E-02  2.7291E-03
  8.3362E-02  1.1195E-02
  9.5271E-02  6.7602E-03
  1.0718E-01  1.1844E-03
  1.1909E-01  1.0193E-03
  1.3100E-01  1.0863E-03
  1.4291E-01  1.3678E-03
  1.5481E-01  1.3392E-03
  1.6672E-01  1.4361E-03
  1.7863E-01  1.5194E-03
  1.9054E-01  1.5969E-03
  2.0245E-01  1.6957E-03
  2.1436E-01  1.8598E-03
  2.2627E-01  2.1468E-03
  2.3818E-01  6.5778E-03
  2.5009E-01  3.2756E-03
  2.6199E-01  4.1647E-03
  2.7390E-01  5.2186E-03
  2.8581E-01  6.3343E-03
  2.9772E-01  7.3722E-03
  3.0963E-01  8.1738E-03
  3.2154E-01  8.6089E-03
  3.3345E-01  8.5927E-03
  3.4536E-01  8.1068E-03
  3.5726E-01  7.2227E-03
  3.6917E-01  6.0132E-03
  3.8108E-01  4.7111E-03
  3.9299E-01  3.5236E-03
  4.0490E-01  2.7019E-03
  4.1681E-01  2.4533E-03
  4.2872E-01  3.0393E-03
  4.4063E-01  6.4860E-03
  4.5253E-01  7.1257E-03
  4.6444E-01  1.0534E-02
  4.7635E-01  1.6784E-02
  4.8826E-01  1.8586E-02
  5.0017E-01  2.2236E-02
  5.1208E-01  2.4965E-02
  5.2399E-01  2.5990E-02
  5.3590E-01  2.6282E-02
  5.4781E-01  2.3308E-02
  5.5971E-01  1.9911E-02
  5.7162E-01  1.5729E-02
  5.8353E-01  1.1335E-02
  5.9544E-01  7.8808E-03
  6.0735E-01  4.7804E-03
  6.1926E-01  3.8478E-03
  6.3117E-01  2.7706E-03
  6.4308E-01  3.4733E-03
  6.5498E-01  4.2832E-03
  6.6689E-01  5.9489E-03
  6.7880E-01  1.3910E-02
  6.9071E-01  1.2964E-02
  7.0262E-01  1.0368E-01
  7.1453E-01  5.3849E-02
  7.2644E-01  4.8609E-02
  7.3835E-01  6.8474E-01
  7.5026E-01  2.1175E-01
  7.6216E-01  7.9235E-02
  7.7407E-01  1.0930E-01
  7.8598E-01  8.7228E-01
  7.9789E-01  2.2516E-01
  8.0980E-01  1.3607E-02
  8.2171E-01  2.4706E-03
  8.3362E-01  5.4551E-03
  8.4553E-01  1.0810E-02
  8.5743E-01  1.2442E-02
  8.6934E-01  9.0365E-03
  8.8125E-01  4.8110E-03
  8.9316E-01  2.5454E-03
  9.0507E-01  2.5280E-02
  9.1698E-01  1.8198E-03
  9.2889E-01  2.2198E-03
  9.4080E-01  1.6136E-02
  9.5271E-01  2.1698E-03
  9.6461E-01  2.1279E-03
  9.7652E-01  5.1776E-03
  9.8843E-01  4.1418E-03
  1.0003E+00  7.3625E-03
  1.0122E+00  1.1290E-02
  1.0242E+00  8.7659E-02
  1.0361E+00  4.2916E-02
  1.0480E+00  4.5092E-01
  1.0599E+00  1.6417E-02
  1.0718E+00  6.9009E-03
  1.0837E+00  4.7594E-03
  1.0956E+00  3.8559E-03
  1.1075E+00  3.3513E-03
  1.1194E+00  3.0194E-03
  1.1313E+00  2.8512E-03
  1.1432E+00  3.5879E-03
  1.1552E+00  1.6510E-02
  1.1671E+00  6.8939E-03
  1.1790E+00  1.0163E-02
  1.1909E+00  1.4963E-01
  1.2028E+00  4.4041E-02
  1.2147E+00  3.6081E-02
  1.2266E+00  2.0671E-02
  1.2385E+00  5.9304E-02
  1.2504E+00  9.2498E-03
  1.2623E+00  2.1323E-02
  1.2742E+00  5.0906E-02
  1.2862E+00  1.6439E-02
  1.2981E+00  3.7534E-02
  1.3100E+00  1.1047E-01
  1.3219E+00  2.1814E-02
  1.3338E+00  7.1144E-02
  1.3457E+00  1.8175E-02
  1.3576E+00  2.6102E-02
  1.3695E+00  1.2118E-01
  1.3814E+00  1.8676E-02
  1.3933E+00  9.0159E-02
  1.4052E+00  1.5756E-02
  1.4171E+00  3.8366E-02
  1.4291E+00  1.8105E-02
  1.4410E+00  4.1811E-02
  1.4529E+00  2.8091E-02
  1.4648E+00  1.5321E-02
  1.4767E+00  2.0558E-02
  1.4886E+00  5.6465E-02
  1.5005E+00  3.1571E-02
  1.5124E+00  4.3292E-02
  1.5243E+00  3.2159E-02
  1.5362E+00  2.0335E-01
  1.5481E+00  4.3034E-02
  1.5601E+00  3.1200E-02
  1.5720E+00  7.2143E-02
  1.5839E+00  4.5360E-02
  1.5958E+00  3.2974E-02
  1.6077E+00  2.6342E-02
  1.6196E+00  2.2237E-02
  1.6315E+00  1.9709E-02
  1.6434E+00  1.8130E-02
  1.6553E+00  1.7256E-02
  1.6672E+00  1.7248E-02
  1.6791E+00  1.8303E-02
  1.6911E+00  2.0355E-02
  1.7030E+00  2.2934E-02
  1.7149E+00  2.5274E-02
  1.7268E+00  2.6680E-02
  1.7387E+00  2.6811E-02
  1.7506E+00  2.5771E-02
  1.7625E+00  2.4102E-02
  1.7744E+00  2.2677E-02
  1.7863E+00  2.2386E-02
  1.7982E+00  2.3709E-02
  1.8101E+00  2.6515E-02
  1.8220E+00  3.0166E-02
  1.8340E+00  3.3784E-02
  1.8459E+00  3.6550E-02
  1.8578E+00  3.7969E-02
  1.8697E+00  3.8021E-02
  1.8816E+00  3.7034E-02
  1.8935E+00  3.5344E-02
  1.9054E+00  3.3000E-02
  1.9173E+00  2.9786E-02
  1.9292E+00  2.5577E-02
  1.9411E+00  2.0802E-02
  1.9530E+00  1.6641E-02
  1.9650E+00  1.4768E-02
  1.9769E+00  1.6801E-02
  1.9888E+00  2.3686E-02
  2.0007E+00  3.5184E-02
  2.0126E+00  4.9657E-02
  2.0245E+00  6.4386E-02
  2.0364E+00  7.6447E-02
  2.0483E+00  8.3699E-02
  2.0602E+00  8.5336E-02
  2.0721E+00  8.1845E-02
  2.0840E+00  7.4575E-02
  2.0960E+00  6.5200E-02
  2.1079E+00  5.5195E-02
  2.1198E+00  4.5479E-02
  2.1317E+00  3.6392E-02
  2.1436E+00  2.8048E-02
  2.1555E+00  2.0810E-02
  2.1674E+00  1.5563E-02
  2.1793E+00  1.3559E-02
  2.1912E+00  1.5826E-02
  2.2031E+00  2.2425E-02
  2.2150E+00  3.1987E-02
  2.2269E+00  4.1929E-02
  2.2389E+00  4.9330E-02
  2.2508E+00  5.2122E-02
  2.2627E+00  5.0141E-02
  2.2746E+00  4.5647E-02
  2.2865E+00  4.2977E-02
  2.2984E+00  4.7255E-02
  2.3103E+00  6.2525E-02
  2.3222E+00  9.0124E-02
  2.3341E+00  1.2802E-01
  2.3460E+00  1.7129E-01
  2.3579E+00  2.1339E-01
  2.3699E+00  2.4777E-01
  2.3818E+00  2.6940E-01
  2.3937E+00  2.7586E-01
  2.4056E+00  2.6763E-01
  2.4175E+00  2.4723E-01
  2.4294E+00  2.1807E-01
  2.4413E+00  1.8342E-01
  2.4532E+00  1.4660E-01
  2.4651E+00  1.1194E-01
  2.4770E+00  8.5666E-02
  2.4889E+00  7.5938E-02
  2.5009E+00  9.1523E-02
  2.5128E+00  1.3956E-01
  2.5247E+00  2.2289E-01
  2.5366E+00  3.3761E-01
  2.5485E+00  4.7181E-01
  2.5604E+00  6.0664E-01
  2.5723E+00  7.2012E-01
  2.5842E+00  7.9249E-01
  2.5961E+00  8.1114E-01
  2.6080E+00  7.7327E-01
  2.6199E+00  6.8602E-01
  2.6318E+00  5.6462E-01
  2.6438E+00  4.2905E-01
  2.6557E+00  2.9977E-01
  2.6676E+00  1.9340E-01
  2.6795E+00  1.1969E-01
  2.6914E+00  8.0843E-02
  2.7033E+00  7.3106E-02
  2.7152E+00  8.9315E-02
  2.7271E+00  1.2136E-01
  2.7390E+00  1.6172E-01
  2.7509E+00  2.0407E-01
  2.7628E+00  2.4321E-01
  2.7748E+00  2.7468E-01
  2.7867E+00  2.9454E-01
  2.7986E+00  2.9951E-01
  2.8105E+00  2.8762E-01
  2.8224E+00  2.5907E-01
  2.8343E+00  2.1694E-01
  2.8462E+00  1.6702E-01
  2.8581E+00  1.1664E-01
  2.8700E+00  7.2829E-02
  2.8819E+00  4.0501E-02
  2.8938E+00  2.1446E-02
  2.9058E+00  1.4275E-02
  2.9177E+00  1.5286E-02
  2.9296E+00  1.9857E-02
  2.9415E+00  2.3928E-02
  2.9534E+00  2.5088E-02
  2.9653E+00  2.2922E-02
  2.9772E+00  1.8599E-02
  2.9891E+00  1.3979E-02
  3.0010E+00  1.0680E-02
  3.0129E+00  9.4453E-03
  3.0248E+00  9.9969E-03
  3.0367E+00  1.1328E-02
  3.0487E+00  1.2258E-02
  3.0606E+00  1.1977E-02
  3.0725E+00  1.0344E-02
  3.0844E+00  7.8525E-03
  3.0963E+00  5.3456E-03
  3.1082E+00  3.6398E-03
  3.1201E+00  3.2148E-03
  3.1320E+00  4.0776E-03
  3.1439E+00  5.8250E-03
  3.1558E+00  7.8477E-03
  3.1677E+00  9.5681E-03
  3.1797E+00  1.0609E-02
  3.1916E+00  1.0848E-02
  3.2035E+00  1.0375E-02
  3.2154E+00  9.3950E-03
  3.2273E+00  8.1422E-03
  3.2392E+00  6.8183E-03
  3.2511E+00  5.5739E-03
  3.2630E+00  4.5109E-03
  3.2749E+00  3.6903E-03
  3.2868E+00  3.1333E-03
  3.2987E+00  2.8225E-03
  3.3106E+00  2.7088E-03
  3.3226E+00  2.7302E-03
  3.3345E+00  2.8377E-03
  3.3464E+00  3.0161E-03
  3.3583E+00  3.2844E-03
  3.3702E+00  3.6703E-03
  3.3821E+00  4.1691E-03
  3.3940E+00  4.7092E-03
  3.4059E+00  5.1497E-03
  3.4178E+00  5.3207E-03
  3.4297E+00  5.0938E-03
  3.4416E+00  4.4514E-03
  3.4536E+00  3.5192E-03
  3.4655E+00  2.5374E-03
  3.4774E+00  1.7810E-03
  3.4893E+00  1.4570E-03
  3.5012E+00  1.6243E-03
  3.5131E+00  2.1681E-03
  3.5250E+00  2.8450E-03
  3.5369E+00  3.3808E-03
  3.5488E+00  3.5798E-03
  3.5607E+00  3.3978E-03
  3.5726E+00  2.9454E-03
  3.5846E+00  2.4281E-03
  3.5965E+00  2.0505E-03
  3.6084E+00  1.9299E-03
  3.6203E+00  2.0551E-03
  3.6322E+00  2.3036E-03
  3.6441E+00  2.5090E-03
  3.6560E+00  2.5412E-03
  3.6679E+00  2.3628E-03
  3.6798E+00  2.0373E-03
  3.6917E+00  1.6914E-03
  3.7036E+00  1.4541E-03
  3.7155E+00  1.4004E-03
  3.7275E+00  1.5251E-03
  3.7394E+00  1.7548E-03
  3.7513E+00  1.9874E-03
  3.7632E+00  2.1373E-03
  3.7751E+00  2.1642E-03
  3.7870E+00  2.0771E-03
  3.7989E+00  1.9192E-03
  3.8108E+00  1.7466E-03
  3.8227E+00  1.6137E-03
  3.8346E+00  1.5711E-03
  3.8465E+00  1.6709E-03
  3.8585E+00  1.9677E-03
  3.8704E+00  2.5082E-03
  3.8823E+00  3.3094E-03
  3.8942E+00  4.3362E-03
  3.9061E+00  5.4924E-03
  3.9180E+00  6.6336E-03
  3.9299E+00  7.6012E-03
  3.9418E+00  8.2673E-03
  3.9537E+00  8.5672E-03
  3.9656E+00  8.5050E-03
  3.9775E+00  8.1307E-03
  3.9895E+00  7.5046E-03
  4.0014E+00  6.6759E-03
  4.0133E+00  5.6919E-03
  4.0252E+00  4.6355E-03
  4.0371E+00  3.6679E-03
  4.0490E+00  3.0426E-03
  4.0609E+00  3.0666E-03
  4.0728E+00  4.0121E-03
  4.0847E+00  6.0041E-03
  4.0966E+00  8.9286E-03
  4.1085E+00  1.2407E-02
  4.1204E+00  1.5862E-02
  4.1324E+00  1.8669E-02
  4.1443E+00  2.0339E-02
  4.1562E+00  2.0655E-02
  4.1681E+00  1.9714E-02
  4.1800E+00  1.7848E-02
  4.1919E+00  1.5481E-02
  4.2038E+00  1.2982E-02
  4.2157E+00  1.0583E-02
  4.2276E+00  8.3784E-03
  4.2395E+00  6.4118E-03
  4.2514E+00  4.7718E-03
  4.2634E+00  3.6450E-03
  4.2753E+00  3.2734E-03
  4.2872E+00  3.8279E-03
  4.2991E+00  5.2611E-03
  4.3110E+00  7.2291E-03
  4.3229E+00  9.1565E-03
  4.3348E+00  1.0458E-02
  4.3467E+00  1.0846E-02
  4.3586E+00  1.0589E-02
  4.3705E+00  1.0573E-02
  4.3824E+00  1.2113E-02
  4.3944E+00  1.6531E-02
  4.4063E+00  2.4655E-02
  4.4182E+00  3.6385E-02
  4.4301E+00  5.0541E-02
  4.4420E+00  6.5051E-02
  4.4539E+00  7.7475E-02
  4.4658E+00  8.5663E-02
  4.4777E+00  8.8305E-02
  4.4896E+00  8.5184E-02
  4.5015E+00  7.7086E-02
  4.5134E+00  6.5476E-02
  4.5253E+00  5.2116E-02
  4.5373E+00  3.8797E-02
  4.5492E+00  2.7247E-02
  4.5611E+00  1.9204E-02
  4.5730E+00  1.6519E-02
  4.5849E+00  2.1129E-02
  4.5968E+00  3.4749E-02
  4.6087E+00  5.8273E-02
  4.6206E+00  9.1047E-02
  4.6325E+00  1.3034E-01
  4.6444E+00  1.7137E-01
  4.6563E+00  2.0799E-01
  4.6683E+00  2.3398E-01
  4.6802E+00  2.4450E-01
  4.6921E+00  2.3732E-01
  4.7040E+00  2.1343E-01
  4.7159E+00  1.7697E-01
  4.7278E+00  1.3424E-01
  4.7397E+00  9.2276E-02
  4.7516E+00  5.7102E-02
  4.7635E+00  3.2547E-02
  4.7754E+00  1.9753E-02
  4.7873E+00  1.7523E-02
  4.7993E+00  2.3221E-02
  4.8112E+00  3.3785E-02
  4.8231E+00  4.6531E-02
  4.8350E+00  5.9517E-02
  4.8469E+00  7.1485E-02
  4.8588E+00  8.1531E-02
  4.8707E+00  8.8753E-02
  4.8826E+00  9.2115E-02
  4.8945E+00  9.0629E-02
  4.9064E+00  8.3765E-02
  4.9183E+00  7.1893E-02
  4.9302E+00  5.6478E-02
  4.9422E+00  3.9869E-02
  4.9541E+00  2.4716E-02
  4.9660E+00  1.3213E-02
  4.9779E+00  6.4767E-03
  4.9898E+00  4.3015E-03
  5.0017E+00  5.3516E-03
  5.0136E+00  7.7158E-03
  5.0255E+00  9.6040E-03
  5.0374E+00  9.9306E-03
  5.0493E+00  8.5735E-03
  5.0612E+00  6.2310E-03
  5.0732E+00  3.9752E-03
  5.0851E+00  2.7184E-03
  5.0970E+00  2.8249E-03
  5.1089E+00  4.0088E-03
  5.1208E+00  5.5286E-03
  5.1327E+00  6.5663E-03
  5.1446E+00  6.6114E-03
  5.1565E+00  5.6758E-03
  5.1684E+00  4.2518E-03
  5.1803E+00  3.0514E-03
  5.1922E+00  2.6629E-03
  5.2042E+00  3.2848E-03
  5.2161E+00  4.6484E-03
  5.2280E+00  6.1534E-03
  5.2399E+00  7.1461E-03
  5.2518E+00  7.2120E-03
  5.2637E+00  6.3473E-03
  5.2756E+00  4.9379E-03
  5.2875E+00  3.5663E-03
  5.2994E+00  2.7460E-03
  5.3113E+00  2.7057E-03
  5.3232E+00  3.3111E-03
  5.3351E+00  4.1520E-03
  5.3471E+00  4.7467E-03
  5.3590E+00  4.7681E-03
  5.3709E+00  4.1867E-03
  5.3828E+00  3.2686E-03
  5.3947E+00  2.4404E-03
  5.4066E+00  2.0910E-03
  5.4185E+00  2.4012E-03
  5.4304E+00  3.2738E-03
  5.4423E+00  4.3894E-03
  5.4542E+00  5.3559E-03
  5.4661E+00  5.8805E-03
  5.4781E+00  5.8832E-03
  5.4900E+00  5.5049E-03
  5.5019E+00  5.0138E-03
  5.5138E+00  4.6623E-03
  5.5257E+00  4.5625E-03
  5.5376E+00  4.6400E-03
  5.5495E+00  4.6836E-03
  5.5614E+00  4.4680E-03
  5.5733E+00  3.8864E-03
  5.5852E+00  3.0298E-03
  5.5971E+00  2.1754E-03
  5.6091E+00  1.6892E-03
  5.6210E+00  1.8835E-03
  5.6329E+00  2.8877E-03
  5.6448E+00  4.5831E-03
  5.6567E+00  6.6307E-03
  5.6686E+00  8.5812E-03
  5.6805E+00  1.0019E-02
  5.6924E+00  1.0683E-02
  5.7043E+00  1.0520E-02
  5.7162E+00  9.6652E-03
  5.7281E+00  8.3647E-03
  5.7400E+00  6.8851E-03
  5.7520E+00  5.4386E-03
  5.7639E+00  4.1494E-03
  5.7758E+00  3.0654E-03
  5.7877E+00  2.1962E-03
  5.7996E+00  1.5533E-03
  5.8115E+00  1.1684E-03
  5.8234E+00  1.0824E-03
  5.8353E+00  1.3135E-03
  5.8472E+00  1.8247E-03
  5.8591E+00  2.5114E-03
  5.8710E+00  3.2189E-03
  5.8830E+00  3.7849E-03
  5.8949E+00  4.0871E-03
  5.9068E+00  4.0773E-03
  5.9187E+00  3.7890E-03
  5.9306E+00  3.3173E-03
  5.9425E+00  2.7818E-03
  5.9544E+00  2.2859E-03
  5.9663E+00  1.8888E-03
  5.9782E+00  1.5998E-03
  5.9901E+00  1.3918E-03
  6.0020E+00  1.2262E-03
  6.0140E+00  1.0742E-03
  6.0259E+00  9.2592E-04
  6.0378E+00  7.8769E-04
  6.0497E+00  6.7087E-04
  6.0616E+00  5.8139E-04
  6.0735E+00  5.1606E-04
  6.0854E+00  4.6732E-04
  6.0973E+00  4.3260E-04
  6.1092E+00  4.2161E-04
  6.1211E+00  4.5610E-04
  6.1330E+00  5.6077E-04
  6.1449E+00  7.4904E-04
  6.1569E+00  1.0106E-03
  6.1688E+00  1.3081E-03
  6.1807E+00  1.5850E-03
  6.1926E+00  1.7833E-03
  6.2045E+00  1.8620E-03
  6.2164E+00  1.8098E-03
  6.2283E+00  1.6464E-03
  6.2402E+00  1.4137E-03
  6.2521E+00  1.1607E-03
  6.2640E+00  9.2827E-04
  6.2759E+00  7.4035E-04
  6.2879E+00  6.0362E-04
  6.2998E+00  5.1413E-04
  6.3117E+00  4.6620E-04
  6.3236E+00  4.5818E-04
  6.3355E+00  4.9258E-04
  6.3474E+00  5.7128E-04
  6.3593E+00  6.8962E-04
  6.3712E+00  8.3341E-04
  6.3831E+00  9.8148E-04
  6.3950E+00  1.1124E-03
  6.4069E+00  1.2119E-03
  6.4188E+00  1.2766E-03
  6.4308E+00  1.3126E-03
  6.4427E+00  1.3294E-03
  6.4546E+00  1.3345E-03
  6.4665E+00  1.3305E-03
  6.4784E+00  1.3197E-03
  6.4903E+00  1.3121E-03
  6.5022E+00  1.3330E-03
  6.5141E+00  1.4246E-03
  6.5260E+00  1.6357E-03
  6.5379E+00  2.0039E-03
  6.5498E+00  2.5338E-03
  6.5618E+00  3.1827E-03
  6.5737E+00  3.8611E-03
  6.5856E+00  4.4517E-03
  6.5975E+00  4.8434E-03
  6.6094E+00  4.9657E-03
  6.6213E+00  4.8123E-03
  6.6332E+00  4.4422E-03
  6.6451E+00  3.9600E-03
  6.6570E+00  3.4841E-03
  6.6689E+00  3.1133E-03
  6.6808E+00  2.9063E-03
  6.6928E+00  2.8787E-03
  6.7047E+00  3.0188E-03
  6.7166E+00  3.3094E-03
  6.7285E+00  3.7461E-03
  6.7404E+00  4.3376E-03
  6.7523E+00  5.0885E-03
  6.7642E+00  5.9714E-03
  6.7761E+00  6.9043E-03
  6.7880E+00  7.7486E-03
  6.7999E+00  8.3348E-03
  6.8118E+00  8.5079E-03
  6.8237E+00  8.1794E-03
  6.8357E+00  7.3635E-03
  6.8476E+00  6.1855E-03
  6.8595E+00  4.8553E-03
  6.8714E+00  3.6129E-03
  6.8833E+00  2.6604E-03
  6.8952E+00  2.1075E-03
  6.9071E+00  1.9480E-03
  6.9190E+00  2.0769E-03
  6.9309E+00  2.3383E-03
  6.9428E+00  2.5832E-03
  6.9547E+00  2.7164E-03
  6.9667E+00  2.7161E-03
  6.9786E+00  2.6235E-03
  6.9905E+00  2.5103E-03
  7.0024E+00  2.4393E-03
  7.0143E+00  2.4356E-03
  7.0262E+00  2.4806E-03
  7.0381E+00  2.5261E-03
  7.0500E+00  2.5220E-03
  7.0619E+00  2.4408E-03
  7.0738E+00  2.2894E-03
  7.0857E+00  2.1026E-03
  7.0977E+00  1.9235E-03
  7.1096E+00  1.7820E-03
  7.1215E+00  1.6817E-03
  7.1334E+00  1.6010E-03
  7.1453E+00  1.5078E-03
  7.1572E+00  1.3796E-03
  7.1691E+00  1.2198E-03
  7.1810E+00  1.0614E-03
  7.1929E+00  9.5838E-04
  7.2048E+00  9.6549E-04
  7.2167E+00  1.1181E-03
  7.2286E+00  1.4194E-03
  7.2406E+00  1.8401E-03
  7.2525E+00  2.3268E-03
  7.2644E+00  2.8161E-03
  7.2763E+00  3.2464E-03
  7.2882E+00  3.5660E-03
  7.3001E+00  3.7369E-03
  7.3120E+00  3.7360E-03
  7.3239E+00  3.5576E-03
  7.3358E+00  3.2172E-03
  7.3477E+00  2.7562E-03
  7.3596E+00  2.2432E-03
  7.3716E+00  1.7662E-03
  7.3835E+00  1.4147E-03
  7.3954E+00  1.2537E-03
  7.4073E+00  1.3015E-03
  7.4192E+00  1.5194E-03
  7.4311E+00  1.8212E-03
  7.4430E+00  2.1012E-03
  7.4549E+00  2.2699E-03
  7.4668E+00  2.2849E-03
  7.4787E+00  2.1643E-03
  7.4906E+00  1.9771E-03
  7.5026E+00  1.8132E-03
  7.5145E+00  1.7455E-03
  7.5264E+00  1.7994E-03
  7.5383E+00  1.9441E-03
  7.5502E+00  2.1086E-03
  7.5621E+00  2.2145E-03
  7.5740E+00  2.2114E-03
  7.5859E+00  2.0978E-03
  7.5978E+00  1.9195E-03
  7.6097E+00  1.7449E-03
  7.6216E+00  1.6311E-03
  7.6335E+00  1.5942E-03
  7.6455E+00  1.6015E-03
  7.6574E+00  1.5876E-03
  7.6693E+00  1.4889E-03
  7.6812E+00  1.2808E-03
  7.6931E+00  1.0003E-03
  7.7050E+00  7.4154E-04
  7.7169E+00  6.2348E-04
  7.7288E+00  7.4274E-04
  7.7407E+00  1.1312E-03
  7.7526E+00  1.7367E-03
  7.7645E+00  2.4345E-03
  7.7765E+00  3.0648E-03
  7.7884E+00  3.4824E-03
  7.8003E+00  3.6011E-03
  7.8122E+00  3.4157E-03
  7.8241E+00  2.9952E-03
  7.8360E+00  2.4510E-03
  7.8479E+00  1.8967E-03
  7.8598E+00  1.4145E-03
  7.8717E+00  1.0425E-03
  7.8836E+00  7.8120E-04
  7.8955E+00  6.1301E-04
  7.9075E+00  5.2152E-04
  7.9194E+00  5.0168E-04
  7.9313E+00  5.5687E-04
  7.9432E+00  6.8711E-04
  7.9551E+00  8.7709E-04
  7.9670E+00  1.0924E-03
  7.9789E+00  1.2874E-03
  7.9908E+00  1.4223E-03
  8.0027E+00  1.4807E-03
  8.0146E+00  1.4789E-03
  8.0265E+00  1.4608E-03
  8.0384E+00  1.4790E-03
  8.0504E+00  1.5711E-03
  8.0623E+00  1.7433E-03
  8.0742E+00  1.9666E-03
  8.0861E+00  2.1883E-03
  8.0980E+00  2.3518E-03
  8.1099E+00  2.4158E-03
  8.1218E+00  2.3658E-03
  8.1337E+00  2.2126E-03
  8.1456E+00  1.9820E-03
  8.1575E+00  1.7019E-03
  8.1694E+00  1.3961E-03
  8.1814E+00  1.0897E-03
  8.1933E+00  8.2019E-04
  8.2052E+00  6.4810E-04
  8.2171E+00  6.5411E-04
  8.2290E+00  9.1920E-04
  8.2409E+00  1.4923E-03
  8.2528E+00  2.3585E-03
  8.2647E+00  3.4242E-03
  8.2766E+00  4.5273E-03
  8.2885E+00  5.4734E-03
  8.3004E+00  6.0882E-03
  8.3124E+00  6.2666E-03
  8.3243E+00  6.0026E-03
  8.3362E+00  5.3857E-03
  8.3481E+00  4.5642E-03
  8.3600E+00  3.6934E-03
  8.3719E+00  2.8899E-03
  8.3838E+00  2.2126E-03
  8.3957E+00  1.6726E-03
  8.4076E+00  1.2632E-03
  8.4195E+00  9.9016E-04
  8.4314E+00  8.8308E-04
  8.4433E+00  9.8124E-04
  8.4553E+00  1.3002E-03
  8.4672E+00  1.7991E-03
  8.4791E+00  2.3717E-03
  8.4910E+00  2.8734E-03
  8.5029E+00  3.1814E-03
  8.5148E+00  3.2647E-03
  8.5267E+00  3.2323E-03
  8.5386E+00  3.3284E-03
  8.5505E+00  3.8645E-03
  8.5624E+00  5.1049E-03
  8.5743E+00  7.1496E-03
  8.5863E+00  9.8610E-03
  8.5982E+00  1.2866E-02
  8.6101E+00  1.5638E-02
  8.6220E+00  1.7635E-02
  8.6339E+00  1.8453E-02
  8.6458E+00  1.7938E-02
  8.6577E+00  1.6220E-02
  8.6696E+00  1.3660E-02
  8.6815E+00  1.0736E-02
  8.6934E+00  7.9258E-03
  8.7053E+00  5.6291E-03
  8.7173E+00  4.1605E-03
  8.7292E+00  3.7857E-03
  8.7411E+00  4.7619E-03
  8.7530E+00  7.3357E-03
  8.7649E+00  1.1678E-02
  8.7768E+00  1.7766E-02
  8.7887E+00  2.5254E-02
  8.8006E+00  3.3402E-02
  8.8125E+00  4.1108E-02
  8.8244E+00  4.7087E-02
  8.8363E+00  5.0164E-02
  8.8482E+00  4.9607E-02
  8.8602E+00  4.5371E-02
  8.8721E+00  3.8156E-02
  8.8840E+00  2.9251E-02
  8.8959E+00  2.0214E-02
  8.9078E+00  1.2491E-02
  8.9197E+00  7.0946E-03
  8.9316E+00  4.4136E-03
  8.9435E+00  4.2171E-03
  8.9554E+00  5.8285E-03
  8.9673E+00  8.4036E-03
  8.9792E+00  1.1201E-02
  8.9912E+00  1.3751E-02
  9.0031E+00  1.5869E-02
  9.0150E+00  1.7559E-02
  9.0269E+00  1.8852E-02
  9.0388E+00  1.9694E-02
  9.0507E+00  1.9910E-02
  9.0626E+00  1.9278E-02
  9.0745E+00  1.7654E-02
  9.0864E+00  1.5099E-02
  9.0983E+00  1.1929E-02
  9.1102E+00  8.6617E-03
  9.1222E+00  5.8710E-03
  9.1341E+00  4.0023E-03
  9.1460E+00  3.2187E-03
  9.1579E+00  3.3484E-03
  9.1698E+00  3.9579E-03
  9.1817E+00  4.5233E-03
  9.1936E+00  4.6295E-03
  9.2055E+00  4.1184E-03
  9.2174E+00  3.1333E-03
  9.2293E+00  2.0474E-03
  9.2412E+00  1.3069E-03
  9.2531E+00  1.2524E-03
  9.2651E+00  1.9866E-03
  9.2770E+00  3.3408E-03
  9.2889E+00  4.9452E-03
  9.3008E+00  6.3684E-03
  9.3127E+00  7.2642E-03
  9.3246E+00  7.4720E-03
  9.3365E+00  7.0401E-03
  9.3484E+00  6.1744E-03
  9.3603E+00  5.1403E-03
  9.3722E+00  4.1623E-03
  9.3841E+00  3.3606E-03
  9.3961E+00  2.7449E-03
  9.4080E+00  2.2565E-03
  9.4199E+00  1.8315E-03
  9.4318E+00  1.4506E-03
  9.4437E+00  1.1538E-03
  9.4556E+00  1.0160E-03
  9.4675E+00  1.0994E-03
  9.4794E+00  1.4091E-03
  9.4913E+00  1.8753E-03
  9.5032E+00  2.3703E-03
  9.5151E+00  2.7524E-03
  9.5271E+00  2.9168E-03
  9.5390E+00  2.8313E-03
  9.5509E+00  2.5451E-03
  9.5628E+00  2.1652E-03
  9.5747E+00  1.8139E-03
  9.5866E+00  1.5848E-03
  9.5985E+00  1.5158E-03
  9.6104E+00  1.5876E-03
  9.6223E+00  1.7435E-03
  9.6342E+00  1.9176E-03
  9.6461E+00  2.0582E-03
  9.6580E+00  2.1381E-03
  9.6700E+00  2.1501E-03
  9.6819E+00  2.0964E-03
  9.6938E+00  1.9781E-03
  9.7057E+00  1.7943E-03
  9.7176E+00  1.5499E-03
  9.7295E+00  1.2681E-03
  9.7414E+00  9.9888E-04
  9.7533E+00  8.1528E-04
  9.7652E+00  7.9692E-04
  9.7771E+00  1.0036E-03
  9.7890E+00  1.4504E-03
  9.8010E+00  2.0955E-03
  9.8129E+00  2.8460E-03
  9.8248E+00  3.5799E-03
  9.8367E+00  4.1765E-03
  9.8486E+00  4.5452E-03
  9.8605E+00  4.6431E-03
  9.8724E+00  4.4789E-03
  9.8843E+00  4.1022E-03
  9.8962E+00  3.5845E-03
  9.9081E+00  2.9993E-03
  9.9200E+00  2.4094E-03
  9.9319E+00  1.8622E-03
  9.9439E+00  1.3933E-03
  9.9558E+00  1.0309E-03
  9.9677E+00  7.9732E-04
  9.9796E+00  7.0578E-04
  9.9915E+00  7.5450E-04
  1.0003E+01  9.2187E-04
  1.0015E+01  1.1666E-03
  1.0027E+01  1.4340E-03
  1.0039E+01  1.6675E-03
  1.0051E+01  1.8206E-03
  1.0063E+01  1.8673E-03
  1.0075E+01  1.8062E-03
  1.0087E+01  1.6579E-03
  1.0099E+01  1.4571E-03
  1.0111E+01  1.2418E-03
  1.0122E+01  1.0441E-03
  1.0134E+01  8.8538E-04
  1.0146E+01  7.7481E-04
  1.0158E+01  7.1123E-04
  1.0170E+01  6.8597E-04
  1.0182E+01  6.8576E-04
  1.0194E+01  6.9534E-04
  1.0206E+01  6.9999E-04
  1.0218E+01  6.8810E-04
  1.0230E+01  6.5357E-04
  1.0242E+01  5.9739E-04
  1.0253E+01  5.2789E-04
  1.0265E+01  4.5921E-04
  1.0277E+01  4.0822E-04
  1.0289E+01  3.9070E-04
  1.0301E+01  4.1769E-04
  1.0313E+01  4.9342E-04
  1.0325E+01  6.1497E-04
  1.0337E+01  7.7346E-04
  1.0349E+01  9.5576E-04
  1.0361E+01  1.1458E-03
  1.0373E+01  1.3254E-03
  1.0384E+01  1.4753E-03
  1.0396E+01  1.5770E-03
  1.0408E+01  1.6156E-03
  1.0420E+01  1.5829E-03
  1.0432E+01  1.4804E-03
  1.0444E+01  1.3198E-03
  1.0456E+01  1.1222E-03
  1.0468E+01  9.1379E-04
  1.0480E+01  7.2170E-04
  1.0492E+01  5.6851E-04
  1.0504E+01  4.6866E-04
  1.0515E+01  4.2690E-04
  1.0527E+01  4.3901E-04
  1.0539E+01  4.9416E-04
  1.0551E+01  5.7774E-04
  1.0563E+01  6.7406E-04
  1.0575E+01  7.6922E-04
  1.0587E+01  8.5442E-04
  1.0599E+01  9.2959E-04
  1.0611E+01  1.0063E-03
  1.0623E+01  1.1079E-03
  1.0635E+01  1.2649E-03
  1.0646E+01  1.5059E-03
  1.0658E+01  1.8456E-03
  1.0670E+01  2.2731E-03
  1.0682E+01  2.7459E-03
  1.0694E+01  3.1933E-03
  1.0706E+01  3.5303E-03
  1.0718E+01  3.6801E-03
  1.0730E+01  3.5974E-03
  1.0742E+01  3.2850E-03
  1.0754E+01  2.7964E-03
  1.0766E+01  2.2239E-03
  1.0777E+01  1.6778E-03
  1.0789E+01  1.2634E-03
  1.0801E+01  1.0634E-03
  1.0813E+01  1.1297E-03
  1.0825E+01  1.4848E-03
  1.0837E+01  2.1280E-03
  1.0849E+01  3.0408E-03
  1.0861E+01  4.1843E-03
  1.0873E+01  5.4895E-03
  1.0885E+01  6.8452E-03
  1.0897E+01  8.0952E-03
  1.0908E+01  9.0536E-03
  1.0920E+01  9.5403E-03
  1.0932E+01  9.4295E-03
  1.0944E+01  8.6924E-03
  1.0956E+01  7.4199E-03
  1.0968E+01  5.8127E-03
  1.0980E+01  4.1399E-03
  1.0992E+01  2.6754E-03
  1.1004E+01  1.6317E-03
  1.1016E+01  1.1092E-03
  1.1028E+01  1.0814E-03
  1.1039E+01  1.4188E-03
  1.1051E+01  1.9432E-03
  1.1063E+01  2.4883E-03
  1.1075E+01  2.9459E-03
  1.1087E+01  3.2799E-03
  1.1099E+01  3.5103E-03
  1.1111E+01  3.6762E-03
  1.1123E+01  3.7991E-03
  1.1135E+01  3.8616E-03
  1.1147E+01  3.8128E-03
  1.1159E+01  3.5967E-03
  1.1170E+01  3.1883E-03
  1.1182E+01  2.6200E-03
  1.1194E+01  1.9832E-03
  1.1206E+01  1.4024E-03
  1.1218E+01  9.9057E-04
  1.1230E+01  8.0592E-04
  1.1242E+01  8.2859E-04
  1.1254E+01  9.6914E-04
  1.1266E+01  1.1056E-03
  1.1278E+01  1.1336E-03
  1.1290E+01  1.0093E-03
  1.1301E+01  7.6638E-04
  1.1313E+01  5.0159E-04
  1.1325E+01  3.3339E-04
  1.1337E+01  3.5171E-04
  1.1349E+01  5.7982E-04
  1.1361E+01  9.6429E-04
  1.1373E+01  1.3962E-03
  1.1385E+01  1.7533E-03
  1.1397E+01  1.9444E-03
  1.1409E+01  1.9398E-03
  1.1421E+01  1.7743E-03
  1.1432E+01  1.5262E-03
  1.1444E+01  1.2802E-03
  1.1456E+01  1.0937E-03
  1.1468E+01  9.7819E-04
  1.1480E+01  9.0564E-04
  1.1492E+01  8.3121E-04
  1.1504E+01  7.2235E-04
  1.1516E+01  5.7888E-04
  1.1528E+01  4.3498E-04
  1.1540E+01  3.4264E-04
  1.1552E+01  3.4498E-04
  1.1563E+01  4.5264E-04
  1.1575E+01  6.3490E-04
  1.1587E+01  8.2970E-04
  1.1599E+01  9.6810E-04
  1.1611E+01  1.0024E-03
  1.1623E+01  9.2576E-04
  1.1635E+01  7.7512E-04
  1.1647E+01  6.1562E-04
  1.1659E+01  5.1415E-04
  1.1671E+01  5.1324E-04
  1.1683E+01  6.1670E-04
  1.1694E+01  7.9176E-04
  1.1706E+01  9.8537E-04
  1.1718E+01  1.1463E-03
  1.1730E+01  1.2430E-03
  1.1742E+01  1.2709E-03
  1.1754E+01  1.2463E-03
  1.1766E+01  1.1923E-03
  1.1778E+01  1.1245E-03
  1.1790E+01  1.0437E-03
  1.1802E+01  9.4040E-04
  1.1814E+01  8.0630E-04
  1.1825E+01  6.4923E-04
  1.1837E+01  5.0093E-04
  1.1849E+01  4.1354E-04
  1.1861E+01  4.4409E-04
  1.1873E+01  6.3316E-04
  1.1885E+01  9.8627E-04
  1.1897E+01  1.4661E-03
  1.1909E+01  1.9986E-03
  1.1921E+01  2.4912E-03
  1.1933E+01  2.8571E-03
  1.1945E+01  3.0370E-03
  1.1956E+01  3.0125E-03
  1.1968E+01  2.8052E-03
  1.1980E+01  2.4654E-03
  1.1992E+01  2.0546E-03
  1.2004E+01  1.6297E-03
  1.2016E+01  1.2341E-03
  1.2028E+01  8.9615E-04
  1.2040E+01  6.3257E-04
  1.2052E+01  4.5364E-04
  1.2064E+01  3.6551E-04
  1.2076E+01  3.6916E-04
  1.2087E+01  4.5703E-04
  1.2099E+01  6.0990E-04
  1.2111E+01  7.9683E-04
  1.2123E+01  9.7957E-04
  1.2135E+01  1.1206E-03
  1.2147E+01  1.1925E-03
  1.2159E+01  1.1850E-03
  1.2171E+01  1.1061E-03
  1.2183E+01  9.7879E-04
  1.2195E+01  8.3203E-04
  1.2207E+01  6.9234E-04
  1.2218E+01  5.7728E-04
  1.2230E+01  4.9314E-04
  1.2242E+01  4.3674E-04
  1.2254E+01  3.9955E-04
  1.2266E+01  3.7224E-04
  1.2278E+01  3.4772E-04
  1.2290E+01  3.2205E-04
  1.2302E+01  2.9365E-04
  1.2314E+01  2.6207E-04
  1.2326E+01  2.2745E-04
  1.2338E+01  1.9122E-04
  1.2349E+01  1.5729E-04
  1.2361E+01  1.3282E-04
  1.2373E+01  1.2727E-04
  1.2385E+01  1.4981E-04
  1.2397E+01  2.0560E-04
  1.2409E+01  2.9283E-04
  1.2421E+01  4.0155E-04
  1.2433E+01  5.1527E-04
  1.2445E+01  6.1488E-04
  1.2457E+01  6.8362E-04
  1.2469E+01  7.1139E-04
  1.2480E+01  6.9691E-04
  1.2492E+01  6.4686E-04
  1.2504E+01  5.7279E-04
  1.2516E+01  4.8722E-04
  1.2528E+01  4.0056E-04
  1.2540E+01  3.1986E-04
  1.2552E+01  2.4944E-04
  1.2564E+01  1.9232E-04
  1.2576E+01  1.5148E-04
  1.2588E+01  1.2994E-04
  1.2600E+01  1.2966E-04
  1.2611E+01  1.4980E-04
  1.2623E+01  1.8549E-04
  1.2635E+01  2.2809E-04
  1.2647E+01  2.6707E-04
  1.2659E+01  2.9320E-04
  1.2671E+01  3.0157E-04
  1.2683E+01  2.9343E-04
  1.2695E+01  2.7555E-04
  1.2707E+01  2.5754E-04
  1.2719E+01  2.4812E-04
  1.2731E+01  2.5174E-04
  1.2742E+01  2.6712E-04
  1.2754E+01  2.8804E-04
  1.2766E+01  3.0596E-04
  1.2778E+01  3.1346E-04
  1.2790E+01  3.0688E-04
  1.2802E+01  2.8726E-04
  1.2814E+01  2.5928E-04
  1.2826E+01  2.2881E-04
  1.2838E+01  2.0054E-04
  1.2850E+01  1.7667E-04
  1.2862E+01  1.5738E-04
  1.2873E+01  1.4266E-04
  1.2885E+01  1.3432E-04
  1.2897E+01  1.3707E-04
  1.2909E+01  1.5774E-04
  1.2921E+01  2.0266E-04
  1.2933E+01  2.7428E-04
  1.2945E+01  3.6837E-04
  1.2957E+01  4.7328E-04
  1.2969E+01  5.7187E-04
  1.2981E+01  6.4574E-04
  1.2993E+01  6.8054E-04
  1.3004E+01  6.7026E-04
  1.3016E+01  6.1899E-04
  1.3028E+01  5.3938E-04
  1.3040E+01  4.4857E-04
  1.3052E+01  3.6310E-04
  1.3064E+01  2.9467E-04
  1.3076E+01  2.4805E-04
  1.3088E+01  2.2162E-04
  1.3100E+01  2.0994E-04
  1.3112E+01  2.0713E-04
  1.3124E+01  2.0945E-04
  1.3135E+01  2.1619E-04
  1.3147E+01  2.2860E-04
  1.3159E+01  2.4766E-04
  1.3171E+01  2.7207E-04
  1.3183E+01  2.9746E-04
  1.3195E+01  3.1748E-04
  1.3207E+01  3.2630E-04
  1.3219E+01  3.2142E-04
  1.3231E+01  3.0543E-04
  1.3243E+01  2.8588E-04
  1.3255E+01  2.7304E-04
  1.3266E+01  2.7627E-04
  1.3278E+01  3.0042E-04
  1.3290E+01  3.4348E-04
  1.3302E+01  3.9656E-04
  1.3314E+01  4.4628E-04
  1.3326E+01  4.7887E-04
  1.3338E+01  4.8431E-04
  1.3350E+01  4.5934E-04
  1.3362E+01  4.0828E-04
  1.3374E+01  3.4175E-04
  1.3386E+01  2.7388E-04
  1.3397E+01  2.1902E-04
  1.3409E+01  1.8891E-04
  1.3421E+01  1.9100E-04
  1.3433E+01  2.2802E-04
  1.3445E+01  2.9847E-04
  1.3457E+01  3.9746E-04
  1.3469E+01  5.1732E-04
  1.3481E+01  6.4788E-04
  1.3493E+01  7.7663E-04
  1.3505E+01  8.8934E-04
  1.3517E+01  9.7151E-04
  1.3528E+01  1.0107E-03
  1.3540E+01  9.9900E-04
  1.3552E+01  9.3542E-04
  1.3564E+01  8.2684E-04
  1.3576E+01  6.8767E-04
  1.3588E+01  5.3772E-04
  1.3600E+01  3.9871E-04
  1.3612E+01  2.8997E-04
  1.3624E+01  2.2448E-04
  1.3636E+01  2.0644E-04
  1.3647E+01  2.3085E-04
  1.3659E+01  2.8527E-04
  1.3671E+01  3.5313E-04
  1.3683E+01  4.1763E-04
  1.3695E+01  4.6534E-04
  1.3707E+01  4.8856E-04
  1.3719E+01  4.8603E-04
  1.3731E+01  4.6191E-04
  1.3743E+01  4.2346E-04
  1.3755E+01  3.7835E-04
  1.3767E+01  3.3255E-04
  1.3778E+01  2.8933E-04
  1.3790E+01  2.4949E-04
  1.3802E+01  2.1262E-04
  1.3814E+01  1.7845E-04
  1.3826E+01  1.4791E-04
  1.3838E+01  1.2319E-04
  1.3850E+01  1.0698E-04
  1.3862E+01  1.0101E-04
  1.3874E+01  1.0487E-04
  1.3886E+01  1.1542E-04
  1.3898E+01  1.2747E-04
  1.3909E+01  1.3526E-04
  1.3921E+01  1.3451E-04
  1.3933E+01  1.2391E-04
  1.3945E+01  1.0569E-04
  1.3957E+01  8.4704E-05
  1.3969E+01  6.6623E-05
  1.3981E+01  5.5759E-05
  1.3993E+01  5.3538E-05
  1.4005E+01  5.8160E-05
  1.4017E+01  6.5588E-05
  1.4029E+01  7.1412E-05
  1.4040E+01  7.2770E-05
  1.4052E+01  6.9491E-05
  1.4064E+01  6.3956E-05
  1.4076E+01  5.9798E-05
  1.4088E+01  6.0047E-05
  1.4100E+01  6.5577E-05
  1.4112E+01  7.4562E-05
  1.4124E+01  8.3203E-05
  1.4136E+01  8.7375E-05
  1.4148E+01  8.4475E-05
  1.4160E+01  7.4598E-05
  1.4171E+01  6.0527E-05
  1.4183E+01  4.6568E-05
  1.4195E+01  3.6760E-05
  1.4207E+01  3.3278E-05
  1.4219E+01  3.5703E-05
  1.4231E+01  4.1452E-05
  1.4243E+01  4.7138E-05
  1.4255E+01  5.0186E-05
  1.4267E+01  4.9956E-05
  1.4279E+01  4.7878E-05
  1.4291E+01  4.6589E-05
  1.4302E+01  4.8550E-05
  1.4314E+01  5.4800E-05
  1.4326E+01  6.4435E-05
  1.4338E+01  7.5016E-05
  1.4350E+01  8.3680E-05
  1.4362E+01  8.8387E-05
  1.4374E+01  8.8682E-05
  1.4386E+01  8.5674E-05
  1.4398E+01  8.1290E-05
  1.4410E+01  7.7260E-05
  1.4422E+01  7.4371E-05
  1.4433E+01  7.2354E-05
  1.4445E+01  7.0433E-05
  1.4457E+01  6.8175E-05
  1.4469E+01  6.6135E-05
  1.4481E+01  6.5888E-05
  1.4493E+01  6.9374E-05
  1.4505E+01  7.7884E-05
  1.4517E+01  9.1218E-05
  1.4529E+01  1.0748E-04
  1.4541E+01  1.2370E-04
  1.4553E+01  1.3698E-04
  1.4564E+01  1.4567E-04
  1.4576E+01  1.4997E-04
  1.4588E+01  1.5150E-04
  1.4600E+01  1.5225E-04
  1.4612E+01  1.5330E-04
  1.4624E+01  1.5403E-04
  1.4636E+01  1.5238E-04
  1.4648E+01  1.4598E-04
  1.4660E+01  1.3377E-04
  1.4672E+01  1.1713E-04
  1.4684E+01  9.9964E-05
  1.4695E+01  8.7475E-05
  1.4707E+01  8.4118E-05
  1.4719E+01  9.1675E-05
  1.4731E+01  1.0836E-04
  1.4743E+01  1.2956E-04
  1.4755E+01  1.4988E-04
  1.4767E+01  1.6584E-04
  1.4779E+01  1.7771E-04
  1.4791E+01  1.8966E-04
  1.4803E+01  2.0792E-04
  1.4815E+01  2.3766E-04
  1.4826E+01  2.7994E-04
  1.4838E+01  3.3011E-04
  1.4850E+01  3.7860E-04
  1.4862E+01  4.1394E-04
  1.4874E+01  4.2694E-04
  1.4886E+01  4.1435E-04
  1.4898E+01  3.8025E-04
  1.4910E+01  3.3482E-04
  1.4922E+01  2.9080E-04
  1.4934E+01  2.5927E-04
  1.4946E+01  2.4649E-04
  1.4957E+01  2.5298E-04
  1.4969E+01  2.7522E-04
  1.4981E+01  3.0878E-04
  1.4993E+01  3.5144E-04
  1.5005E+01  4.0440E-04
  1.5017E+01  4.7102E-04
  1.5029E+01  5.5341E-04
  1.5041E+01  6.4853E-04
  1.5053E+01  7.4605E-04
  1.5065E+01  8.2920E-04
  1.5077E+01  8.7913E-04
  1.5088E+01  8.8113E-04
  1.5100E+01  8.3050E-04
  1.5112E+01  7.3552E-04
  1.5124E+01  6.1604E-04
  1.5136E+01  4.9802E-04
  1.5148E+01  4.0572E-04
  1.5160E+01  3.5436E-04
  1.5172E+01  3.4590E-04
  1.5184E+01  3.6961E-04
  1.5196E+01  4.0704E-04
  1.5208E+01  4.3950E-04
  1.5219E+01  4.5501E-04
  1.5231E+01  4.5211E-04
  1.5243E+01  4.3930E-04
  1.5255E+01  4.3057E-04
  1.5267E+01  4.3917E-04
  1.5279E+01  4.7220E-04
  1.5291E+01  5.2822E-04
  1.5303E+01  5.9870E-04
  1.5315E+01  6.7236E-04
  1.5327E+01  7.4028E-04
  1.5339E+01  7.9934E-04
  1.5350E+01  8.5236E-04
  1.5362E+01  9.0486E-04
  1.5374E+01  9.5993E-04
  1.5386E+01  1.0137E-03
  1.5398E+01  1.0542E-03
  1.5410E+01  1.0637E-03
  1.5422E+01  1.0256E-03
  1.5434E+01  9.3204E-04
  1.5446E+01  7.9022E-04
  1.5458E+01  6.2470E-04
  1.5470E+01  4.7401E-04
  1.5481E+01  3.8216E-04
  1.5493E+01  3.8721E-04
  1.5505E+01  5.1046E-04
  1.5517E+01  7.4966E-04
  1.5529E+01  1.0782E-03
  1.5541E+01  1.4506E-03
  1.5553E+01  1.8117E-03
  1.5565E+01  2.1087E-03
  1.5577E+01  2.3009E-03
  1.5589E+01  2.3665E-03
  1.5601E+01  2.3046E-03
  1.5612E+01  2.1325E-03
  1.5624E+01  1.8795E-03
  1.5636E+01  1.5809E-03
  1.5648E+01  1.2714E-03
  1.5660E+01  9.8167E-04
  1.5672E+01  7.3623E-04
  1.5684E+01  5.5239E-04
  1.5696E+01  4.4004E-04
  1.5708E+01  4.0132E-04
  1.5720E+01  4.3048E-04
  1.5732E+01  5.1418E-04
  1.5743E+01  6.3260E-04
  1.5755E+01  7.6186E-04
  1.5767E+01  8.7742E-04
  1.5779E+01  9.5839E-04
  1.5791E+01  9.9128E-04
  1.5803E+01  9.7251E-04
  1.5815E+01  9.0850E-04
  1.5827E+01  8.1350E-04
  1.5839E+01  7.0555E-04
  1.5851E+01  6.0193E-04
  1.5863E+01  5.1516E-04
  1.5874E+01  4.5070E-04
  1.5886E+01  4.0680E-04
  1.5898E+01  3.7639E-04
  1.5910E+01  3.5046E-04
  1.5922E+01  3.2148E-04
  1.5934E+01  2.8608E-04
  1.5946E+01  2.4601E-04
  1.5958E+01  2.0730E-04
  1.5970E+01  1.7806E-04
  1.5982E+01  1.6581E-04
  1.5994E+01  1.7505E-04
  1.6005E+01  2.0596E-04
  1.6017E+01  2.5439E-04
  1.6029E+01  3.1310E-04
  1.6041E+01  3.7362E-04
  1.6053E+01  4.2805E-04
  1.6065E+01  4.7036E-04
  1.6077E+01  4.9690E-04
  1.6089E+01  5.0622E-04
  1.6101E+01  4.9859E-04
  1.6113E+01  4.7550E-04
  1.6125E+01  4.3936E-04
  1.6136E+01  3.9342E-04
  1.6148E+01  3.4175E-04
  1.6160E+01  2.8919E-04
  1.6172E+01  2.4096E-04
  1.6184E+01  2.0187E-04
  1.6196E+01  1.7554E-04
  1.6208E+01  1.6352E-04
  1.6220E+01  1.6506E-04
  1.6232E+01  1.7723E-04
  1.6244E+01  1.9573E-04
  1.6256E+01  2.1591E-04
  1.6267E+01  2.3375E-04
  1.6279E+01  2.4648E-04
  1.6291E+01  2.5284E-04
  1.6303E+01  2.5293E-04
  1.6315E+01  2.4791E-04
  1.6327E+01  2.3961E-04
  1.6339E+01  2.3036E-04
  1.6351E+01  2.2279E-04
  1.6363E+01  2.1961E-04
  1.6375E+01  2.2322E-04
  1.6387E+01  2.3508E-04
  1.6398E+01  2.5505E-04
  1.6410E+01  2.8088E-04
  1.6422E+01  3.0821E-04
  1.6434E+01  3.3135E-04
  1.6446E+01  3.4453E-04
  1.6458E+01  3.4355E-04
  1.6470E+01  3.2713E-04
  1.6482E+01  2.9755E-04
  1.6494E+01  2.6053E-04
  1.6506E+01  2.2400E-04
  1.6518E+01  1.9655E-04
  1.6529E+01  1.8562E-04
  1.6541E+01  1.9613E-04
  1.6553E+01  2.2979E-04
  1.6565E+01  2.8508E-04
  1.6577E+01  3.5772E-04
  1.6589E+01  4.4140E-04
  1.6601E+01  5.2837E-04
  1.6613E+01  6.1007E-04
  1.6625E+01  6.7778E-04
  1.6637E+01  7.2348E-04
  1.6649E+01  7.4095E-04
  1.6660E+01  7.2691E-04
  1.6672E+01  6.8197E-04
  1.6684E+01  6.1092E-04
  1.6696E+01  5.2238E-04
  1.6708E+01  4.2748E-04
  1.6720E+01  3.3795E-04
  1.6732E+01  2.6406E-04
  1.6744E+01  2.1286E-04
  1.6756E+01  1.8729E-04
  1.6768E+01  1.8618E-04
  1.6780E+01  2.0515E-04
  1.6791E+01  2.3795E-04
  1.6803E+01  2.7794E-04
  1.6815E+01  3.1922E-04
  1.6827E+01  3.5767E-04
  1.6839E+01  3.9139E-04
  1.6851E+01  4.2097E-04
  1.6863E+01  4.4913E-04
  1.6875E+01  4.8008E-04
  1.6887E+01  5.1816E-04
  1.6899E+01  5.6632E-04
  1.6911E+01  6.2438E-04
  1.6922E+01  6.8796E-04
  1.6934E+01  7.4842E-04
  1.6946E+01  7.9428E-04
  1.6958E+01  8.1392E-04
  1.6970E+01  7.9907E-04
  1.6982E+01  7.4775E-04
  1.6994E+01  6.6591E-04
  1.7006E+01  5.6702E-04
  1.7018E+01  4.6970E-04
  1.7030E+01  3.9417E-04
  1.7042E+01  3.5829E-04
  1.7053E+01  3.7462E-04
  1.7065E+01  4.4880E-04
  1.7077E+01  5.7953E-04
  1.7089E+01  7.5954E-04
  1.7101E+01  9.7649E-04
  1.7113E+01  1.2136E-03
  1.7125E+01  1.4500E-03
  1.7137E+01  1.6607E-03
  1.7149E+01  1.8193E-03
  1.7161E+01  1.9011E-03
  1.7173E+01  1.8883E-03
  1.7184E+01  1.7756E-03
  1.7196E+01  1.5737E-03
  1.7208E+01  1.3095E-03
  1.7220E+01  1.0223E-03
  1.7232E+01  7.5572E-04
  1.7244E+01  5.4810E-04
  1.7256E+01  4.2351E-04
  1.7268E+01  3.8677E-04
  1.7280E+01  4.2397E-04
  1.7292E+01  5.0833E-04
  1.7304E+01  6.0917E-04
  1.7315E+01  7.0089E-04
  1.7327E+01  7.6880E-04
  1.7339E+01  8.1033E-04
  1.7351E+01  8.3167E-04
  1.7363E+01  8.4186E-04
  1.7375E+01  8.4707E-04
  1.7387E+01  8.4754E-04
  1.7399E+01  8.3840E-04
  1.7411E+01  8.1348E-04
  1.7423E+01  7.7005E-04
  1.7435E+01  7.1193E-04
  1.7446E+01  6.4909E-04
  1.7458E+01  5.9389E-04
  1.7470E+01  5.5553E-04
  1.7482E+01  5.3539E-04
  1.7494E+01  5.2570E-04
  1.7506E+01  5.1254E-04
  1.7518E+01  4.8229E-04
  1.7530E+01  4.2889E-04
  1.7542E+01  3.5889E-04
  1.7554E+01  2.9166E-04
  1.7565E+01  2.5409E-04
  1.7577E+01  2.7150E-04
  1.7589E+01  3.5790E-04
  1.7601E+01  5.0938E-04
  1.7613E+01  7.0331E-04
  1.7625E+01  9.0365E-04
  1.7637E+01  1.0707E-03
  1.7649E+01  1.1721E-03
  1.7661E+01  1.1909E-03
  1.7673E+01  1.1294E-03
  1.7685E+01  1.0060E-03
  1.7696E+01  8.4843E-04
  1.7708E+01  6.8505E-04
  1.7720E+01  5.3790E-04
  1.7732E+01  4.1923E-04
  1.7744E+01  3.3207E-04
  1.7756E+01  2.7372E-04
  1.7768E+01  2.3983E-04
  1.7780E+01  2.2742E-04
  1.7792E+01  2.3540E-04
  1.7804E+01  2.6313E-04
  1.7816E+01  3.0788E-04
  1.7827E+01  3.6298E-04
  1.7839E+01  4.1777E-04
  1.7851E+01  4.5971E-04
  1.7863E+01  4.7786E-04
  1.7875E+01  4.6638E-04
  1.7887E+01  4.2659E-04
  1.7899E+01  3.6659E-04
  1.7911E+01  2.9874E-04
  1.7923E+01  2.3585E-04
  1.7935E+01  1.8744E-04
  1.7947E+01  1.5741E-04
  1.7958E+01  1.4374E-04
  1.7970E+01  1.4013E-04
  1.7982E+01  1.3885E-04
  1.7994E+01  1.3367E-04
  1.8006E+01  1.2181E-04
  1.8018E+01  1.0450E-04
  1.8030E+01  8.5950E-05
  1.8042E+01  7.1574E-05
  1.8054E+01  6.5894E-05
  1.8066E+01  7.1045E-05
  1.8078E+01  8.6191E-05
  1.8089E+01  1.0793E-04
  1.8101E+01  1.3143E-04
  1.8113E+01  1.5185E-04
  1.8125E+01  1.6560E-04
  1.8137E+01  1.7103E-04
  1.8149E+01  1.6854E-04
  1.8161E+01  1.6012E-04
  1.8173E+01  1.4850E-04
  1.8185E+01  1.3632E-04
  1.8197E+01  1.2539E-04
  1.8209E+01  1.1642E-04
  1.8220E+01  1.0917E-04
  1.8232E+01  1.0282E-04
  1.8244E+01  9.6615E-05
  1.8256E+01  9.0278E-05
  1.8268E+01  8.4186E-05
  1.8280E+01  7.9212E-05
  1.8292E+01  7.6313E-05
  1.8304E+01  7.6054E-05
  1.8316E+01  7.8297E-05
  1.8328E+01  8.2172E-05
  1.8340E+01  8.6355E-05
  1.8351E+01  8.9532E-05
  1.8363E+01  9.0842E-05
  1.8375E+01  9.0133E-05
  1.8387E+01  8.7953E-05
  1.8399E+01  8.5299E-05
  1.8411E+01  8.3285E-05
  1.8423E+01  8.2858E-05
  1.8435E+01  8.4680E-05
  1.8447E+01  8.9145E-05
  1.8459E+01  9.6438E-05
  1.8471E+01  1.0652E-04
  1.8482E+01  1.1898E-04
  1.8494E+01  1.3285E-04
  1.8506E+01  1.4641E-04
  1.8518E+01  1.5737E-04
  1.8530E+01  1.6330E-04
  1.8542E+01  1.6229E-04
  1.8554E+01  1.5373E-04
  1.8566E+01  1.3876E-04
  1.8578E+01  1.2027E-04
  1.8590E+01  1.0236E-04
  1.8602E+01  8.9455E-05
  1.8613E+01  8.5283E-05
  1.8625E+01  9.2112E-05
  1.8637E+01  1.1044E-04
  1.8649E+01  1.3916E-04
  1.8661E+01  1.7600E-04
  1.8673E+01  2.1799E-04
  1.8685E+01  2.6176E-04
  1.8697E+01  3.0362E-04
  1.8709E+01  3.3952E-04
  1.8721E+01  3.6522E-04
  1.8733E+01  3.7677E-04
  1.8744E+01  3.7135E-04
  1.8756E+01  3.4815E-04
  1.8768E+01  3.0911E-04
  1.8780E+01  2.5898E-04
  1.8792E+01  2.0466E-04
  1.8804E+01  1.5386E-04
  1.8816E+01  1.1337E-04
  1.8828E+01  8.7633E-05
  1.8840E+01  7.7925E-05
  1.8852E+01  8.2477E-05
  1.8864E+01  9.7355E-05
  1.8875E+01  1.1778E-04
  1.8887E+01  1.3940E-04
  1.8899E+01  1.5920E-04
  1.8911E+01  1.7581E-04
  1.8923E+01  1.8938E-04
  1.8935E+01  2.0114E-04
  1.8947E+01  2.1286E-04
  1.8959E+01  2.2639E-04
  1.8971E+01  2.4322E-04
  1.8983E+01  2.6399E-04
  1.8995E+01  2.8809E-04
  1.9006E+01  3.1332E-04
  1.9018E+01  3.3586E-04
  1.9030E+01  3.5084E-04
  1.9042E+01  3.5348E-04
  1.9054E+01  3.4050E-04
  1.9066E+01  3.1159E-04
  1.9078E+01  2.7008E-04
  1.9090E+01  2.2276E-04
  1.9102E+01  1.7868E-04
  1.9114E+01  1.4724E-04
  1.9126E+01  1.3624E-04
  1.9137E+01  1.5047E-04
  1.9149E+01  1.9112E-04
  1.9161E+01  2.5619E-04
  1.9173E+01  3.4127E-04
  1.9185E+01  4.4029E-04
  1.9197E+01  5.4579E-04
  1.9209E+01  6.4885E-04
  1.9221E+01  7.3887E-04
  1.9233E+01  8.0416E-04
  1.9245E+01  8.3350E-04
  1.9257E+01  8.1869E-04
  1.9268E+01  7.5742E-04
  1.9280E+01  6.5536E-04
  1.9292E+01  5.2641E-04
  1.9304E+01  3.9051E-04
  1.9316E+01  2.6940E-04
  1.9328E+01  1.8132E-04
  1.9340E+01  1.3644E-04
  1.9352E+01  1.3461E-04
  1.9364E+01  1.6621E-04
  1.9376E+01  2.1580E-04
  1.9388E+01  2.6735E-04
  1.9399E+01  3.0884E-04
  1.9411E+01  3.3503E-04
  1.9423E+01  3.4723E-04
  1.9435E+01  3.5074E-04
  1.9447E+01  3.5118E-04
  1.9459E+01  3.5131E-04
  1.9471E+01  3.4994E-04
  1.9483E+01  3.4302E-04
  1.9495E+01  3.2635E-04
  1.9507E+01  2.9848E-04
  1.9519E+01  2.6229E-04
  1.9530E+01  2.2437E-04
  1.9542E+01  1.9247E-04
  1.9554E+01  1.7215E-04
  1.9566E+01  1.6421E-04
  1.9578E+01  1.6417E-04
  1.9590E+01  1.6426E-04
  1.9602E+01  1.5700E-04
  1.9614E+01  1.3909E-04
  1.9626E+01  1.1360E-04
  1.9638E+01  8.9629E-05
  1.9650E+01  7.9226E-05
  1.9661E+01  9.2725E-05
  1.9673E+01  1.3438E-04
  1.9685E+01  1.9998E-04
  1.9697E+01  2.7749E-04
  1.9709E+01  3.5040E-04
  1.9721E+01  4.0269E-04
  1.9733E+01  4.2349E-04
  1.9745E+01  4.0990E-04
  1.9757E+01  3.6705E-04
  1.9769E+01  3.0576E-04
  1.9781E+01  2.3865E-04
  1.9792E+01  1.7657E-04
  1.9804E+01  1.2621E-04
  1.9816E+01  8.9817E-05
  1.9828E+01  6.6382E-05
  1.9840E+01  5.3650E-05
  1.9852E+01  4.9770E-05
  1.9864E+01  5.3952E-05
  1.9876E+01  6.6002E-05
  1.9888E+01  8.5204E-05
  1.9900E+01  1.0928E-04
  1.9912E+01  1.3409E-04
  1.9923E+01  1.5431E-04
  1.9935E+01  1.6494E-04
  1.9947E+01  1.6285E-04
  1.9959E+01  1.4792E-04
  1.9971E+01  1.2308E-04
  1.9983E+01  9.3389E-05
  1.9995E+01  6.4442E-05
  2.0007E+01  4.0781E-05
  2.0019E+01  2.4812E-05
  2.0031E+01  1.6568E-05
  2.0043E+01  1.4265E-05
  2.0054E+01  1.5310E-05
  2.0066E+01  1.7322E-05
  2.0078E+01  1.8800E-05
  2.0090E+01  1.9288E-05
  2.0102E+01  1.9099E-05
  2.0114E+01  1.8837E-05
  2.0126E+01  1.8973E-05
  2.0138E+01  1.9615E-05
  2.0150E+01  2.0529E-05
  2.0162E+01  2.1304E-05
  2.0174E+01  2.1551E-05
  2.0185E+01  2.1036E-05
  2.0197E+01  1.9720E-05
  2.0209E+01  1.7734E-05
  2.0221E+01  1.5347E-05
  2.0233E+01  1.2946E-05
  2.0245E+01  1.1021E-05
  2.0257E+01  1.0109E-05
  2.0269E+01  1.0675E-05
  2.0281E+01  1.2952E-05
  2.0293E+01  1.6780E-05
  2.0305E+01  2.1552E-05
  2.0316E+01  2.6310E-05
  2.0328E+01  2.9983E-05
  2.0340E+01  3.1704E-05
  2.0352E+01  3.1085E-05
  2.0364E+01  2.8335E-05
  2.0376E+01  2.4175E-05
  2.0388E+01  1.9593E-05
  2.0400E+01  1.5510E-05
  2.0412E+01  1.2524E-05
  2.0424E+01  1.0798E-05
  2.0436E+01  1.0128E-05
  2.0447E+01  1.0132E-05
  2.0459E+01  1.0474E-05
  2.0471E+01  1.1007E-05
  2.0483E+01  1.1802E-05
  2.0495E+01  1.3064E-05
  2.0507E+01  1.4997E-05
  2.0519E+01  1.7686E-05
  2.0531E+01  2.1052E-05
  2.0543E+01  2.4873E-05
  2.0555E+01  2.8854E-05
  2.0567E+01  3.2691E-05
  2.0578E+01  3.6092E-05
  2.0590E+01  3.8776E-05
  2.0602E+01  4.0454E-05
  2.0614E+01  4.0847E-05
  2.0626E+01  3.9747E-05
  2.0638E+01  3.7111E-05
  2.0650E+01  3.3149E-05
  2.0662E+01  2.8366E-05
  2.0674E+01  2.3516E-05
  2.0686E+01  1.9498E-05
  2.0698E+01  1.7194E-05
  2.0709E+01  1.7332E-05
  2.0721E+01  2.0375E-05
  2.0733E+01  2.6471E-05
  2.0745E+01  3.5430E-05
  2.0757E+01  4.6718E-05
  2.0769E+01  5.9446E-05
  2.0781E+01  7.2385E-05
  2.0793E+01  8.4041E-05
  2.0805E+01  9.2830E-05
  2.0817E+01  9.7338E-05
  2.0829E+01  9.6637E-05
  2.0840E+01  9.0550E-05
  2.0852E+01  7.9778E-05
  2.0864E+01  6.5822E-05
  2.0876E+01  5.0697E-05
  2.0888E+01  3.6515E-05
  2.0900E+01  2.5049E-05
  2.0912E+01  1.7412E-05
  2.0924E+01  1.3926E-05
  2.0936E+01  1.4202E-05
  2.0948E+01  1.7354E-05
  2.0960E+01  2.2271E-05
  2.0971E+01  2.7851E-05
  2.0983E+01  3.3150E-05
  2.0995E+01  3.7466E-05
  2.1007E+01  4.0382E-05
  2.1019E+01  4.1803E-05
  2.1031E+01  4.1984E-05
  2.1043E+01  4.1519E-05
  2.1055E+01  4.1233E-05
  2.1067E+01  4.1974E-05
  2.1079E+01  4.4322E-05
  2.1091E+01  4.8324E-05
  2.1102E+01  5.3350E-05
  2.1114E+01  5.8185E-05
  2.1126E+01  6.1343E-05
  2.1138E+01  6.1529E-05
  2.1150E+01  5.8087E-05
  2.1162E+01  5.1258E-05
  2.1174E+01  4.2158E-05
  2.1186E+01  3.2487E-05
  2.1198E+01  2.4077E-05
  2.1210E+01  1.8473E-05
  2.1222E+01  1.6688E-05
  2.1233E+01  1.9186E-05
  2.1245E+01  2.6052E-05
  2.1257E+01  3.7180E-05
  2.1269E+01  5.2330E-05
  2.1281E+01  7.0982E-05
  2.1293E+01  9.2043E-05
  2.1305E+01  1.1359E-04
  2.1317E+01  1.3283E-04
  2.1329E+01  1.4653E-04
  2.1341E+01  1.5169E-04
  2.1353E+01  1.4652E-04
  2.1364E+01  1.3113E-04
  2.1376E+01  1.0785E-04
  2.1388E+01  8.0793E-05
  2.1400E+01  5.4886E-05
  2.1412E+01  3.4595E-05
  2.1424E+01  2.2742E-05
  2.1436E+01  1.9852E-05
  2.1448E+01  2.4249E-05
  2.1460E+01  3.2832E-05
  2.1472E+01  4.2225E-05
  2.1483E+01  4.9872E-05
  2.1495E+01  5.4682E-05
  2.1507E+01  5.7023E-05
  2.1519E+01  5.8156E-05
  2.1531E+01  5.9376E-05
  2.1543E+01  6.1282E-05
  2.1555E+01  6.3455E-05
  2.1567E+01  6.4687E-05
  2.1579E+01  6.3611E-05
  2.1591E+01  5.9434E-05
  2.1603E+01  5.2418E-05
  2.1614E+01  4.3892E-05
  2.1626E+01  3.5777E-05
  2.1638E+01  2.9828E-05
  2.1650E+01  2.6923E-05
  2.1662E+01  2.6725E-05
  2.1674E+01  2.7850E-05
  2.1686E+01  2.8504E-05
  2.1698E+01  2.7295E-05
  2.1710E+01  2.3893E-05
  2.1722E+01  1.9240E-05
  2.1734E+01  1.5220E-05
  2.1745E+01  1.3903E-05
  2.1757E+01  1.6678E-05
  2.1769E+01  2.3622E-05
  2.1781E+01  3.3371E-05
  2.1793E+01  4.3534E-05
  2.1805E+01  5.1510E-05
  2.1817E+01  5.5368E-05
  2.1829E+01  5.4469E-05
  2.1841E+01  4.9589E-05
  2.1853E+01  4.2524E-05
  2.1865E+01  3.5360E-05
  2.1876E+01  2.9707E-05
  2.1888E+01  2.6212E-05
  2.1900E+01  2.4509E-05
  2.1912E+01  2.3605E-05
  2.1924E+01  2.2488E-05
  2.1936E+01  2.0670E-05
  2.1948E+01  1.8437E-05
  2.1960E+01  1.6685E-05
  2.1972E+01  1.6436E-05
  2.1984E+01  1.8266E-05
  2.1996E+01  2.1911E-05
  2.2007E+01  2.6255E-05
  2.2019E+01  2.9716E-05
  2.2031E+01  3.0881E-05
  2.2043E+01  2.9112E-05
  2.2055E+01  2.4863E-05
  2.2067E+01  1.9551E-05
  2.2079E+01  1.5022E-05
  2.2091E+01  1.2830E-05
  2.2103E+01  1.3628E-05
  2.2115E+01  1.6918E-05
  2.2127E+01  2.1279E-05
  2.2138E+01  2.4954E-05
  2.2150E+01  2.6565E-05
  2.2162E+01  2.5638E-05
  2.2174E+01  2.2725E-05
  2.2186E+01  1.9092E-05
  2.2198E+01  1.6104E-05
  2.2210E+01  1.4620E-05
  2.2222E+01  1.4647E-05
  2.2234E+01  1.5423E-05
  2.2246E+01  1.5877E-05
  2.2258E+01  1.5250E-05
  2.2269E+01  1.3582E-05
  2.2281E+01  1.1808E-05
  2.2293E+01  1.1410E-05
  2.2305E+01  1.3749E-05
  2.2317E+01  1.9368E-05
  2.2329E+01  2.7580E-05
  2.2341E+01  3.6547E-05
  2.2353E+01  4.3855E-05
  2.2365E+01  4.7360E-05
  2.2377E+01  4.5972E-05
  2.2389E+01  4.0065E-05
  2.2400E+01  3.1344E-05
  2.2412E+01  2.2221E-05
  2.2424E+01  1.4962E-05
  2.2436E+01  1.0947E-05
  2.2448E+01  1.0310E-05
  2.2460E+01  1.2092E-05
  2.2472E+01  1.4792E-05
  2.2484E+01  1.7057E-05
  2.2496E+01  1.8219E-05
  2.2508E+01  1.8451E-05
  2.2520E+01  1.8522E-05
  2.2531E+01  1.9294E-05
  2.2543E+01  2.1219E-05
  2.2555E+01  2.4064E-05
  2.2567E+01  2.7009E-05
  2.2579E+01  2.9030E-05
  2.2591E+01  2.9406E-05
  2.2603E+01  2.8096E-05
  2.2615E+01  2.5801E-05
  2.2627E+01  2.3698E-05
  2.2639E+01  2.2935E-05
  2.2651E+01  2.4135E-05
  2.2662E+01  2.7108E-05
  2.2674E+01  3.0903E-05
  2.2686E+01  3.4183E-05
  2.2698E+01  3.5744E-05
  2.2710E+01  3.4982E-05
  2.2722E+01  3.2113E-05
  2.2734E+01  2.8074E-05
  2.2746E+01  2.4174E-05
  2.2758E+01  2.1625E-05
  2.2770E+01  2.1169E-05
  2.2782E+01  2.2906E-05
  2.2793E+01  2.6377E-05
  2.2805E+01  3.0823E-05
  2.2817E+01  3.5492E-05
  2.2829E+01  3.9858E-05
  2.2841E+01  4.3686E-05
  2.2853E+01  4.6951E-05
  2.2865E+01  4.9677E-05
  2.2877E+01  5.1793E-05
  2.2889E+01  5.3087E-05
  2.2901E+01  5.3259E-05
  2.2913E+01  5.2058E-05
  2.2924E+01  4.9413E-05
  2.2936E+01  4.5506E-05
  2.2948E+01  4.0757E-05
  2.2960E+01  3.5718E-05
  2.2972E+01  3.0942E-05
  2.2984E+01  2.6865E-05
  2.2996E+01  2.3750E-05
  2.3008E+01  2.1707E-05
  2.3020E+01  2.0750E-05
  2.3032E+01  2.0866E-05
  2.3044E+01  2.2056E-05
  2.3055E+01  2.4321E-05
  2.3067E+01  2.7630E-05
  2.3079E+01  3.1867E-05
  2.3091E+01  3.6808E-05
  2.3103E+01  4.2144E-05
  2.3115E+01  4.7536E-05
  2.3127E+01  5.2690E-05
  2.3139E+01  5.7409E-05
  2.3151E+01  6.1611E-05
  2.3163E+01  6.5287E-05
  2.3175E+01  6.8422E-05
  2.3186E+01  7.0918E-05
  2.3198E+01  7.2554E-05
  2.3210E+01  7.3010E-05
  2.3222E+01  7.1974E-05
  2.3234E+01  6.9302E-05
  2.3246E+01  6.5177E-05
  2.3258E+01  6.0208E-05
  2.3270E+01  5.5412E-05
  2.3282E+01  5.2060E-05
  2.3294E+01  5.1415E-05
  2.3306E+01  5.4428E-05
  2.3317E+01  6.1478E-05
  2.3329E+01  7.2260E-05
  2.3341E+01  8.5844E-05
  2.3353E+01  1.0090E-04
  2.3365E+01  1.1597E-04
  2.3377E+01  1.2977E-04
  2.3389E+01  1.4127E-04
  2.3401E+01  1.4971E-04
  2.3413E+01  1.5450E-04
  2.3425E+01  1.5507E-04
  2.3437E+01  1.5098E-04
  2.3448E+01  1.4203E-04
  2.3460E+01  1.2862E-04
  2.3472E+01  1.1199E-04
  2.3484E+01  9.4321E-05
  2.3496E+01  7.8410E-05
  2.3508E+01  6.7092E-05
  2.3520E+01  6.2417E-05
  2.3532E+01  6.4924E-05
  2.3544E+01  7.3319E-05
  2.3556E+01  8.4755E-05
  2.3568E+01  9.5697E-05
  2.3579E+01  1.0312E-04
  2.3591E+01  1.0561E-04
  2.3603E+01  1.0396E-04
  2.3615E+01  1.0092E-04
  2.3627E+01  1.0031E-04
  2.3639E+01  1.0559E-04
  2.3651E+01  1.1855E-04
  2.3663E+01  1.3859E-04
  2.3675E+01  1.6277E-04
  2.3687E+01  1.8672E-04
  2.3699E+01  2.0597E-04
  2.3710E+01  2.1723E-04
  2.3722E+01  2.1914E-04
  2.3734E+01  2.1232E-04
  2.3746E+01  1.9875E-04
  2.3758E+01  1.8091E-04
  2.3770E+01  1.6118E-04
  2.3782E+01  1.4164E-04
  2.3794E+01  1.2445E-04
  2.3806E+01  1.1232E-04
  2.3818E+01  1.0877E-04
  2.3830E+01  1.1769E-04
  2.3841E+01  1.4223E-04
  2.3853E+01  1.8326E-04
  2.3865E+01  2.3811E-04
  2.3877E+01  3.0011E-04
  2.3889E+01  3.5942E-04
  2.3901E+01  4.0509E-04
  2.3913E+01  4.2785E-04
  2.3925E+01  4.2264E-04
  2.3937E+01  3.9018E-04
  2.3949E+01  3.3678E-04
  2.3961E+01  2.7258E-04
  2.3972E+01  2.0876E-04
  2.3984E+01  1.5465E-04
  2.3996E+01  1.1586E-04
  2.4008E+01  9.3606E-05
  2.4020E+01  8.5619E-05
  2.4032E+01  8.7787E-05
  2.4044E+01  9.5943E-05
  2.4056E+01  1.0706E-04
  2.4068E+01  1.1945E-04
  2.4080E+01  1.3220E-04
  2.4092E+01  1.4424E-04
  2.4103E+01  1.5367E-04
  2.4115E+01  1.5789E-04
  2.4127E+01  1.5437E-04
  2.4139E+01  1.4184E-04
  2.4151E+01  1.2125E-04
  2.4163E+01  9.5883E-05
  2.4175E+01  7.0629E-05
  2.4187E+01  5.0414E-05
  2.4199E+01  3.8573E-05
  2.4211E+01  3.5747E-05
  2.4223E+01  3.9803E-05
  2.4234E+01  4.6786E-05
  2.4246E+01  5.2516E-05
  2.4258E+01  5.4150E-05
  2.4270E+01  5.1083E-05
  2.4282E+01  4.4837E-05
  2.4294E+01  3.8071E-05
  2.4306E+01  3.3184E-05
  2.4318E+01  3.1186E-05
  2.4330E+01  3.1336E-05
  2.4342E+01  3.1693E-05
  2.4354E+01  3.0284E-05
  2.4365E+01  2.6312E-05
  2.4377E+01  2.0795E-05
  2.4389E+01  1.6314E-05
  2.4401E+01  1.5933E-05
  2.4413E+01  2.1777E-05
  2.4425E+01  3.3876E-05
  2.4437E+01  4.9848E-05
  2.4449E+01  6.5582E-05
  2.4461E+01  7.6675E-05
  2.4473E+01  8.0041E-05
  2.4485E+01  7.5010E-05
  2.4496E+01  6.3495E-05
  2.4508E+01  4.9165E-05
  2.4520E+01  3.6023E-05
  2.4532E+01  2.6967E-05
  2.4544E+01  2.2925E-05
  2.4556E+01  2.2870E-05
  2.4568E+01  2.4627E-05
  2.4580E+01  2.6053E-05
  2.4592E+01  2.6049E-05
  2.4604E+01  2.4934E-05
  2.4616E+01  2.4093E-05
  2.4627E+01  2.5089E-05
  2.4639E+01  2.8718E-05
  2.4651E+01  3.4474E-05
  2.4663E+01  4.0663E-05
  2.4675E+01  4.5132E-05
  2.4687E+01  4.6247E-05
  2.4699E+01  4.3663E-05
  2.4711E+01  3.8523E-05
  2.4723E+01  3.2989E-05
  2.4735E+01  2.9316E-05
  2.4747E+01  2.8890E-05
  2.4758E+01  3.1670E-05
  2.4770E+01  3.6248E-05
  2.4782E+01  4.0509E-05
  2.4794E+01  4.2569E-05
  2.4806E+01  4.1577E-05
  2.4818E+01  3.8038E-05
  2.4830E+01  3.3542E-05
  2.4842E+01  3.0053E-05
  2.4854E+01  2.9088E-05
  2.4866E+01  3.1168E-05
  2.4878E+01  3.5739E-05
  2.4889E+01  4.1563E-05
  2.4901E+01  4.7342E-05
  2.4913E+01  5.2264E-05
  2.4925E+01  5.6215E-05
  2.4937E+01  5.9601E-05
  2.4949E+01  6.2902E-05
  2.4961E+01  6.6224E-05
  2.4973E+01  6.9093E-05
  2.4985E+01  7.0605E-05
  2.4997E+01  6.9851E-05
  2.5009E+01  6.6403E-05
  2.5020E+01  6.0603E-05
  2.5032E+01  5.3506E-05
  2.5044E+01  4.6510E-05
  2.5056E+01  4.0841E-05
  2.5068E+01  3.7146E-05
  2.5080E+01  3.5375E-05
  2.5092E+01  3.4986E-05
  2.5104E+01  3.5353E-05
  2.5116E+01  3.6146E-05
  2.5128E+01  3.7473E-05
  2.5140E+01  3.9740E-05
  2.5151E+01  4.3294E-05
  2.5163E+01  4.8095E-05
  2.5175E+01  5.3593E-05
  2.5187E+01  5.8911E-05
  2.5199E+01  6.3252E-05
  2.5211E+01  6.6289E-05
  2.5223E+01  6.8335E-05
  2.5235E+01  7.0129E-05
  2.5247E+01  7.2352E-05
  2.5259E+01  7.5092E-05
  2.5271E+01  7.7587E-05
  2.5282E+01  7.8440E-05
  2.5294E+01  7.6269E-05
  2.5306E+01  7.0537E-05
  2.5318E+01  6.2132E-05
  2.5330E+01  5.3381E-05
  2.5342E+01  4.7368E-05
  2.5354E+01  4.6806E-05
  2.5366E+01  5.2911E-05
  2.5378E+01  6.4805E-05
  2.5390E+01  7.9771E-05
  2.5401E+01  9.4291E-05
  2.5413E+01  1.0545E-04
  2.5425E+01  1.1208E-04
  2.5437E+01  1.1504E-04
  2.5449E+01  1.1657E-04
  2.5461E+01  1.1895E-04
  2.5473E+01  1.2305E-04
  2.5485E+01  1.2759E-04
  2.5497E+01  1.2955E-04
  2.5509E+01  1.2554E-04
  2.5521E+01  1.1370E-04
  2.5532E+01  9.5097E-05
  2.5544E+01  7.3993E-05
  2.5556E+01  5.6559E-05
  2.5568E+01  4.8555E-05
  2.5580E+01  5.2863E-05
  2.5592E+01  6.7985E-05
  2.5604E+01  8.8277E-05
  2.5616E+01  1.0599E-04
  2.5628E+01  1.1441E-04
  2.5640E+01  1.1085E-04
  2.5652E+01  9.8182E-05
  2.5663E+01  8.4232E-05
  2.5675E+01  7.9084E-05
  2.5687E+01  9.1367E-05
  2.5699E+01  1.2497E-04
  2.5711E+01  1.7745E-04
  2.5723E+01  2.4084E-04
  2.5735E+01  3.0430E-04
  2.5747E+01  3.5772E-04
  2.5759E+01  3.9454E-04
  2.5771E+01  4.1290E-04
  2.5783E+01  4.1473E-04
  2.5794E+01  4.0346E-04
  2.5806E+01  3.8164E-04
  2.5818E+01  3.4984E-04
  2.5830E+01  3.0747E-04
  2.5842E+01  2.5518E-04
  2.5854E+01  1.9782E-04
  2.5866E+01  1.4613E-04
  2.5878E+01  1.1604E-04
  2.5890E+01  1.2513E-04
  2.5902E+01  1.8714E-04
  2.5914E+01  3.0630E-04
  2.5925E+01  4.7379E-04
  2.5937E+01  6.6771E-04
  2.5949E+01  8.5721E-04
  2.5961E+01  1.0095E-03
  2.5973E+01  1.0980E-03
  2.5985E+01  1.1081E-03
  2.5997E+01  1.0406E-03
  2.6009E+01  9.1040E-04
  2.6021E+01  7.4165E-04
  2.6033E+01  5.6178E-04
  2.6045E+01  3.9530E-04
  2.6056E+01  2.5980E-04
  2.6068E+01  1.6442E-04
  2.6080E+01  1.1082E-04
  2.6092E+01  9.5467E-05
  2.6104E+01  1.1210E-04
  2.6116E+01  1.5333E-04
  2.6128E+01  2.1115E-04
  2.6140E+01  2.7684E-04
  2.6152E+01  3.4078E-04
  2.6164E+01  3.9294E-04
  2.6176E+01  4.2432E-04
  2.6187E+01  4.2879E-04
  2.6199E+01  4.0476E-04
  2.6211E+01  3.5593E-04
  2.6223E+01  2.9053E-04
  2.6235E+01  2.1936E-04
  2.6247E+01  1.5308E-04
  2.6259E+01  9.9709E-05
  2.6271E+01  6.3058E-05
  2.6283E+01  4.2578E-05
  2.6295E+01  3.4419E-05
  2.6307E+01  3.3251E-05
  2.6318E+01  3.4131E-05
  2.6330E+01  3.3821E-05
  2.6342E+01  3.1233E-05
  2.6354E+01  2.7058E-05
  2.6366E+01  2.2904E-05
  2.6378E+01  2.0378E-05
  2.6390E+01  2.0443E-05
  2.6402E+01  2.3211E-05
  2.6414E+01  2.8095E-05
  2.6426E+01  3.4133E-05
  2.6438E+01  4.0311E-05
  2.6449E+01  4.5744E-05
  2.6461E+01  4.9745E-05
  2.6473E+01  5.1827E-05
  2.6485E+01  5.1715E-05
  2.6497E+01  4.9403E-05
  2.6509E+01  4.5217E-05
  2.6521E+01  3.9815E-05
  2.6533E+01  3.4086E-05
  2.6545E+01  2.8934E-05
  2.6557E+01  2.5049E-05
  2.6569E+01  2.2722E-05
  2.6580E+01  2.1816E-05
  2.6592E+01  2.1879E-05
  2.6604E+01  2.2363E-05
  2.6616E+01  2.2842E-05
  2.6628E+01  2.3132E-05
  2.6640E+01  2.3271E-05
  2.6652E+01  2.3396E-05
  2.6664E+01  2.3585E-05
  2.6676E+01  2.3750E-05
  2.6688E+01  2.3659E-05
  2.6700E+01  2.3045E-05
  2.6711E+01  2.1759E-05
  2.6723E+01  1.9881E-05
  2.6735E+01  1.7719E-05
  2.6747E+01  1.5702E-05
  2.6759E+01  1.4210E-05
  2.6771E+01  1.3431E-05
  2.6783E+01  1.3299E-05
  2.6795E+01  1.3551E-05
  2.6807E+01  1.3851E-05
  2.6819E+01  1.3940E-05
  2.6831E+01  1.3723E-05
  2.6842E+01  1.3265E-05
  2.6854E+01  1.2716E-05
  2.6866E+01  1.2214E-05
  2.6878E+01  1.1815E-05
  2.6890E+01  1.1491E-05
  2.6902E+01  1.1185E-05
  2.6914E+01  1.0894E-05
  2.6926E+01  1.0710E-05
  2.6938E+01  1.0810E-05
  2.6950E+01  1.1391E-05
  2.6962E+01  1.2572E-05
  2.6973E+01  1.4338E-05
  2.6985E+01  1.6527E-05
  2.6997E+01  1.8886E-05
  2.7009E+01  2.1153E-05
  2.7021E+01  2.3116E-05
  2.7033E+01  2.4646E-05
  2.7045E+01  2.5669E-05
  2.7057E+01  2.6126E-05
  2.7069E+01  2.5945E-05
  2.7081E+01  2.5063E-05
  2.7093E+01  2.3478E-05
  2.7104E+01  2.1306E-05
  2.7116E+01  1.8809E-05
  2.7128E+01  1.6352E-05
  2.7140E+01  1.4310E-05
  2.7152E+01  1.2955E-05
  2.7164E+01  1.2381E-05
  2.7176E+01  1.2492E-05
  2.7188E+01  1.3077E-05
  2.7200E+01  1.3913E-05
  2.7212E+01  1.4848E-05
  2.7224E+01  1.5832E-05
  2.7235E+01  1.6864E-05
  2.7247E+01  1.7918E-05
  2.7259E+01  1.8881E-05
  2.7271E+01  1.9573E-05
  2.7283E+01  1.9844E-05
  2.7295E+01  1.9691E-05
  2.7307E+01  1.9334E-05
  2.7319E+01  1.9169E-05
  2.7331E+01  1.9603E-05
  2.7343E+01  2.0828E-05
  2.7355E+01  2.2647E-05
  2.7366E+01  2.4466E-05
  2.7378E+01  2.5496E-05
  2.7390E+01  2.5097E-05
  2.7402E+01  2.3122E-05
  2.7414E+01  2.0093E-05
  2.7426E+01  1.7080E-05
  2.7438E+01  1.5308E-05
  2.7450E+01  1.5639E-05
  2.7462E+01  1.8162E-05
  2.7474E+01  2.2100E-05
  2.7486E+01  2.6104E-05
  2.7497E+01  2.8828E-05
  2.7509E+01  2.9557E-05
  2.7521E+01  2.8565E-05
  2.7533E+01  2.7018E-05
  2.7545E+01  2.6430E-05
  2.7557E+01  2.7894E-05
  2.7569E+01  3.1443E-05
  2.7581E+01  3.5884E-05
  2.7593E+01  3.9220E-05
  2.7605E+01  3.9538E-05
  2.7617E+01  3.5968E-05
  2.7628E+01  2.9267E-05
  2.7640E+01  2.1700E-05
  2.7652E+01  1.6207E-05
  2.7664E+01  1.5142E-05
  2.7676E+01  1.9149E-05
  2.7688E+01  2.6703E-05
  2.7700E+01  3.4602E-05
  2.7712E+01  3.9293E-05
  2.7724E+01  3.8536E-05
  2.7736E+01  3.2681E-05
  2.7748E+01  2.4977E-05
  2.7759E+01  2.0700E-05
  2.7771E+01  2.5338E-05
  2.7783E+01  4.2530E-05
  2.7795E+01  7.2549E-05
  2.7807E+01  1.1194E-04
  2.7819E+01  1.5446E-04
  2.7831E+01  1.9297E-04
  2.7843E+01  2.2153E-04
  2.7855E+01  2.3689E-04
  2.7867E+01  2.3883E-04
  2.7879E+01  2.2942E-04
  2.7890E+01  2.1157E-04
  2.7902E+01  1.8777E-04
  2.7914E+01  1.5960E-04
  2.7926E+01  1.2822E-04
  2.7938E+01  9.5720E-05
  2.7950E+01  6.6373E-05
  2.7962E+01  4.7116E-05
  2.7974E+01  4.6570E-05
  2.7986E+01  7.2707E-05
  2.7998E+01  1.2983E-04
  2.8010E+01  2.1598E-04
  2.8021E+01  3.2192E-04
  2.8033E+01  4.3225E-04
  2.8045E+01  5.2861E-04
  2.8057E+01  5.9404E-04
  2.8069E+01  6.1710E-04
  2.8081E+01  5.9463E-04
  2.8093E+01  5.3215E-04
  2.8105E+01  4.4201E-04
  2.8117E+01  3.3997E-04
  2.8129E+01  2.4131E-04
  2.8141E+01  1.5781E-04
  2.8152E+01  9.6189E-05
  2.8164E+01  5.8275E-05
  2.8176E+01  4.2381E-05
  2.8188E+01  4.5049E-05
  2.8200E+01  6.2392E-05
  2.8212E+01  9.0590E-05
  2.8224E+01  1.2565E-04
  2.8236E+01  1.6291E-04
  2.8248E+01  1.9683E-04
  2.8260E+01  2.2154E-04
  2.8272E+01  2.3207E-04
  2.8283E+01  2.2582E-04
  2.8295E+01  2.0364E-04
  2.8307E+01  1.6998E-04
  2.8319E+01  1.3181E-04
  2.8331E+01  9.6728E-05
  2.8343E+01  7.0769E-05
  2.8355E+01  5.6808E-05
  2.8367E+01  5.4006E-05
  2.8379E+01  5.8536E-05
  2.8391E+01  6.5199E-05
  2.8403E+01  6.9307E-05
  2.8414E+01  6.8118E-05
  2.8426E+01  6.1363E-05
  2.8438E+01  5.0803E-05
  2.8450E+01  3.9140E-05
  2.8462E+01  2.8841E-05
  2.8474E+01  2.1385E-05
  2.8486E+01  1.7198E-05
  2.8498E+01  1.6173E-05
  2.8510E+01  1.8387E-05
  2.8522E+01  2.4558E-05
  2.8534E+01  3.5913E-05
  2.8545E+01  5.3490E-05
  2.8557E+01  7.7166E-05
  2.8569E+01  1.0491E-04
  2.8581E+01  1.3273E-04
  2.8593E+01  1.5540E-04
  2.8605E+01  1.6792E-04
  2.8617E+01  1.6706E-04
  2.8629E+01  1.5254E-04
  2.8641E+01  1.2723E-04
  2.8653E+01  9.6393E-05
  2.8665E+01  6.6143E-05
  2.8676E+01  4.1720E-05
  2.8688E+01  2.6183E-05
  2.8700E+01  1.9932E-05
  2.8712E+01  2.1147E-05
  2.8724E+01  2.6866E-05
  2.8736E+01  3.4211E-05
  2.8748E+01  4.1285E-05
  2.8760E+01  4.7427E-05
  2.8772E+01  5.2852E-05
  2.8784E+01  5.7939E-05
  2.8796E+01  6.2581E-05
  2.8807E+01  6.5923E-05
  2.8819E+01  6.6627E-05
  2.8831E+01  6.3500E-05
  2.8843E+01  5.6185E-05
  2.8855E+01  4.5547E-05
  2.8867E+01  3.3557E-05
  2.8879E+01  2.2680E-05
  2.8891E+01  1.5024E-05
  2.8903E+01  1.1602E-05
  2.8915E+01  1.2017E-05
  2.8927E+01  1.4692E-05
  2.8938E+01  1.7550E-05
  2.8950E+01  1.8835E-05
  2.8962E+01  1.7752E-05
  2.8974E+01  1.4670E-05
  2.8986E+01  1.0827E-05
  2.8998E+01  7.7268E-06
  2.9010E+01  6.4700E-06
  2.9022E+01  7.3335E-06
  2.9034E+01  9.7318E-06
  2.9046E+01  1.2545E-05
  2.9058E+01  1.4635E-05
  2.9069E+01  1.5304E-05
  2.9081E+01  1.4514E-05
  2.9093E+01  1.2794E-05
  2.9105E+01  1.0915E-05
  2.9117E+01  9.5117E-06
  2.9129E+01  8.8256E-06
  2.9141E+01  8.6808E-06
  2.9153E+01  8.6655E-06
  2.9165E+01  8.4073E-06
  2.9177E+01  7.7914E-06
  2.9188E+01  7.0122E-06
  2.9200E+01  6.4459E-06
  2.9212E+01  6.4218E-06
  2.9224E+01  7.0195E-06
  2.9236E+01  8.0026E-06
  2.9248E+01  8.9219E-06
  2.9260E+01  9.3373E-06
  2.9272E+01  9.0440E-06
  2.9284E+01  8.1887E-06
  2.9296E+01  7.2143E-06
  2.9308E+01  6.6618E-06
  2.9319E+01  6.9228E-06
  2.9331E+01  8.0623E-06
  2.9343E+01  9.7927E-06
  2.9355E+01  1.1606E-05
  2.9367E+01  1.2994E-05
  2.9379E+01  1.3653E-05
  2.9391E+01  1.3577E-05
  2.9403E+01  1.3008E-05
  2.9415E+01  1.2279E-05
  2.9427E+01  1.1641E-05
  2.9439E+01  1.1164E-05
  2.9450E+01  1.0749E-05
  2.9462E+01  1.0254E-05
  2.9474E+01  9.6385E-06
  2.9486E+01  9.0567E-06
  2.9498E+01  8.8319E-06
  2.9510E+01  9.3228E-06
  2.9522E+01  1.0744E-05
  2.9534E+01  1.3029E-05
  2.9546E+01  1.5808E-05
  2.9558E+01  1.8516E-05
  2.9570E+01  2.0589E-05
  2.9581E+01  2.1655E-05
  2.9593E+01  2.1640E-05
  2.9605E+01  2.0753E-05
  2.9617E+01  1.9359E-05
  2.9629E+01  1.7817E-05
  2.9641E+01  1.6359E-05
  2.9653E+01  1.5063E-05
  2.9665E+01  1.3926E-05
  2.9677E+01  1.2968E-05
  2.9689E+01  1.2319E-05
  2.9701E+01  1.2207E-05
  2.9712E+01  1.2878E-05
  2.9724E+01  1.4456E-05
  2.9736E+01  1.6846E-05
  2.9748E+01  1.9719E-05
  2.9760E+01  2.2608E-05
  2.9772E+01  2.5063E-05
  2.9784E+01  2.6809E-05
  2.9796E+01  2.7834E-05
  2.9808E+01  2.8370E-05
  2.9820E+01  2.8810E-05
  2.9832E+01  2.9605E-05
  2.9843E+01  3.1207E-05
  2.9855E+01  3.4079E-05
  2.9867E+01  3.8739E-05
  2.9879E+01  4.5762E-05
  2.9891E+01  5.5681E-05
  2.9903E+01  6.8755E-05
  2.9915E+01  8.4679E-05
  2.9927E+01  1.0234E-04
  2.9939E+01  1.1982E-04
  2.9951E+01  1.3459E-04
  2.9963E+01  1.4414E-04
  2.9974E+01  1.4659E-04
  2.9986E+01  1.4134E-04
  2.9998E+01  1.2940E-04
  3.0010E+01  1.1328E-04
  3.0022E+01  9.6527E-05
  3.0034E+01  8.2998E-05
  3.0046E+01  7.6102E-05
  3.0058E+01  7.8209E-05
  3.0070E+01  9.0336E-05
  3.0082E+01  1.1211E-04
  3.0094E+01  1.4191E-04
  3.0105E+01  1.7706E-04
  3.0117E+01  2.1409E-04
  3.0129E+01  2.4891E-04
  3.0141E+01  2.7724E-04
  3.0153E+01  2.9503E-04
  3.0165E+01  2.9922E-04
  3.0177E+01  2.8839E-04
  3.0189E+01  2.6336E-04
  3.0201E+01  2.2730E-04
  3.0213E+01  1.8529E-04
  3.0225E+01  1.4339E-04
  3.0236E+01  1.0734E-04
  3.0248E+01  8.1369E-05
  3.0260E+01  6.7339E-05
  3.0272E+01  6.4602E-05
  3.0284E+01  7.0481E-05
  3.0296E+01  8.1239E-05
  3.0308E+01  9.3154E-05
  3.0320E+01  1.0335E-04
  3.0332E+01  1.1016E-04
  3.0344E+01  1.1301E-04
  3.0356E+01  1.1197E-04
  3.0367E+01  1.0734E-04
  3.0379E+01  9.9416E-05
  3.0391E+01  8.8530E-05
  3.0403E+01  7.5294E-05
  3.0415E+01  6.0839E-05
  3.0427E+01  4.6815E-05
  3.0439E+01  3.5083E-05
  3.0451E+01  2.7181E-05
  3.0463E+01  2.3770E-05
  3.0475E+01  2.4340E-05
  3.0487E+01  2.7330E-05
  3.0498E+01  3.0650E-05
  3.0510E+01  3.2411E-05
  3.0522E+01  3.1566E-05
  3.0534E+01  2.8187E-05
  3.0546E+01  2.3293E-05
  3.0558E+01  1.8308E-05
  3.0570E+01  1.4423E-05
  3.0582E+01  1.2141E-05
  3.0594E+01  1.1222E-05
  3.0606E+01  1.1008E-05
  3.0618E+01  1.0949E-05
  3.0629E+01  1.1042E-05
  3.0641E+01  1.1938E-05
  3.0653E+01  1.4628E-05
  3.0665E+01  1.9860E-05
  3.0677E+01  2.7549E-05
  3.0689E+01  3.6510E-05
  3.0701E+01  4.4688E-05
  3.0713E+01  4.9821E-05
  3.0725E+01  5.0299E-05
  3.0737E+01  4.5827E-05
  3.0749E+01  3.7616E-05
  3.0760E+01  2.7982E-05
  3.0772E+01  1.9513E-05
  3.0784E+01  1.4144E-05
  3.0796E+01  1.2513E-05
  3.0808E+01  1.3873E-05
  3.0820E+01  1.6561E-05
  3.0832E+01  1.8813E-05
  3.0844E+01  1.9548E-05
  3.0856E+01  1.8771E-05
  3.0868E+01  1.7447E-05
  3.0880E+01  1.6911E-05
  3.0891E+01  1.8131E-05
  3.0903E+01  2.1158E-05
  3.0915E+01  2.5040E-05
  3.0927E+01  2.8226E-05
  3.0939E+01  2.9279E-05
  3.0951E+01  2.7544E-05
  3.0963E+01  2.3482E-05
  3.0975E+01  1.8493E-05
  3.0987E+01  1.4326E-05
  3.0999E+01  1.2323E-05
  3.1011E+01  1.2867E-05
  3.1022E+01  1.5253E-05
  3.1034E+01  1.8053E-05
  3.1046E+01  1.9792E-05
  3.1058E+01  1.9611E-05
  3.1070E+01  1.7642E-05
  3.1082E+01  1.4914E-05
  3.1094E+01  1.2860E-05
  3.1106E+01  1.2659E-05
  3.1118E+01  1.4716E-05
  3.1130E+01  1.8493E-05
  3.1142E+01  2.2765E-05
  3.1153E+01  2.6148E-05
  3.1165E+01  2.7658E-05
  3.1177E+01  2.7063E-05
  3.1189E+01  2.4868E-05
  3.1201E+01  2.2009E-05
  3.1213E+01  1.9399E-05
  3.1225E+01  1.7571E-05
  3.1237E+01  1.6558E-05
  3.1249E+01  1.6040E-05
  3.1261E+01  1.5636E-05
  3.1273E+01  1.5176E-05
  3.1284E+01  1.4787E-05
  3.1296E+01  1.4774E-05
  3.1308E+01  1.5377E-05
  3.1320E+01  1.6548E-05
  3.1332E+01  1.7905E-05
  3.1344E+01  1.8895E-05
  3.1356E+01  1.9093E-05
  3.1368E+01  1.8473E-05
  3.1380E+01  1.7492E-05
  3.1392E+01  1.6926E-05
  3.1404E+01  1.7510E-05
  3.1415E+01  1.9575E-05
  3.1427E+01  2.2847E-05
  3.1439E+01  2.6544E-05
  3.1451E+01  2.9721E-05
  3.1463E+01  3.1692E-05
  3.1475E+01  3.2328E-05
  3.1487E+01  3.2060E-05
  3.1499E+01  3.1583E-05
  3.1511E+01  3.1422E-05
  3.1523E+01  3.1589E-05
  3.1535E+01  3.1545E-05
  3.1546E+01  3.0523E-05
  3.1558E+01  2.8069E-05
  3.1570E+01  2.4520E-05
  3.1582E+01  2.1145E-05
  3.1594E+01  1.9791E-05
  3.1606E+01  2.2137E-05
  3.1618E+01  2.8878E-05
  3.1630E+01  3.9201E-05
  3.1642E+01  5.0866E-05
  3.1654E+01  6.0917E-05
  3.1666E+01  6.6744E-05
  3.1677E+01  6.7073E-05
  3.1689E+01  6.2423E-05
  3.1701E+01  5.4817E-05
  3.1713E+01  4.6865E-05
  3.1725E+01  4.0622E-05
  3.1737E+01  3.6767E-05
  3.1749E+01  3.4497E-05
  3.1761E+01  3.2200E-05
  3.1773E+01  2.8573E-05
  3.1785E+01  2.3620E-05
  3.1797E+01  1.8968E-05
  3.1808E+01  1.7248E-05
  3.1820E+01  2.0765E-05
  3.1832E+01  3.0066E-05
  3.1844E+01  4.3148E-05
  3.1856E+01  5.5843E-05
  3.1868E+01  6.3399E-05
  3.1880E+01  6.2724E-05
  3.1892E+01  5.4357E-05
  3.1904E+01  4.3228E-05
  3.1916E+01  3.7694E-05
  3.1928E+01  4.7008E-05
  3.1939E+01  7.8068E-05
  3.1951E+01  1.3265E-04
  3.1963E+01  2.0621E-04
  3.1975E+01  2.8878E-04
  3.1987E+01  3.6761E-04
  3.1999E+01  4.3060E-04
  3.2011E+01  4.6927E-04
  3.2023E+01  4.8022E-04
  3.2035E+01  4.6483E-04
  3.2047E+01  4.2758E-04
  3.2059E+01  3.7417E-04
  3.2070E+01  3.1031E-04
  3.2082E+01  2.4195E-04
  3.2094E+01  1.7653E-04
  3.2106E+01  1.2444E-04
  3.2118E+01  9.9292E-05
  3.2130E+01  1.1621E-04
  3.2142E+01  1.8798E-04
  3.2154E+01  3.2015E-04
  3.2166E+01  5.0672E-04
  3.2178E+01  7.2842E-04
  3.2190E+01  9.5467E-04
  3.2201E+01  1.1493E-03
  3.2213E+01  1.2786E-03
  3.2225E+01  1.3195E-03
  3.2237E+01  1.2648E-03
  3.2249E+01  1.1253E-03
  3.2261E+01  9.2671E-04
  3.2273E+01  7.0272E-04
  3.2285E+01  4.8749E-04
  3.2297E+01  3.0845E-04
  3.2309E+01  1.8195E-04
  3.2321E+01  1.1257E-04
  3.2332E+01  9.5292E-05
  3.2344E+01  1.1940E-04
  3.2356E+01  1.7226E-04
  3.2368E+01  2.4195E-04
  3.2380E+01  3.1802E-04
  3.2392E+01  3.9120E-04
  3.2404E+01  4.5269E-04
  3.2416E+01  4.9406E-04
  3.2428E+01  5.0819E-04
  3.2440E+01  4.9106E-04
  3.2452E+01  4.4334E-04
  3.2463E+01  3.7121E-04
  3.2475E+01  2.8548E-04
  3.2487E+01  1.9925E-04
  3.2499E+01  1.2470E-04
  3.2511E+01  7.0138E-05
  3.2523E+01  3.8235E-05
  3.2535E+01  2.6091E-05
  3.2547E+01  2.6969E-05
  3.2559E+01  3.2955E-05
  3.2571E+01  3.7570E-05
  3.2583E+01  3.7426E-05
  3.2594E+01  3.2494E-05
  3.2606E+01  2.5145E-05
  3.2618E+01  1.8511E-05
  3.2630E+01  1.4946E-05
  3.2642E+01  1.5147E-05
  3.2654E+01  1.8173E-05
  3.2666E+01  2.2178E-05
  3.2678E+01  2.5395E-05
  3.2690E+01  2.6900E-05
  3.2702E+01  2.6837E-05
  3.2714E+01  2.6098E-05
  3.2725E+01  2.5697E-05
  3.2737E+01  2.6178E-05
  3.2749E+01  2.7363E-05
  3.2761E+01  2.8496E-05
  3.2773E+01  2.8689E-05
  3.2785E+01  2.7401E-05
  3.2797E+01  2.4713E-05
  3.2809E+01  2.1282E-05
  3.2821E+01  1.8021E-05
  3.2833E+01  1.5680E-05
  3.2845E+01  1.4544E-05
  3.2856E+01  1.4367E-05
  3.2868E+01  1.4572E-05
  3.2880E+01  1.4569E-05
  3.2892E+01  1.4050E-05
  3.2904E+01  1.3097E-05
  3.2916E+01  1.2087E-05
  3.2928E+01  1.1444E-05
  3.2940E+01  1.1394E-05
  3.2952E+01  1.1836E-05
  3.2964E+01  1.2398E-05
  3.2976E+01  1.2630E-05
  3.2987E+01  1.2232E-05
  3.2999E+01  1.1195E-05
  3.3011E+01  9.7980E-06
  3.3023E+01  8.4556E-06
  3.3035E+01  7.5090E-06
  3.3047E+01  7.0662E-06
  3.3059E+01  6.9655E-06
  3.3071E+01  6.8779E-06
  3.3083E+01  6.4886E-06
  3.3095E+01  5.6659E-06
  3.3106E+01  4.5322E-06
  3.3118E+01  3.4071E-06
  3.3130E+01  2.6541E-06
  3.3142E+01  2.5092E-06
  3.3154E+01  2.9735E-06
  3.3166E+01  3.8176E-06
  3.3178E+01  4.6879E-06
  3.3190E+01  5.2603E-06
  3.3202E+01  5.3670E-06
  3.3214E+01  5.0419E-06
  3.3226E+01  4.4737E-06
  3.3237E+01  3.8988E-06
  3.3249E+01  3.4900E-06
  3.3261E+01  3.2938E-06
  3.3273E+01  3.2380E-06
  3.3285E+01  3.1962E-06
  3.3297E+01  3.0688E-06
  3.3309E+01  2.8377E-06
  3.3321E+01  2.5703E-06
  3.3333E+01  2.3776E-06
  3.3345E+01  2.3515E-06
  3.3357E+01  2.5171E-06
  3.3368E+01  2.8205E-06
  3.3380E+01  3.1549E-06
  3.3392E+01  3.4075E-06
  3.3404E+01  3.5029E-06
  3.3416E+01  3.4258E-06
  3.3428E+01  3.2176E-06
  3.3440E+01  2.9565E-06
  3.3452E+01  2.7334E-06
  3.3464E+01  2.6344E-06
  3.3476E+01  2.7290E-06
  3.3488E+01  3.0609E-06
  3.3499E+01  3.6361E-06
  3.3511E+01  4.4096E-06
  3.3523E+01  5.2813E-06
  3.3535E+01  6.1111E-06
  3.3547E+01  6.7552E-06
  3.3559E+01  7.1138E-06
  3.3571E+01  7.1688E-06
  3.3583E+01  6.9899E-06
  3.3595E+01  6.7010E-06
  3.3607E+01  6.4197E-06
  3.3619E+01  6.2004E-06
  3.3630E+01  6.0135E-06
  3.3642E+01  5.7789E-06
  3.3654E+01  5.4419E-06
  3.3666E+01  5.0514E-06
  3.3678E+01  4.7931E-06
  3.3690E+01  4.9443E-06
  3.3702E+01  5.7560E-06
  3.3714E+01  7.3106E-06
  3.3726E+01  9.4269E-06
  3.3738E+01  1.1670E-05
  3.3750E+01  1.3483E-05
  3.3761E+01  1.4395E-05
  3.3773E+01  1.4214E-05
  3.3785E+01  1.3115E-05
  3.3797E+01  1.1567E-05
  3.3809E+01  1.0131E-05
  3.3821E+01  9.2053E-06
  3.3833E+01  8.8539E-06
  3.3845E+01  8.8037E-06
  3.3857E+01  8.6190E-06
  3.3869E+01  7.9789E-06
  3.3881E+01  6.9113E-06
  3.3892E+01  5.8495E-06
  3.3904E+01  5.4550E-06
  3.3916E+01  6.2678E-06
  3.3928E+01  8.3543E-06
  3.3940E+01  1.1148E-05
  3.3952E+01  1.3616E-05
  3.3964E+01  1.4742E-05
  3.3976E+01  1.4140E-05
  3.3988E+01  1.2533E-05
  3.4000E+01  1.1837E-05
  3.4012E+01  1.4719E-05
  3.4023E+01  2.3744E-05
  3.4035E+01  4.0372E-05
  3.4047E+01  6.4206E-05
  3.4059E+01  9.2799E-05
  3.4071E+01  1.2212E-04
  3.4083E+01  1.4758E-04
  3.4095E+01  1.6518E-04
  3.4107E+01  1.7253E-04
  3.4119E+01  1.6917E-04
  3.4131E+01  1.5647E-04
  3.4143E+01  1.3688E-04
  3.4154E+01  1.1331E-04
  3.4166E+01  8.8637E-05
  3.4178E+01  6.5681E-05
  3.4190E+01  4.7541E-05
  3.4202E+01  3.7888E-05
  3.4214E+01  4.0892E-05
  3.4226E+01  6.0522E-05
  3.4238E+01  9.9256E-05
  3.4250E+01  1.5662E-04
  3.4262E+01  2.2814E-04
  3.4274E+01  3.0526E-04
  3.4285E+01  3.7657E-04
  3.4297E+01  4.3011E-04
  3.4309E+01  4.5621E-04
  3.4321E+01  4.4994E-04
  3.4333E+01  4.1246E-04
  3.4345E+01  3.5070E-04
  3.4357E+01  2.7561E-04
  3.4369E+01  1.9938E-04
  3.4381E+01  1.3265E-04
  3.4393E+01  8.2515E-05
  3.4405E+01  5.1748E-05
  3.4416E+01  3.9339E-05
  3.4428E+01  4.1870E-05
  3.4440E+01  5.5077E-05
  3.4452E+01  7.5005E-05
  3.4464E+01  9.8445E-05
  3.4476E+01  1.2272E-04
  3.4488E+01  1.4517E-04
  3.4500E+01  1.6286E-04
  3.4512E+01  1.7273E-04
  3.4524E+01  1.7232E-04
  3.4536E+01  1.6062E-04
  3.4547E+01  1.3883E-04
  3.4559E+01  1.1038E-04
  3.4571E+01  8.0219E-05
  3.4583E+01  5.3515E-05
  3.4595E+01  3.4172E-05
  3.4607E+01  2.3785E-05
  3.4619E+01  2.1372E-05
  3.4631E+01  2.3968E-05
  3.4643E+01  2.7858E-05
  3.4655E+01  2.9921E-05
  3.4667E+01  2.8607E-05
  3.4678E+01  2.4191E-05
  3.4690E+01  1.8300E-05
  3.4702E+01  1.2981E-05
  3.4714E+01  9.7487E-06
  3.4726E+01  9.0289E-06
  3.4738E+01  1.0188E-05
  3.4750E+01  1.2076E-05
  3.4762E+01  1.3761E-05
  3.4774E+01  1.5086E-05
  3.4786E+01  1.6754E-05
  3.4798E+01  1.9918E-05
  3.4809E+01  2.5459E-05
  3.4821E+01  3.3333E-05
  3.4833E+01  4.2293E-05
  3.4845E+01  5.0175E-05
  3.4857E+01  5.4642E-05
  3.4869E+01  5.4085E-05
  3.4881E+01  4.8305E-05
  3.4893E+01  3.8679E-05
  3.4905E+01  2.7720E-05
  3.4917E+01  1.8205E-05
  3.4929E+01  1.2226E-05
  3.4940E+01  1.0525E-05
  3.4952E+01  1.2383E-05
  3.4964E+01  1.6062E-05
  3.4976E+01  1.9598E-05
  3.4988E+01  2.1599E-05
  3.5000E+01  2.1713E-05
