 -3.5000E+01  4.4281E-06
 -3.4988E+01  3.7880E-06
 -3.4976E+01  3.4199E-06
 -3.4964E+01  3.5428E-06
 -3.4952E+01  4.2254E-06
 -3.4940E+01  5.3392E-06
 -3.4929E+01  6.5880E-06
 -3.4917E+01  7.6013E-06
 -3.4905E+01  8.0585E-06
 -3.4893E+01  7.7952E-06
 -3.4881E+01  6.8547E-06
 -3.4869E+01  5.4685E-06
 -3.4857E+01  3.9784E-06
 -3.4845E+01  2.7300E-06
 -3.4833E+01  1.9768E-06
 -3.4821E+01  1.8232E-06
 -3.4809E+01  2.2162E-06
 -3.4798E+01  2.9807E-06
 -3.4786E+01  3.8784E-06
 -3.4774E+01  4.6709E-06
 -3.4762E+01  5.1712E-06
 -3.4750E+01  5.2767E-06
 -3.4738E+01  4.9832E-06
 -3.4726E+01  4.3811E-06
 -3.4714E+01  3.6338E-06
 -3.4702E+01  2.9416E-06
 -3.4690E+01  2.4909E-06
 -3.4678E+01  2.4026E-06
 -3.4667E+01  2.6923E-06
 -3.4655E+01  3.2611E-06
 -3.4643E+01  3.9270E-06
 -3.4631E+01  4.4921E-06
 -3.4619E+01  4.8244E-06
 -3.4607E+01  4.9211E-06
 -3.4595E+01  4.9231E-06
 -3.4583E+01  5.0650E-06
 -3.4571E+01  5.5728E-06
 -3.4559E+01  6.5466E-06
 -3.4547E+01  7.8780E-06
 -3.4536E+01  9.2480E-06
 -3.4524E+01  1.0218E-05
 -3.4512E+01  1.0394E-05
 -3.4500E+01  9.6007E-06
 -3.4488E+01  7.9997E-06
 -3.4476E+01  6.0901E-06
 -3.4464E+01  4.5779E-06
 -3.4452E+01  4.1511E-06
 -3.4440E+01  5.2348E-06
 -3.4428E+01  7.8187E-06
 -3.4416E+01  1.1422E-05
 -3.4405E+01  1.5218E-05
 -3.4393E+01  1.8271E-05
 -3.4381E+01  1.9819E-05
 -3.4369E+01  1.9493E-05
 -3.4357E+01  1.7410E-05
 -3.4345E+01  1.4113E-05
 -3.4333E+01  1.0393E-05
 -3.4321E+01  7.0534E-06
 -3.4309E+01  4.7078E-06
 -3.4297E+01  3.6601E-06
 -3.4285E+01  3.8917E-06
 -3.4274E+01  5.1318E-06
 -3.4262E+01  6.9663E-06
 -3.4250E+01  8.9442E-06
 -3.4238E+01  1.0655E-05
 -3.4226E+01  1.1779E-05
 -3.4214E+01  1.2129E-05
 -3.4202E+01  1.1684E-05
 -3.4190E+01  1.0620E-05
 -3.4178E+01  9.3081E-06
 -3.4166E+01  8.2499E-06
 -3.4154E+01  7.9476E-06
 -3.4143E+01  8.7254E-06
 -3.4131E+01  1.0573E-05
 -3.4119E+01  1.3088E-05
 -3.4107E+01  1.5577E-05
 -3.4095E+01  1.7317E-05
 -3.4083E+01  1.7901E-05
 -3.4071E+01  1.7533E-05
 -3.4059E+01  1.7133E-05
 -3.4047E+01  1.8149E-05
 -3.4035E+01  2.2088E-05
 -3.4023E+01  2.9903E-05
 -3.4012E+01  4.1443E-05
 -3.4000E+01  5.5210E-05
 -3.3988E+01  6.8576E-05
 -3.3976E+01  7.8465E-05
 -3.3964E+01  8.2326E-05
 -3.3952E+01  7.9093E-05
 -3.3940E+01  6.9772E-05
 -3.3928E+01  5.7420E-05
 -3.3916E+01  4.6435E-05
 -3.3904E+01  4.1326E-05
 -3.3892E+01  4.5348E-05
 -3.3881E+01  5.9413E-05
 -3.3869E+01  8.1650E-05
 -3.3857E+01  1.0778E-04
 -3.3845E+01  1.3221E-04
 -3.3833E+01  1.4952E-04
 -3.3821E+01  1.5595E-04
 -3.3809E+01  1.5030E-04
 -3.3797E+01  1.3422E-04
 -3.3785E+01  1.1163E-04
 -3.3773E+01  8.7545E-05
 -3.3761E+01  6.6738E-05
 -3.3750E+01  5.2562E-05
 -3.3738E+01  4.6277E-05
 -3.3726E+01  4.7026E-05
 -3.3714E+01  5.2382E-05
 -3.3702E+01  5.9229E-05
 -3.3690E+01  6.4680E-05
 -3.3678E+01  6.6778E-05
 -3.3666E+01  6.4801E-05
 -3.3654E+01  5.9189E-05
 -3.3642E+01  5.1166E-05
 -3.3630E+01  4.2242E-05
 -3.3619E+01  3.3760E-05
 -3.3607E+01  2.6606E-05
 -3.3595E+01  2.1126E-05
 -3.3583E+01  1.7217E-05
 -3.3571E+01  1.4516E-05
 -3.3559E+01  1.2593E-05
 -3.3547E+01  1.1098E-05
 -3.3535E+01  9.8229E-06
 -3.3523E+01  8.6881E-06
 -3.3511E+01  7.6966E-06
 -3.3499E+01  6.8829E-06
 -3.3488E+01  6.2832E-06
 -3.3476E+01  5.9319E-06
 -3.3464E+01  5.8703E-06
 -3.3452E+01  6.1504E-06
 -3.3440E+01  6.8166E-06
 -3.3428E+01  7.8665E-06
 -3.3416E+01  9.2048E-06
 -3.3404E+01  1.0617E-05
 -3.3392E+01  1.1786E-05
 -3.3380E+01  1.2366E-05
 -3.3368E+01  1.2099E-05
 -3.3357E+01  1.0933E-05
 -3.3345E+01  9.1070E-06
 -3.3333E+01  7.1464E-06
 -3.3321E+01  5.7533E-06
 -3.3309E+01  5.6114E-06
 -3.3297E+01  7.1580E-06
 -3.3285E+01  1.0399E-05
 -3.3273E+01  1.4843E-05
 -3.3261E+01  1.9587E-05
 -3.3249E+01  2.3558E-05
 -3.3237E+01  2.5818E-05
 -3.3226E+01  2.5860E-05
 -3.3214E+01  2.3769E-05
 -3.3202E+01  2.0197E-05
 -3.3190E+01  1.6152E-05
 -3.3178E+01  1.2678E-05
 -3.3166E+01  1.0523E-05
 -3.3154E+01  9.9374E-06
 -3.3142E+01  1.0650E-05
 -3.3130E+01  1.2028E-05
 -3.3118E+01  1.3353E-05
 -3.3106E+01  1.4100E-05
 -3.3095E+01  1.4108E-05
 -3.3083E+01  1.3577E-05
 -3.3071E+01  1.2922E-05
 -3.3059E+01  1.2539E-05
 -3.3047E+01  1.2601E-05
 -3.3035E+01  1.2977E-05
 -3.3023E+01  1.3310E-05
 -3.3011E+01  1.3206E-05
 -3.2999E+01  1.2450E-05
 -3.2987E+01  1.1146E-05
 -3.2976E+01  9.7033E-06
 -3.2964E+01  8.6714E-06
 -3.2952E+01  8.5001E-06
 -3.2940E+01  9.3198E-06
 -3.2928E+01  1.0851E-05
 -3.2916E+01  1.2488E-05
 -3.2904E+01  1.3534E-05
 -3.2892E+01  1.3487E-05
 -3.2880E+01  1.2262E-05
 -3.2868E+01  1.0257E-05
 -3.2856E+01  8.2189E-06
 -3.2845E+01  6.9693E-06
 -3.2833E+01  7.0906E-06
 -3.2821E+01  8.7000E-06
 -3.2809E+01  1.1394E-05
 -3.2797E+01  1.4381E-05
 -3.2785E+01  1.6752E-05
 -3.2773E+01  1.7780E-05
 -3.2761E+01  1.7141E-05
 -3.2749E+01  1.4993E-05
 -3.2737E+01  1.1896E-05
 -3.2725E+01  8.6164E-06
 -3.2714E+01  5.8918E-06
 -3.2702E+01  4.2428E-06
 -3.2690E+01  3.8702E-06
 -3.2678E+01  4.6548E-06
 -3.2666E+01  6.2342E-06
 -3.2654E+01  8.1203E-06
 -3.2642E+01  9.8203E-06
 -3.2630E+01  1.0940E-05
 -3.2618E+01  1.1258E-05
 -3.2606E+01  1.0767E-05
 -3.2594E+01  9.6704E-06
 -3.2583E+01  8.3295E-06
 -3.2571E+01  7.1670E-06
 -3.2559E+01  6.5378E-06
 -3.2547E+01  6.6139E-06
 -3.2535E+01  7.3311E-06
 -3.2523E+01  8.4334E-06
 -3.2511E+01  9.6144E-06
 -3.2499E+01  1.0707E-05
 -3.2487E+01  1.1829E-05
 -3.2475E+01  1.3408E-05
 -3.2463E+01  1.6024E-05
 -3.2452E+01  2.0112E-05
 -3.2440E+01  2.5642E-05
 -3.2428E+01  3.1904E-05
 -3.2416E+01  3.7567E-05
 -3.2404E+01  4.1027E-05
 -3.2392E+01  4.0983E-05
 -3.2380E+01  3.7039E-05
 -3.2368E+01  3.0092E-05
 -3.2356E+01  2.2297E-05
 -3.2344E+01  1.6557E-05
 -3.2332E+01  1.5643E-05
 -3.2321E+01  2.1243E-05
 -3.2309E+01  3.3257E-05
 -3.2297E+01  4.9640E-05
 -3.2285E+01  6.6862E-05
 -3.2273E+01  8.0880E-05
 -3.2261E+01  8.8305E-05
 -3.2249E+01  8.7372E-05
 -3.2237E+01  7.8430E-05
 -3.2225E+01  6.3775E-05
 -3.2213E+01  4.6938E-05
 -3.2201E+01  3.1667E-05
 -3.2190E+01  2.0949E-05
 -3.2178E+01  1.6347E-05
 -3.2166E+01  1.7814E-05
 -3.2154E+01  2.3938E-05
 -3.2142E+01  3.2466E-05
 -3.2130E+01  4.0931E-05
 -3.2118E+01  4.7187E-05
 -3.2106E+01  4.9815E-05
 -3.2094E+01  4.8364E-05
 -3.2082E+01  4.3444E-05
 -3.2070E+01  3.6656E-05
 -3.2059E+01  3.0296E-05
 -3.2047E+01  2.6806E-05
 -3.2035E+01  2.8002E-05
 -3.2023E+01  3.4298E-05
 -3.2011E+01  4.4233E-05
 -3.1999E+01  5.4653E-05
 -3.1987E+01  6.1754E-05
 -3.1975E+01  6.2847E-05
 -3.1963E+01  5.8331E-05
 -3.1951E+01  5.3078E-05
 -3.1939E+01  5.6393E-05
 -3.1928E+01  8.0085E-05
 -3.1916E+01  1.3479E-04
 -3.1904E+01  2.2548E-04
 -3.1892E+01  3.4765E-04
 -3.1880E+01  4.8579E-04
 -3.1868E+01  6.1543E-04
 -3.1856E+01  7.0864E-04
 -3.1844E+01  7.4226E-04
 -3.1832E+01  7.0611E-04
 -3.1820E+01  6.0879E-04
 -3.1808E+01  4.7850E-04
 -3.1797E+01  3.5786E-04
 -3.1785E+01  2.9362E-04
 -3.1773E+01  3.2367E-04
 -3.1761E+01  4.6523E-04
 -3.1749E+01  7.0770E-04
 -3.1737E+01  1.0128E-03
 -3.1725E+01  1.3227E-03
 -3.1713E+01  1.5732E-03
 -3.1701E+01  1.7105E-03
 -3.1689E+01  1.7048E-03
 -3.1677E+01  1.5578E-03
 -3.1666E+01  1.3022E-03
 -3.1654E+01  9.9283E-04
 -3.1642E+01  6.9253E-04
 -3.1630E+01  4.5623E-04
 -3.1618E+01  3.1835E-04
 -3.1606E+01  2.8637E-04
 -3.1594E+01  3.4192E-04
 -3.1582E+01  4.4843E-04
 -3.1570E+01  5.6257E-04
 -3.1558E+01  6.4611E-04
 -3.1546E+01  6.7474E-04
 -3.1535E+01  6.4203E-04
 -3.1523E+01  5.5794E-04
 -3.1511E+01  4.4331E-04
 -3.1499E+01  3.2229E-04
 -3.1487E+01  2.1546E-04
 -3.1475E+01  1.3524E-04
 -3.1463E+01  8.4707E-05
 -3.1451E+01  5.9249E-05
 -3.1439E+01  5.0093E-05
 -3.1427E+01  4.8089E-05
 -3.1415E+01  4.6555E-05
 -3.1404E+01  4.2504E-05
 -3.1392E+01  3.6248E-05
 -3.1380E+01  2.9939E-05
 -3.1368E+01  2.5849E-05
 -3.1356E+01  2.5091E-05
 -3.1344E+01  2.7175E-05
 -3.1332E+01  3.0401E-05
 -3.1320E+01  3.2742E-05
 -3.1308E+01  3.2760E-05
 -3.1296E+01  3.0159E-05
 -3.1284E+01  2.5781E-05
 -3.1273E+01  2.1141E-05
 -3.1261E+01  1.7726E-05
 -3.1249E+01  1.6387E-05
 -3.1237E+01  1.7053E-05
 -3.1225E+01  1.8839E-05
 -3.1213E+01  2.0478E-05
 -3.1201E+01  2.0858E-05
 -3.1189E+01  1.9464E-05
 -3.1177E+01  1.6539E-05
 -3.1165E+01  1.2946E-05
 -3.1153E+01  9.7957E-06
 -3.1142E+01  8.0088E-06
 -3.1130E+01  7.9828E-06
 -3.1118E+01  9.4756E-06
 -3.1106E+01  1.1731E-05
 -3.1094E+01  1.3781E-05
 -3.1082E+01  1.4792E-05
 -3.1070E+01  1.4342E-05
 -3.1058E+01  1.2522E-05
 -3.1046E+01  9.8524E-06
 -3.1034E+01  7.0624E-06
 -3.1022E+01  4.8218E-06
 -3.1011E+01  3.5284E-06
 -3.0999E+01  3.2196E-06
 -3.0987E+01  3.6247E-06
 -3.0975E+01  4.3201E-06
 -3.0963E+01  4.9166E-06
 -3.0951E+01  5.2027E-06
 -3.0939E+01  5.1939E-06
 -3.0927E+01  5.0802E-06
 -3.0915E+01  5.1041E-06
 -3.0903E+01  5.4259E-06
 -3.0891E+01  6.0352E-06
 -3.0880E+01  6.7433E-06
 -3.0868E+01  7.2582E-06
 -3.0856E+01  7.3097E-06
 -3.0844E+01  6.7719E-06
 -3.0832E+01  5.7336E-06
 -3.0820E+01  4.4874E-06
 -3.0808E+01  3.4405E-06
 -3.0796E+01  2.9804E-06
 -3.0784E+01  3.3421E-06
 -3.0772E+01  4.5258E-06
 -3.0760E+01  6.2898E-06
 -3.0749E+01  8.2206E-06
 -3.0737E+01  9.8547E-06
 -3.0725E+01  1.0814E-05
 -3.0713E+01  1.0908E-05
 -3.0701E+01  1.0182E-05
 -3.0689E+01  8.8915E-06
 -3.0677E+01  7.4192E-06
 -3.0665E+01  6.1644E-06
 -3.0653E+01  5.4335E-06
 -3.0641E+01  5.3644E-06
 -3.0629E+01  5.9010E-06
 -3.0618E+01  6.8221E-06
 -3.0606E+01  7.8111E-06
 -3.0594E+01  8.5483E-06
 -3.0582E+01  8.7970E-06
 -3.0570E+01  8.4639E-06
 -3.0558E+01  7.6164E-06
 -3.0546E+01  6.4546E-06
 -3.0534E+01  5.2472E-06
 -3.0522E+01  4.2517E-06
 -3.0510E+01  3.6423E-06
 -3.0498E+01  3.4683E-06
 -3.0487E+01  3.6531E-06
 -3.0475E+01  4.0319E-06
 -3.0463E+01  4.4134E-06
 -3.0451E+01  4.6418E-06
 -3.0439E+01  4.6406E-06
 -3.0427E+01  4.4244E-06
 -3.0415E+01  4.0797E-06
 -3.0403E+01  3.7273E-06
 -3.0391E+01  3.4821E-06
 -3.0379E+01  3.4266E-06
 -3.0367E+01  3.6025E-06
 -3.0356E+01  4.0172E-06
 -3.0344E+01  4.6533E-06
 -3.0332E+01  5.4704E-06
 -3.0320E+01  6.3975E-06
 -3.0308E+01  7.3229E-06
 -3.0296E+01  8.0955E-06
 -3.0284E+01  8.5512E-06
 -3.0272E+01  8.5643E-06
 -3.0260E+01  8.1126E-06
 -3.0248E+01  7.3271E-06
 -3.0236E+01  6.4990E-06
 -3.0225E+01  6.0252E-06
 -3.0213E+01  6.2967E-06
 -3.0201E+01  7.5627E-06
 -3.0189E+01  9.8159E-06
 -3.0177E+01  1.2749E-05
 -3.0165E+01  1.5806E-05
 -3.0153E+01  1.8323E-05
 -3.0141E+01  1.9718E-05
 -3.0129E+01  1.9664E-05
 -3.0117E+01  1.8196E-05
 -3.0105E+01  1.5701E-05
 -3.0094E+01  1.2814E-05
 -3.0082E+01  1.0232E-05
 -3.0070E+01  8.5204E-06
 -3.0058E+01  7.9746E-06
 -3.0046E+01  8.5575E-06
 -3.0034E+01  9.9390E-06
 -3.0022E+01  1.1606E-05
 -3.0010E+01  1.3010E-05
 -2.9998E+01  1.3712E-05
 -2.9986E+01  1.3495E-05
 -2.9974E+01  1.2426E-05
 -2.9963E+01  1.0862E-05
 -2.9951E+01  9.3779E-06
 -2.9939E+01  8.6298E-06
 -2.9927E+01  9.1510E-06
 -2.9915E+01  1.1133E-05
 -2.9903E+01  1.4262E-05
 -2.9891E+01  1.7704E-05
 -2.9879E+01  2.0325E-05
 -2.9867E+01  2.1150E-05
 -2.9855E+01  1.9978E-05
 -2.9843E+01  1.7949E-05
 -2.9832E+01  1.7814E-05
 -2.9820E+01  2.3642E-05
 -2.9808E+01  3.9891E-05
 -2.9796E+01  6.9943E-05
 -2.9784E+01  1.1448E-04
 -2.9772E+01  1.7026E-04
 -2.9760E+01  2.2987E-04
 -2.9748E+01  2.8284E-04
 -2.9736E+01  3.1807E-04
 -2.9724E+01  3.2709E-04
 -2.9712E+01  3.0726E-04
 -2.9701E+01  2.6380E-04
 -2.9689E+01  2.0977E-04
 -2.9677E+01  1.6371E-04
 -2.9665E+01  1.4522E-04
 -2.9653E+01  1.6950E-04
 -2.9641E+01  2.4254E-04
 -2.9629E+01  3.5818E-04
 -2.9617E+01  4.9842E-04
 -2.9605E+01  6.3697E-04
 -2.9593E+01  7.4548E-04
 -2.9581E+01  8.0058E-04
 -2.9570E+01  7.9002E-04
 -2.9558E+01  7.1593E-04
 -2.9546E+01  5.9432E-04
 -2.9534E+01  4.5095E-04
 -2.9522E+01  3.1475E-04
 -2.9510E+01  2.1061E-04
 -2.9498E+01  1.5361E-04
 -2.9486E+01  1.4602E-04
 -2.9474E+01  1.7805E-04
 -2.9462E+01  2.3154E-04
 -2.9450E+01  2.8563E-04
 -2.9439E+01  3.2248E-04
 -2.9427E+01  3.3145E-04
 -2.9415E+01  3.1081E-04
 -2.9403E+01  2.6670E-04
 -2.9391E+01  2.1008E-04
 -2.9379E+01  1.5290E-04
 -2.9367E+01  1.0465E-04
 -2.9355E+01  7.0339E-05
 -2.9343E+01  5.0196E-05
 -2.9331E+01  4.0878E-05
 -2.9319E+01  3.7500E-05
 -2.9308E+01  3.5660E-05
 -2.9296E+01  3.2781E-05
 -2.9284E+01  2.8450E-05
 -2.9272E+01  2.3845E-05
 -2.9260E+01  2.0675E-05
 -2.9248E+01  2.0127E-05
 -2.9236E+01  2.2255E-05
 -2.9224E+01  2.5973E-05
 -2.9212E+01  2.9560E-05
 -2.9200E+01  3.1393E-05
 -2.9188E+01  3.0587E-05
 -2.9177E+01  2.7278E-05
 -2.9165E+01  2.2491E-05
 -2.9153E+01  1.7678E-05
 -2.9141E+01  1.4147E-05
 -2.9129E+01  1.2618E-05
 -2.9117E+01  1.3046E-05
 -2.9105E+01  1.4752E-05
 -2.9093E+01  1.6756E-05
 -2.9081E+01  1.8163E-05
 -2.9069E+01  1.8453E-05
 -2.9058E+01  1.7578E-05
 -2.9046E+01  1.5887E-05
 -2.9034E+01  1.3916E-05
 -2.9022E+01  1.2177E-05
 -2.9010E+01  1.0992E-05
 -2.8998E+01  1.0447E-05
 -2.8986E+01  1.0431E-05
 -2.8974E+01  1.0728E-05
 -2.8962E+01  1.1106E-05
 -2.8950E+01  1.1383E-05
 -2.8938E+01  1.1440E-05
 -2.8927E+01  1.1225E-05
 -2.8915E+01  1.0744E-05
 -2.8903E+01  1.0055E-05
 -2.8891E+01  9.2713E-06
 -2.8879E+01  8.5435E-06
 -2.8867E+01  8.0228E-06
 -2.8855E+01  7.8087E-06
 -2.8843E+01  7.9021E-06
 -2.8831E+01  8.1959E-06
 -2.8819E+01  8.5195E-06
 -2.8807E+01  8.7339E-06
 -2.8796E+01  8.8382E-06
 -2.8784E+01  9.0357E-06
 -2.8772E+01  9.7124E-06
 -2.8760E+01  1.1311E-05
 -2.8748E+01  1.4131E-05
 -2.8736E+01  1.8129E-05
 -2.8724E+01  2.2807E-05
 -2.8712E+01  2.7260E-05
 -2.8700E+01  3.0405E-05
 -2.8688E+01  3.1330E-05
 -2.8676E+01  2.9661E-05
 -2.8665E+01  2.5800E-05
 -2.8653E+01  2.0931E-05
 -2.8641E+01  1.6767E-05
 -2.8629E+01  1.5080E-05
 -2.8617E+01  1.7167E-05
 -2.8605E+01  2.3404E-05
 -2.8593E+01  3.3045E-05
 -2.8581E+01  4.4352E-05
 -2.8569E+01  5.5014E-05
 -2.8557E+01  6.2753E-05
 -2.8545E+01  6.5921E-05
 -2.8534E+01  6.3919E-05
 -2.8522E+01  5.7320E-05
 -2.8510E+01  4.7671E-05
 -2.8498E+01  3.7046E-05
 -2.8486E+01  2.7501E-05
 -2.8474E+01  2.0579E-05
 -2.8462E+01  1.6997E-05
 -2.8450E+01  1.6585E-05
 -2.8438E+01  1.8457E-05
 -2.8426E+01  2.1338E-05
 -2.8414E+01  2.3948E-05
 -2.8403E+01  2.5322E-05
 -2.8391E+01  2.4996E-05
 -2.8379E+01  2.3032E-05
 -2.8367E+01  1.9897E-05
 -2.8355E+01  1.6264E-05
 -2.8343E+01  1.2783E-05
 -2.8331E+01  9.9099E-06
 -2.8319E+01  7.8212E-06
 -2.8307E+01  6.4356E-06
 -2.8295E+01  5.5266E-06
 -2.8283E+01  4.8825E-06
 -2.8272E+01  4.4528E-06
 -2.8260E+01  4.4232E-06
 -2.8248E+01  5.1801E-06
 -2.8236E+01  7.1621E-06
 -2.8224E+01  1.0642E-05
 -2.8212E+01  1.5515E-05
 -2.8200E+01  2.1182E-05
 -2.8188E+01  2.6600E-05
 -2.8176E+01  3.0521E-05
 -2.8164E+01  3.1865E-05
 -2.8152E+01  3.0132E-05
 -2.8141E+01  2.5695E-05
 -2.8129E+01  1.9852E-05
 -2.8117E+01  1.4577E-05
 -2.8105E+01  1.2014E-05
 -2.8093E+01  1.3837E-05
 -2.8081E+01  2.0682E-05
 -2.8069E+01  3.1850E-05
 -2.8057E+01  4.5374E-05
 -2.8045E+01  5.8480E-05
 -2.8033E+01  6.8296E-05
 -2.8021E+01  7.2623E-05
 -2.8010E+01  7.0520E-05
 -2.7998E+01  6.2546E-05
 -2.7986E+01  5.0573E-05
 -2.7974E+01  3.7248E-05
 -2.7962E+01  2.5283E-05
 -2.7950E+01  1.6775E-05
 -2.7938E+01  1.2758E-05
 -2.7926E+01  1.3077E-05
 -2.7914E+01  1.6583E-05
 -2.7902E+01  2.1554E-05
 -2.7890E+01  2.6200E-05
 -2.7879E+01  2.9116E-05
 -2.7867E+01  2.9577E-05
 -2.7855E+01  2.7623E-05
 -2.7843E+01  2.3955E-05
 -2.7831E+01  1.9675E-05
 -2.7819E+01  1.5943E-05
 -2.7807E+01  1.3636E-05
 -2.7795E+01  1.3084E-05
 -2.7783E+01  1.3974E-05
 -2.7771E+01  1.5456E-05
 -2.7759E+01  1.6486E-05
 -2.7748E+01  1.6323E-05
 -2.7736E+01  1.5046E-05
 -2.7724E+01  1.3885E-05
 -2.7712E+01  1.5171E-05
 -2.7700E+01  2.1804E-05
 -2.7688E+01  3.6278E-05
 -2.7676E+01  5.9543E-05
 -2.7664E+01  9.0072E-05
 -2.7652E+01  1.2358E-04
 -2.7640E+01  1.5364E-04
 -2.7628E+01  1.7326E-04
 -2.7617E+01  1.7699E-04
 -2.7605E+01  1.6305E-04
 -2.7593E+01  1.3471E-04
 -2.7581E+01  1.0018E-04
 -2.7569E+01  7.1019E-05
 -2.7557E+01  5.9107E-05
 -2.7545E+01  7.3175E-05
 -2.7533E+01  1.1580E-04
 -2.7521E+01  1.8198E-04
 -2.7509E+01  2.5975E-04
 -2.7497E+01  3.3299E-04
 -2.7486E+01  3.8546E-04
 -2.7474E+01  4.0518E-04
 -2.7462E+01  3.8767E-04
 -2.7450E+01  3.3723E-04
 -2.7438E+01  2.6566E-04
 -2.7426E+01  1.8904E-04
 -2.7414E+01  1.2334E-04
 -2.7402E+01  8.0311E-05
 -2.7390E+01  6.4830E-05
 -2.7378E+01  7.4311E-05
 -2.7366E+01  1.0026E-04
 -2.7355E+01  1.3129E-04
 -2.7343E+01  1.5656E-04
 -2.7331E+01  1.6864E-04
 -2.7319E+01  1.6499E-04
 -2.7307E+01  1.4775E-04
 -2.7295E+01  1.2229E-04
 -2.7283E+01  9.4949E-05
 -2.7271E+01  7.1028E-05
 -2.7259E+01  5.3456E-05
 -2.7247E+01  4.2536E-05
 -2.7235E+01  3.6608E-05
 -2.7224E+01  3.3216E-05
 -2.7212E+01  3.0278E-05
 -2.7200E+01  2.6826E-05
 -2.7188E+01  2.3127E-05
 -2.7176E+01  2.0257E-05
 -2.7164E+01  1.9374E-05
 -2.7152E+01  2.1051E-05
 -2.7140E+01  2.4935E-05
 -2.7128E+01  2.9827E-05
 -2.7116E+01  3.4127E-05
 -2.7104E+01  3.6435E-05
 -2.7093E+01  3.6054E-05
 -2.7081E+01  3.3226E-05
 -2.7069E+01  2.9019E-05
 -2.7057E+01  2.4946E-05
 -2.7045E+01  2.2444E-05
 -2.7033E+01  2.2427E-05
 -2.7021E+01  2.5035E-05
 -2.7009E+01  2.9653E-05
 -2.6997E+01  3.5173E-05
 -2.6985E+01  4.0368E-05
 -2.6973E+01  4.4255E-05
 -2.6962E+01  4.6335E-05
 -2.6950E+01  4.6642E-05
 -2.6938E+01  4.5615E-05
 -2.6926E+01  4.3870E-05
 -2.6914E+01  4.1957E-05
 -2.6902E+01  4.0194E-05
 -2.6890E+01  3.8623E-05
 -2.6878E+01  3.7091E-05
 -2.6866E+01  3.5397E-05
 -2.6854E+01  3.3440E-05
 -2.6842E+01  3.1295E-05
 -2.6831E+01  2.9183E-05
 -2.6819E+01  2.7373E-05
 -2.6807E+01  2.6032E-05
 -2.6795E+01  2.5133E-05
 -2.6783E+01  2.4445E-05
 -2.6771E+01  2.3625E-05
 -2.6759E+01  2.2386E-05
 -2.6747E+01  2.0653E-05
 -2.6735E+01  1.8641E-05
 -2.6723E+01  1.6800E-05
 -2.6711E+01  1.5642E-05
 -2.6700E+01  1.5513E-05
 -2.6688E+01  1.6402E-05
 -2.6676E+01  1.7882E-05
 -2.6664E+01  1.9223E-05
 -2.6652E+01  1.9640E-05
 -2.6640E+01  1.8608E-05
 -2.6628E+01  1.6095E-05
 -2.6616E+01  1.2634E-05
 -2.6604E+01  9.1767E-06
 -2.6592E+01  6.7789E-06
 -2.6580E+01  6.2315E-06
 -2.6569E+01  7.7719E-06
 -2.6557E+01  1.0984E-05
 -2.6545E+01  1.4924E-05
 -2.6533E+01  1.8432E-05
 -2.6521E+01  2.0503E-05
 -2.6509E+01  2.0593E-05
 -2.6497E+01  1.8760E-05
 -2.6485E+01  1.5591E-05
 -2.6473E+01  1.1966E-05
 -2.6461E+01  8.7578E-06
 -2.6449E+01  6.5836E-06
 -2.6438E+01  5.6736E-06
 -2.6426E+01  5.8917E-06
 -2.6414E+01  6.8629E-06
 -2.6402E+01  8.1394E-06
 -2.6390E+01  9.3386E-06
 -2.6378E+01  1.0211E-05
 -2.6366E+01  1.0640E-05
 -2.6354E+01  1.0600E-05
 -2.6342E+01  1.0123E-05
 -2.6330E+01  9.2749E-06
 -2.6318E+01  8.1687E-06
 -2.6307E+01  6.9739E-06
 -2.6295E+01  5.9042E-06
 -2.6283E+01  5.1737E-06
 -2.6271E+01  4.9316E-06
 -2.6259E+01  5.2050E-06
 -2.6247E+01  5.8804E-06
 -2.6235E+01  6.7385E-06
 -2.6223E+01  7.5311E-06
 -2.6211E+01  8.0689E-06
 -2.6199E+01  8.2839E-06
 -2.6187E+01  8.2451E-06
 -2.6176E+01  8.1308E-06
 -2.6164E+01  8.1818E-06
 -2.6152E+01  8.6607E-06
 -2.6140E+01  9.8299E-06
 -2.6128E+01  1.1936E-05
 -2.6116E+01  1.5175E-05
 -2.6104E+01  1.9610E-05
 -2.6092E+01  2.5057E-05
 -2.6080E+01  3.0981E-05
 -2.6068E+01  3.6486E-05
 -2.6056E+01  4.0452E-05
 -2.6045E+01  4.1850E-05
 -2.6033E+01  4.0150E-05
 -2.6021E+01  3.5692E-05
 -2.6009E+01  2.9844E-05
 -2.5997E+01  2.4810E-05
 -2.5985E+01  2.3084E-05
 -2.5973E+01  2.6661E-05
 -2.5961E+01  3.6269E-05
 -2.5949E+01  5.0910E-05
 -2.5937E+01  6.7920E-05
 -2.5925E+01  8.3601E-05
 -2.5914E+01  9.4246E-05
 -2.5902E+01  9.7239E-05
 -2.5890E+01  9.1881E-05
 -2.5878E+01  7.9621E-05
 -2.5866E+01  6.3634E-05
 -2.5854E+01  4.7865E-05
 -2.5842E+01  3.5858E-05
 -2.5830E+01  2.9773E-05
 -2.5818E+01  2.9899E-05
 -2.5806E+01  3.4769E-05
 -2.5794E+01  4.1806E-05
 -2.5783E+01  4.8208E-05
 -2.5771E+01  5.1800E-05
 -2.5759E+01  5.1580E-05
 -2.5747E+01  4.7872E-05
 -2.5735E+01  4.2095E-05
 -2.5723E+01  3.6263E-05
 -2.5711E+01  3.2394E-05
 -2.5699E+01  3.1926E-05
 -2.5687E+01  3.5278E-05
 -2.5675E+01  4.1622E-05
 -2.5663E+01  4.8992E-05
 -2.5652E+01  5.4805E-05
 -2.5640E+01  5.6835E-05
 -2.5628E+01  5.4511E-05
 -2.5616E+01  5.0179E-05
 -2.5604E+01  4.9813E-05
 -2.5592E+01  6.2567E-05
 -2.5580E+01  9.8843E-05
 -2.5568E+01  1.6701E-04
 -2.5556E+01  2.6952E-04
 -2.5544E+01  3.9974E-04
 -2.5532E+01  5.4090E-04
 -2.5521E+01  6.6821E-04
 -2.5509E+01  7.5442E-04
 -2.5497E+01  7.7774E-04
 -2.5485E+01  7.3002E-04
 -2.5473E+01  6.2249E-04
 -2.5461E+01  4.8642E-04
 -2.5449E+01  3.6761E-04
 -2.5437E+01  3.1533E-04
 -2.5425E+01  3.6842E-04
 -2.5413E+01  5.4251E-04
 -2.5401E+01  8.2246E-04
 -2.5390E+01  1.1628E-03
 -2.5378E+01  1.4972E-03
 -2.5366E+01  1.7542E-03
 -2.5354E+01  1.8757E-03
 -2.5342E+01  1.8332E-03
 -2.5330E+01  1.6355E-03
 -2.5318E+01  1.3265E-03
 -2.5306E+01  9.7396E-04
 -2.5294E+01  6.5130E-04
 -2.5282E+01  4.1873E-04
 -2.5271E+01  3.0897E-04
 -2.5259E+01  3.2118E-04
 -2.5247E+01  4.2434E-04
 -2.5235E+01  5.6874E-04
 -2.5223E+01  7.0140E-04
 -2.5211E+01  7.8077E-04
 -2.5199E+01  7.8630E-04
 -2.5187E+01  7.2066E-04
 -2.5175E+01  6.0489E-04
 -2.5163E+01  4.6909E-04
 -2.5151E+01  3.4204E-04
 -2.5140E+01  2.4321E-04
 -2.5128E+01  1.7934E-04
 -2.5116E+01  1.4584E-04
 -2.5104E+01  1.3165E-04
 -2.5092E+01  1.2529E-04
 -2.5080E+01  1.1955E-04
 -2.5068E+01  1.1327E-04
 -2.5056E+01  1.1009E-04
 -2.5044E+01  1.1502E-04
 -2.5032E+01  1.3084E-04
 -2.5020E+01  1.5563E-04
 -2.5009E+01  1.8284E-04
 -2.4997E+01  2.0346E-04
 -2.4985E+01  2.0963E-04
 -2.4973E+01  1.9796E-04
 -2.4961E+01  1.7134E-04
 -2.4949E+01  1.3836E-04
 -2.4937E+01  1.1064E-04
 -2.4925E+01  9.8991E-05
 -2.4913E+01  1.0975E-04
 -2.4901E+01  1.4266E-04
 -2.4889E+01  1.9085E-04
 -2.4878E+01  2.4292E-04
 -2.4866E+01  2.8641E-04
 -2.4854E+01  3.1141E-04
 -2.4842E+01  3.1320E-04
 -2.4830E+01  2.9315E-04
 -2.4818E+01  2.5767E-04
 -2.4806E+01  2.1591E-04
 -2.4794E+01  1.7691E-04
 -2.4782E+01  1.4717E-04
 -2.4770E+01  1.2936E-04
 -2.4758E+01  1.2239E-04
 -2.4747E+01  1.2251E-04
 -2.4735E+01  1.2509E-04
 -2.4723E+01  1.2624E-04
 -2.4711E+01  1.2387E-04
 -2.4699E+01  1.1782E-04
 -2.4687E+01  1.0930E-04
 -2.4675E+01  9.9975E-05
 -2.4663E+01  9.1057E-05
 -2.4651E+01  8.2836E-05
 -2.4639E+01  7.4756E-05
 -2.4627E+01  6.5950E-05
 -2.4616E+01  5.5944E-05
 -2.4604E+01  4.5206E-05
 -2.4592E+01  3.5247E-05
 -2.4580E+01  2.8241E-05
 -2.4568E+01  2.6258E-05
 -2.4556E+01  3.0433E-05
 -2.4544E+01  4.0361E-05
 -2.4532E+01  5.3998E-05
 -2.4520E+01  6.8133E-05
 -2.4508E+01  7.9302E-05
 -2.4496E+01  8.4860E-05
 -2.4485E+01  8.3844E-05
 -2.4473E+01  7.7336E-05
 -2.4461E+01  6.8202E-05
 -2.4449E+01  6.0284E-05
 -2.4437E+01  5.7295E-05
 -2.4425E+01  6.1746E-05
 -2.4413E+01  7.4235E-05
 -2.4401E+01  9.3280E-05
 -2.4389E+01  1.1575E-04
 -2.4377E+01  1.3773E-04
 -2.4365E+01  1.5553E-04
 -2.4354E+01  1.6660E-04
 -2.4342E+01  1.7002E-04
 -2.4330E+01  1.6650E-04
 -2.4318E+01  1.5803E-04
 -2.4306E+01  1.4715E-04
 -2.4294E+01  1.3625E-04
 -2.4282E+01  1.2696E-04
 -2.4270E+01  1.1985E-04
 -2.4258E+01  1.1455E-04
 -2.4246E+01  1.1003E-04
 -2.4234E+01  1.0515E-04
 -2.4223E+01  9.9075E-05
 -2.4211E+01  9.1609E-05
 -2.4199E+01  8.3219E-05
 -2.4187E+01  7.4839E-05
 -2.4175E+01  6.7502E-05
 -2.4163E+01  6.1936E-05
 -2.4151E+01  5.8280E-05
 -2.4139E+01  5.6008E-05
 -2.4127E+01  5.4106E-05
 -2.4115E+01  5.1424E-05
 -2.4103E+01  4.7100E-05
 -2.4092E+01  4.0906E-05
 -2.4080E+01  3.3394E-05
 -2.4068E+01  2.5785E-05
 -2.4056E+01  1.9629E-05
 -2.4044E+01  1.6345E-05
 -2.4032E+01  1.6782E-05
 -2.4020E+01  2.0957E-05
 -2.4008E+01  2.8042E-05
 -2.3996E+01  3.6593E-05
 -2.3984E+01  4.4959E-05
 -2.3972E+01  5.1729E-05
 -2.3961E+01  5.6088E-05
 -2.3949E+01  5.7979E-05
 -2.3937E+01  5.8053E-05
 -2.3925E+01  5.7432E-05
 -2.3913E+01  5.7382E-05
 -2.3901E+01  5.9003E-05
 -2.3889E+01  6.3005E-05
 -2.3877E+01  6.9608E-05
 -2.3865E+01  7.8566E-05
 -2.3853E+01  8.9257E-05
 -2.3841E+01  1.0082E-04
 -2.3830E+01  1.1227E-04
 -2.3818E+01  1.2263E-04
 -2.3806E+01  1.3101E-04
 -2.3794E+01  1.3669E-04
 -2.3782E+01  1.3921E-04
 -2.3770E+01  1.3841E-04
 -2.3758E+01  1.3447E-04
 -2.3746E+01  1.2785E-04
 -2.3734E+01  1.1926E-04
 -2.3722E+01  1.0949E-04
 -2.3710E+01  9.9347E-05
 -2.3699E+01  8.9534E-05
 -2.3687E+01  8.0634E-05
 -2.3675E+01  7.3081E-05
 -2.3663E+01  6.7155E-05
 -2.3651E+01  6.2964E-05
 -2.3639E+01  6.0416E-05
 -2.3627E+01  5.9192E-05
 -2.3615E+01  5.8758E-05
 -2.3603E+01  5.8431E-05
 -2.3591E+01  5.7501E-05
 -2.3579E+01  5.5380E-05
 -2.3568E+01  5.1759E-05
 -2.3556E+01  4.6717E-05
 -2.3544E+01  4.0791E-05
 -2.3532E+01  3.5008E-05
 -2.3520E+01  3.0907E-05
 -2.3508E+01  3.0541E-05
 -2.3496E+01  3.6420E-05
 -2.3484E+01  5.1301E-05
 -2.3472E+01  7.7731E-05
 -2.3460E+01  1.1730E-04
 -2.3448E+01  1.6973E-04
 -2.3437E+01  2.3200E-04
 -2.3425E+01  2.9798E-04
 -2.3413E+01  3.5891E-04
 -2.3401E+01  4.0490E-04
 -2.3389E+01  4.2741E-04
 -2.3377E+01  4.2213E-04
 -2.3365E+01  3.9142E-04
 -2.3353E+01  3.4547E-04
 -2.3341E+01  3.0126E-04
 -2.3329E+01  2.7924E-04
 -2.3317E+01  2.9819E-04
 -2.3306E+01  3.6951E-04
 -2.3294E+01  4.9265E-04
 -2.3282E+01  6.5329E-04
 -2.3270E+01  8.2506E-04
 -2.3258E+01  9.7494E-04
 -2.3246E+01  1.0711E-03
 -2.3234E+01  1.0912E-03
 -2.3222E+01  1.0286E-03
 -2.3210E+01  8.9460E-04
 -2.3198E+01  7.1627E-04
 -2.3186E+01  5.2938E-04
 -2.3175E+01  3.6963E-04
 -2.3163E+01  2.6379E-04
 -2.3151E+01  2.2347E-04
 -2.3139E+01  2.4324E-04
 -2.3127E+01  3.0347E-04
 -2.3115E+01  3.7689E-04
 -2.3103E+01  4.3663E-04
 -2.3091E+01  4.6333E-04
 -2.3079E+01  4.4938E-04
 -2.3067E+01  3.9926E-04
 -2.3055E+01  3.2637E-04
 -2.3044E+01  2.4769E-04
 -2.3032E+01  1.7826E-04
 -2.3020E+01  1.2715E-04
 -2.3008E+01  9.6240E-05
 -2.2996E+01  8.1426E-05
 -2.2984E+01  7.5712E-05
 -2.2972E+01  7.2582E-05
 -2.2960E+01  6.8444E-05
 -2.2948E+01  6.3350E-05
 -2.2936E+01  5.9957E-05
 -2.2924E+01  6.1429E-05
 -2.2913E+01  6.9302E-05
 -2.2901E+01  8.2279E-05
 -2.2889E+01  9.6416E-05
 -2.2877E+01  1.0659E-04
 -2.2865E+01  1.0862E-04
 -2.2853E+01  1.0105E-04
 -2.2841E+01  8.5982E-05
 -2.2829E+01  6.8485E-05
 -2.2817E+01  5.4867E-05
 -2.2805E+01  5.0473E-05
 -2.2793E+01  5.7799E-05
 -2.2782E+01  7.5608E-05
 -2.2770E+01  9.9342E-05
 -2.2758E+01  1.2263E-04
 -2.2746E+01  1.3936E-04
 -2.2734E+01  1.4547E-04
 -2.2722E+01  1.4004E-04
 -2.2710E+01  1.2528E-04
 -2.2698E+01  1.0548E-04
 -2.2686E+01  8.5558E-05
 -2.2674E+01  6.9515E-05
 -2.2662E+01  5.9442E-05
 -2.2651E+01  5.5288E-05
 -2.2639E+01  5.5338E-05
 -2.2627E+01  5.7130E-05
 -2.2615E+01  5.8424E-05
 -2.2603E+01  5.7882E-05
 -2.2591E+01  5.5280E-05
 -2.2579E+01  5.1273E-05
 -2.2567E+01  4.6880E-05
 -2.2555E+01  4.2945E-05
 -2.2543E+01  3.9784E-05
 -2.2531E+01  3.7131E-05
 -2.2520E+01  3.4348E-05
 -2.2508E+01  3.0798E-05
 -2.2496E+01  2.6199E-05
 -2.2484E+01  2.0831E-05
 -2.2472E+01  1.5526E-05
 -2.2460E+01  1.1448E-05
 -2.2448E+01  9.7554E-06
 -2.2436E+01  1.1243E-05
 -2.2424E+01  1.6088E-05
 -2.2412E+01  2.3748E-05
 -2.2400E+01  3.3057E-05
 -2.2389E+01  4.2467E-05
 -2.2377E+01  5.0391E-05
 -2.2365E+01  5.5567E-05
 -2.2353E+01  5.7352E-05
 -2.2341E+01  5.5895E-05
 -2.2329E+01  5.2143E-05
 -2.2317E+01  4.7663E-05
 -2.2305E+01  4.4331E-05
 -2.2293E+01  4.3920E-05
 -2.2281E+01  4.7706E-05
 -2.2269E+01  5.6153E-05
 -2.2258E+01  6.8769E-05
 -2.2246E+01  8.4158E-05
 -2.2234E+01  1.0027E-04
 -2.2222E+01  1.1480E-04
 -2.2210E+01  1.2559E-04
 -2.2198E+01  1.3110E-04
 -2.2186E+01  1.3060E-04
 -2.2174E+01  1.2436E-04
 -2.2162E+01  1.1347E-04
 -2.2150E+01  9.9679E-05
 -2.2138E+01  8.5002E-05
 -2.2127E+01  7.1360E-05
 -2.2115E+01  6.0257E-05
 -2.2103E+01  5.2556E-05
 -2.2091E+01  4.8397E-05
 -2.2079E+01  4.7247E-05
 -2.2067E+01  4.8077E-05
 -2.2055E+01  4.9615E-05
 -2.2043E+01  5.0620E-05
 -2.2031E+01  5.0122E-05
 -2.2019E+01  4.7591E-05
 -2.2007E+01  4.2986E-05
 -2.1996E+01  3.6709E-05
 -2.1984E+01  2.9469E-05
 -2.1972E+01  2.2108E-05
 -2.1960E+01  1.5432E-05
 -2.1948E+01  1.0088E-05
 -2.1936E+01  6.5032E-06
 -2.1924E+01  4.8894E-06
 -2.1912E+01  5.2788E-06
 -2.1900E+01  7.5692E-06
 -2.1888E+01  1.1546E-05
 -2.1876E+01  1.6874E-05
 -2.1865E+01  2.3072E-05
 -2.1853E+01  2.9501E-05
 -2.1841E+01  3.5389E-05
 -2.1829E+01  3.9939E-05
 -2.1817E+01  4.2493E-05
 -2.1805E+01  4.2738E-05
 -2.1793E+01  4.0873E-05
 -2.1781E+01  3.7694E-05
 -2.1769E+01  3.4521E-05
 -2.1757E+01  3.2965E-05
 -2.1745E+01  3.4555E-05
 -2.1734E+01  4.0326E-05
 -2.1722E+01  5.0453E-05
 -2.1710E+01  6.4072E-05
 -2.1698E+01  7.9342E-05
 -2.1686E+01  9.3768E-05
 -2.1674E+01  1.0473E-04
 -2.1662E+01  1.1009E-04
 -2.1650E+01  1.0870E-04
 -2.1638E+01  1.0072E-04
 -2.1626E+01  8.7604E-05
 -2.1614E+01  7.1755E-05
 -2.1603E+01  5.5987E-05
 -2.1591E+01  4.2866E-05
 -2.1579E+01  3.4142E-05
 -2.1567E+01  3.0416E-05
 -2.1555E+01  3.1096E-05
 -2.1543E+01  3.4666E-05
 -2.1531E+01  3.9147E-05
 -2.1519E+01  4.2648E-05
 -2.1507E+01  4.3812E-05
 -2.1495E+01  4.2093E-05
 -2.1483E+01  3.7761E-05
 -2.1472E+01  3.1697E-05
 -2.1460E+01  2.5047E-05
 -2.1448E+01  1.8846E-05
 -2.1436E+01  1.3761E-05
 -2.1424E+01  1.0003E-05
 -2.1412E+01  7.4525E-06
 -2.1400E+01  5.9283E-06
 -2.1388E+01  5.5054E-06
 -2.1376E+01  6.7345E-06
 -2.1364E+01  1.0647E-05
 -2.1353E+01  1.8485E-05
 -2.1341E+01  3.1195E-05
 -2.1329E+01  4.8825E-05
 -2.1317E+01  7.0045E-05
 -2.1305E+01  9.2020E-05
 -2.1293E+01  1.1081E-04
 -2.1281E+01  1.2226E-04
 -2.1269E+01  1.2334E-04
 -2.1257E+01  1.1334E-04
 -2.1245E+01  9.4732E-05
 -2.1233E+01  7.3167E-05
 -2.1222E+01  5.6457E-05
 -2.1210E+01  5.2655E-05
 -2.1198E+01  6.7706E-05
 -2.1186E+01  1.0332E-04
 -2.1174E+01  1.5582E-04
 -2.1162E+01  2.1637E-04
 -2.1150E+01  2.7288E-04
 -2.1138E+01  3.1291E-04
 -2.1126E+01  3.2707E-04
 -2.1114E+01  3.1170E-04
 -2.1102E+01  2.7010E-04
 -2.1091E+01  2.1179E-04
 -2.1079E+01  1.4998E-04
 -2.1067E+01  9.8038E-05
 -2.1055E+01  6.5885E-05
 -2.1043E+01  5.7515E-05
 -2.1031E+01  7.0314E-05
 -2.1019E+01  9.6347E-05
 -2.1007E+01  1.2512E-04
 -2.0995E+01  1.4688E-04
 -2.0983E+01  1.5533E-04
 -2.0971E+01  1.4906E-04
 -2.0960E+01  1.3119E-04
 -2.0948E+01  1.0764E-04
 -2.0936E+01  8.4753E-05
 -2.0924E+01  6.7121E-05
 -2.0912E+01  5.6396E-05
 -2.0900E+01  5.1420E-05
 -2.0888E+01  4.9433E-05
 -2.0876E+01  4.7770E-05
 -2.0864E+01  4.5293E-05
 -2.0852E+01  4.2963E-05
 -2.0840E+01  4.3339E-05
 -2.0829E+01  4.9258E-05
 -2.0817E+01  6.2267E-05
 -2.0805E+01  8.1505E-05
 -2.0793E+01  1.0351E-04
 -2.0781E+01  1.2314E-04
 -2.0769E+01  1.3523E-04
 -2.0757E+01  1.3645E-04
 -2.0745E+01  1.2670E-04
 -2.0733E+01  1.0943E-04
 -2.0721E+01  9.0812E-05
 -2.0709E+01  7.7992E-05
 -2.0698E+01  7.6983E-05
 -2.0686E+01  9.0850E-05
 -2.0674E+01  1.1876E-04
 -2.0662E+01  1.5619E-04
 -2.0650E+01  1.9608E-04
 -2.0638E+01  2.3074E-04
 -2.0626E+01  2.5372E-04
 -2.0614E+01  2.6127E-04
 -2.0602E+01  2.5302E-04
 -2.0590E+01  2.3173E-04
 -2.0578E+01  2.0231E-04
 -2.0567E+01  1.7047E-04
 -2.0555E+01  1.4140E-04
 -2.0543E+01  1.1877E-04
 -2.0531E+01  1.0425E-04
 -2.0519E+01  9.7571E-05
 -2.0507E+01  9.6971E-05
 -2.0495E+01  9.9906E-05
 -2.0483E+01  1.0371E-04
 -2.0471E+01  1.0613E-04
 -2.0459E+01  1.0563E-04
 -2.0447E+01  1.0148E-04
 -2.0436E+01  9.3682E-05
 -2.0424E+01  8.2829E-05
 -2.0412E+01  6.9939E-05
 -2.0400E+01  5.6327E-05
 -2.0388E+01  4.3477E-05
 -2.0376E+01  3.2885E-05
 -2.0364E+01  2.5848E-05
 -2.0352E+01  2.3205E-05
 -2.0340E+01  2.5086E-05
 -2.0328E+01  3.0756E-05
 -2.0316E+01  3.8639E-05
 -2.0305E+01  4.6593E-05
 -2.0293E+01  5.2384E-05
 -2.0281E+01  5.4284E-05
 -2.0269E+01  5.1614E-05
 -2.0257E+01  4.5045E-05
 -2.0245E+01  3.6538E-05
 -2.0233E+01  2.8889E-05
 -2.0221E+01  2.4980E-05
 -2.0209E+01  2.6949E-05
 -2.0197E+01  3.5515E-05
 -2.0185E+01  4.9677E-05
 -2.0174E+01  6.6891E-05
 -2.0162E+01  8.3690E-05
 -2.0150E+01  9.6576E-05
 -2.0138E+01  1.0291E-04
 -2.0126E+01  1.0159E-04
 -2.0114E+01  9.3268E-05
 -2.0102E+01  8.0146E-05
 -2.0090E+01  6.5352E-05
 -2.0078E+01  5.2126E-05
 -2.0066E+01  4.3018E-05
 -2.0054E+01  3.9322E-05
 -2.0043E+01  4.0869E-05
 -2.0031E+01  4.6186E-05
 -2.0019E+01  5.2980E-05
 -2.0007E+01  5.8775E-05
 -1.9995E+01  6.1561E-05
 -1.9983E+01  6.0271E-05
 -1.9971E+01  5.4988E-05
 -1.9959E+01  4.6844E-05
 -1.9947E+01  3.7637E-05
 -1.9935E+01  2.9301E-05
 -1.9923E+01  2.3346E-05
 -1.9912E+01  2.0463E-05
 -1.9900E+01  2.0381E-05
 -1.9888E+01  2.2040E-05
 -1.9876E+01  2.4017E-05
 -1.9864E+01  2.5054E-05
 -1.9852E+01  2.4525E-05
 -1.9840E+01  2.2663E-05
 -1.9828E+01  2.0467E-05
 -1.9816E+01  1.9311E-05
 -1.9804E+01  2.0401E-05
 -1.9792E+01  2.4266E-05
 -1.9781E+01  3.0487E-05
 -1.9769E+01  3.7768E-05
 -1.9757E+01  4.4339E-05
 -1.9745E+01  4.8556E-05
 -1.9733E+01  4.9494E-05
 -1.9721E+01  4.7316E-05
 -1.9709E+01  4.3291E-05
 -1.9697E+01  3.9455E-05
 -1.9685E+01  3.8014E-05
 -1.9673E+01  4.0692E-05
 -1.9661E+01  4.8214E-05
 -1.9650E+01  6.0074E-05
 -1.9638E+01  7.4640E-05
 -1.9626E+01  8.9550E-05
 -1.9614E+01  1.0228E-04
 -1.9602E+01  1.1071E-04
 -1.9590E+01  1.1363E-04
 -1.9578E+01  1.1096E-04
 -1.9566E+01  1.0382E-04
 -1.9554E+01  9.4205E-05
 -1.9542E+01  8.4575E-05
 -1.9530E+01  7.7243E-05
 -1.9519E+01  7.3802E-05
 -1.9507E+01  7.4702E-05
 -1.9495E+01  7.9097E-05
 -1.9483E+01  8.5064E-05
 -1.9471E+01  9.0143E-05
 -1.9459E+01  9.2086E-05
 -1.9447E+01  8.9572E-05
 -1.9435E+01  8.2660E-05
 -1.9423E+01  7.2799E-05
 -1.9411E+01  6.2375E-05
 -1.9399E+01  5.3914E-05
 -1.9388E+01  4.9245E-05
 -1.9376E+01  4.8903E-05
 -1.9364E+01  5.2026E-05
 -1.9352E+01  5.6761E-05
 -1.9340E+01  6.1048E-05
 -1.9328E+01  6.3447E-05
 -1.9316E+01  6.3719E-05
 -1.9304E+01  6.2952E-05
 -1.9292E+01  6.3220E-05
 -1.9280E+01  6.6970E-05
 -1.9268E+01  7.6416E-05
 -1.9257E+01  9.3148E-05
 -1.9245E+01  1.1803E-04
 -1.9233E+01  1.5127E-04
 -1.9221E+01  1.9240E-04
 -1.9209E+01  2.4002E-04
 -1.9197E+01  2.9140E-04
 -1.9185E+01  3.4209E-04
 -1.9173E+01  3.8605E-04
 -1.9161E+01  4.1663E-04
 -1.9149E+01  4.2855E-04
 -1.9137E+01  4.2030E-04
 -1.9126E+01  3.9626E-04
 -1.9114E+01  3.6730E-04
 -1.9102E+01  3.4932E-04
 -1.9090E+01  3.5940E-04
 -1.9078E+01  4.1059E-04
 -1.9066E+01  5.0662E-04
 -1.9054E+01  6.3873E-04
 -1.9042E+01  7.8575E-04
 -1.9030E+01  9.1842E-04
 -1.9018E+01  1.0067E-03
 -1.9006E+01  1.0281E-03
 -1.8995E+01  9.7488E-04
 -1.8983E+01  8.5701E-04
 -1.8971E+01  7.0004E-04
 -1.8959E+01  5.3836E-04
 -1.8947E+01  4.0564E-04
 -1.8935E+01  3.2555E-04
 -1.8923E+01  3.0568E-04
 -1.8911E+01  3.3664E-04
 -1.8899E+01  3.9635E-04
 -1.8887E+01  4.5795E-04
 -1.8875E+01  4.9846E-04
 -1.8864E+01  5.0537E-04
 -1.8852E+01  4.7890E-04
 -1.8840E+01  4.2968E-04
 -1.8828E+01  3.7309E-04
 -1.8816E+01  3.2280E-04
 -1.8804E+01  2.8594E-04
 -1.8792E+01  2.6182E-04
 -1.8780E+01  2.4436E-04
 -1.8768E+01  2.2691E-04
 -1.8756E+01  2.0721E-04
 -1.8744E+01  1.9010E-04
 -1.8733E+01  1.8660E-04
 -1.8721E+01  2.0958E-04
 -1.8709E+01  2.6756E-04
 -1.8697E+01  3.5932E-04
 -1.8685E+01  4.7160E-04
 -1.8673E+01  5.8139E-04
 -1.8661E+01  6.6228E-04
 -1.8649E+01  6.9304E-04
 -1.8637E+01  6.6546E-04
 -1.8625E+01  5.8864E-04
 -1.8613E+01  4.8797E-04
 -1.8602E+01  3.9874E-04
 -1.8590E+01  3.5620E-04
 -1.8578E+01  3.8523E-04
 -1.8566E+01  4.9260E-04
 -1.8554E+01  6.6449E-04
 -1.8542E+01  8.6979E-04
 -1.8530E+01  1.0682E-03
 -1.8518E+01  1.2209E-03
 -1.8506E+01  1.2999E-03
 -1.8494E+01  1.2947E-03
 -1.8482E+01  1.2130E-03
 -1.8471E+01  1.0773E-03
 -1.8459E+01  9.1750E-04
 -1.8447E+01  7.6337E-04
 -1.8435E+01  6.3723E-04
 -1.8423E+01  5.5035E-04
 -1.8411E+01  5.0276E-04
 -1.8399E+01  4.8594E-04
 -1.8387E+01  4.8725E-04
 -1.8375E+01  4.9419E-04
 -1.8363E+01  4.9739E-04
 -1.8351E+01  4.9166E-04
 -1.8340E+01  4.7534E-04
 -1.8328E+01  4.4876E-04
 -1.8316E+01  4.1285E-04
 -1.8304E+01  3.6844E-04
 -1.8292E+01  3.1669E-04
 -1.8280E+01  2.6000E-04
 -1.8268E+01  2.0286E-04
 -1.8256E+01  1.5188E-04
 -1.8244E+01  1.1465E-04
 -1.8232E+01  9.7648E-05
 -1.8220E+01  1.0388E-04
 -1.8209E+01  1.3122E-04
 -1.8197E+01  1.7212E-04
 -1.8185E+01  2.1519E-04
 -1.8173E+01  2.4823E-04
 -1.8161E+01  2.6184E-04
 -1.8149E+01  2.5252E-04
 -1.8137E+01  2.2398E-04
 -1.8125E+01  1.8640E-04
 -1.8113E+01  1.5361E-04
 -1.8101E+01  1.3906E-04
 -1.8089E+01  1.5179E-04
 -1.8078E+01  1.9370E-04
 -1.8066E+01  2.5887E-04
 -1.8054E+01  3.3512E-04
 -1.8042E+01  4.0733E-04
 -1.8030E+01  4.6146E-04
 -1.8018E+01  4.8807E-04
 -1.8006E+01  4.8449E-04
 -1.7994E+01  4.5499E-04
 -1.7982E+01  4.0911E-04
 -1.7970E+01  3.5875E-04
 -1.7958E+01  3.1490E-04
 -1.7947E+01  2.8503E-04
 -1.7935E+01  2.7159E-04
 -1.7923E+01  2.7202E-04
 -1.7911E+01  2.8010E-04
 -1.7899E+01  2.8815E-04
 -1.7887E+01  2.8932E-04
 -1.7875E+01  2.7954E-04
 -1.7863E+01  2.5844E-04
 -1.7851E+01  2.2921E-04
 -1.7839E+01  1.9736E-04
 -1.7827E+01  1.6894E-04
 -1.7816E+01  1.4854E-04
 -1.7804E+01  1.3792E-04
 -1.7792E+01  1.3556E-04
 -1.7780E+01  1.3726E-04
 -1.7768E+01  1.3775E-04
 -1.7756E+01  1.3264E-04
 -1.7744E+01  1.2014E-04
 -1.7732E+01  1.0196E-04
 -1.7720E+01  8.2989E-05
 -1.7708E+01  6.9800E-05
 -1.7696E+01  6.8509E-05
 -1.7685E+01  8.2636E-05
 -1.7673E+01  1.1171E-04
 -1.7661E+01  1.5117E-04
 -1.7649E+01  1.9354E-04
 -1.7637E+01  2.3073E-04
 -1.7625E+01  2.5639E-04
 -1.7613E+01  2.6789E-04
 -1.7601E+01  2.6703E-04
 -1.7589E+01  2.5943E-04
 -1.7577E+01  2.5284E-04
 -1.7565E+01  2.5488E-04
 -1.7554E+01  2.7094E-04
 -1.7542E+01  3.0286E-04
 -1.7530E+01  3.4877E-04
 -1.7518E+01  4.0383E-04
 -1.7506E+01  4.6161E-04
 -1.7494E+01  5.1572E-04
 -1.7482E+01  5.6100E-04
 -1.7470E+01  5.9426E-04
 -1.7458E+01  6.1433E-04
 -1.7446E+01  6.2168E-04
 -1.7435E+01  6.1776E-04
 -1.7423E+01  6.0446E-04
 -1.7411E+01  5.8365E-04
 -1.7399E+01  5.5690E-04
 -1.7387E+01  5.2549E-04
 -1.7375E+01  4.9047E-04
 -1.7363E+01  4.5296E-04
 -1.7351E+01  4.1439E-04
 -1.7339E+01  3.7671E-04
 -1.7327E+01  3.4245E-04
 -1.7315E+01  3.1431E-04
 -1.7304E+01  2.9449E-04
 -1.7292E+01  2.8387E-04
 -1.7280E+01  2.8127E-04
 -1.7268E+01  2.8326E-04
 -1.7256E+01  2.8474E-04
 -1.7244E+01  2.8025E-04
 -1.7232E+01  2.6575E-04
 -1.7220E+01  2.4032E-04
 -1.7208E+01  2.0718E-04
 -1.7196E+01  1.7350E-04
 -1.7184E+01  1.4909E-04
 -1.7173E+01  1.4423E-04
 -1.7161E+01  1.6730E-04
 -1.7149E+01  2.2301E-04
 -1.7137E+01  3.1152E-04
 -1.7125E+01  4.2877E-04
 -1.7113E+01  5.6741E-04
 -1.7101E+01  7.1792E-04
 -1.7089E+01  8.6941E-04
 -1.7077E+01  1.0100E-03
 -1.7065E+01  1.1276E-03
 -1.7053E+01  1.2110E-03
 -1.7042E+01  1.2524E-03
 -1.7030E+01  1.2513E-03
 -1.7018E+01  1.2176E-03
 -1.7006E+01  1.1735E-03
 -1.6994E+01  1.1517E-03
 -1.6982E+01  1.1898E-03
 -1.6970E+01  1.3204E-03
 -1.6958E+01  1.5600E-03
 -1.6946E+01  1.8995E-03
 -1.6934E+01  2.3002E-03
 -1.6922E+01  2.6983E-03
 -1.6911E+01  3.0176E-03
 -1.6899E+01  3.1877E-03
 -1.6887E+01  3.1632E-03
 -1.6875E+01  2.9384E-03
 -1.6863E+01  2.5516E-03
 -1.6851E+01  2.0770E-03
 -1.6839E+01  1.6066E-03
 -1.6827E+01  1.2266E-03
 -1.6815E+01  9.9572E-04
 -1.6803E+01  9.3137E-04
 -1.6791E+01  1.0077E-03
 -1.6780E+01  1.1661E-03
 -1.6768E+01  1.3347E-03
 -1.6756E+01  1.4494E-03
 -1.6744E+01  1.4709E-03
 -1.6732E+01  1.3919E-03
 -1.6720E+01  1.2339E-03
 -1.6708E+01  1.0357E-03
 -1.6696E+01  8.3795E-04
 -1.6684E+01  6.7059E-04
 -1.6672E+01  5.4631E-04
 -1.6660E+01  4.6253E-04
 -1.6649E+01  4.0893E-04
 -1.6637E+01  3.7677E-04
 -1.6625E+01  3.6539E-04
 -1.6613E+01  3.8279E-04
 -1.6601E+01  4.4019E-04
 -1.6589E+01  5.4302E-04
 -1.6577E+01  6.8296E-04
 -1.6565E+01  8.3505E-04
 -1.6553E+01  9.6215E-04
 -1.6541E+01  1.0262E-03
 -1.6529E+01  1.0020E-03
 -1.6518E+01  8.8961E-04
 -1.6506E+01  7.1787E-04
 -1.6494E+01  5.3949E-04
 -1.6482E+01  4.1663E-04
 -1.6470E+01  4.0213E-04
 -1.6458E+01  5.2215E-04
 -1.6446E+01  7.6617E-04
 -1.6434E+01  1.0879E-03
 -1.6422E+01  1.4172E-03
 -1.6410E+01  1.6795E-03
 -1.6398E+01  1.8160E-03
 -1.6387E+01  1.7994E-03
 -1.6375E+01  1.6397E-03
 -1.6363E+01  1.3799E-03
 -1.6351E+01  1.0821E-03
 -1.6339E+01  8.0910E-04
 -1.6327E+01  6.0854E-04
 -1.6315E+01  5.0220E-04
 -1.6303E+01  4.8456E-04
 -1.6291E+01  5.2896E-04
 -1.6279E+01  5.9880E-04
 -1.6267E+01  6.5955E-04
 -1.6256E+01  6.8778E-04
 -1.6244E+01  6.7497E-04
 -1.6232E+01  6.2588E-04
 -1.6220E+01  5.5334E-04
 -1.6208E+01  4.7190E-04
 -1.6196E+01  3.9283E-04
 -1.6184E+01  3.2196E-04
 -1.6172E+01  2.6040E-04
 -1.6160E+01  2.0707E-04
 -1.6148E+01  1.6152E-04
 -1.6136E+01  1.2538E-04
 -1.6125E+01  1.0203E-04
 -1.6113E+01  9.4628E-05
 -1.6101E+01  1.0372E-04
 -1.6089E+01  1.2562E-04
 -1.6077E+01  1.5255E-04
 -1.6065E+01  1.7465E-04
 -1.6053E+01  1.8320E-04
 -1.6041E+01  1.7370E-04
 -1.6029E+01  1.4780E-04
 -1.6017E+01  1.1313E-04
 -1.6005E+01  8.0997E-05
 -1.5994E+01  6.2764E-05
 -1.5982E+01  6.6134E-05
 -1.5970E+01  9.2583E-05
 -1.5958E+01  1.3678E-04
 -1.5946E+01  1.8814E-04
 -1.5934E+01  2.3394E-04
 -1.5922E+01  2.6307E-04
 -1.5910E+01  2.6905E-04
 -1.5898E+01  2.5168E-04
 -1.5886E+01  2.1667E-04
 -1.5874E+01  1.7379E-04
 -1.5863E+01  1.3391E-04
 -1.5851E+01  1.0613E-04
 -1.5839E+01  9.5484E-05
 -1.5827E+01  1.0197E-04
 -1.5815E+01  1.2099E-04
 -1.5803E+01  1.4499E-04
 -1.5791E+01  1.6566E-04
 -1.5779E+01  1.7622E-04
 -1.5767E+01  1.7316E-04
 -1.5755E+01  1.5697E-04
 -1.5743E+01  1.3178E-04
 -1.5732E+01  1.0401E-04
 -1.5720E+01  8.0429E-05
 -1.5708E+01  6.6183E-05
 -1.5696E+01  6.3384E-05
 -1.5684E+01  7.0592E-05
 -1.5672E+01  8.3389E-05
 -1.5660E+01  9.5882E-05
 -1.5648E+01  1.0267E-04
 -1.5636E+01  1.0063E-04
 -1.5624E+01  8.9958E-05
 -1.5612E+01  7.4143E-05
 -1.5601E+01  5.8827E-05
 -1.5589E+01  4.9998E-05
 -1.5577E+01  5.2080E-05
 -1.5565E+01  6.6562E-05
 -1.5553E+01  9.1661E-05
 -1.5541E+01  1.2306E-04
 -1.5529E+01  1.5538E-04
 -1.5517E+01  1.8390E-04
 -1.5505E+01  2.0585E-04
 -1.5493E+01  2.2087E-04
 -1.5481E+01  2.3066E-04
 -1.5470E+01  2.3792E-04
 -1.5458E+01  2.4521E-04
 -1.5446E+01  2.5419E-04
 -1.5434E+01  2.6546E-04
 -1.5422E+01  2.7907E-04
 -1.5410E+01  2.9530E-04
 -1.5398E+01  3.1519E-04
 -1.5386E+01  3.4054E-04
 -1.5374E+01  3.7320E-04
 -1.5362E+01  4.1391E-04
 -1.5350E+01  4.6114E-04
 -1.5339E+01  5.1058E-04
 -1.5327E+01  5.5552E-04
 -1.5315E+01  5.8822E-04
 -1.5303E+01  6.0181E-04
 -1.5291E+01  5.9219E-04
 -1.5279E+01  5.5928E-04
 -1.5267E+01  5.0727E-04
 -1.5255E+01  4.4377E-04
 -1.5243E+01  3.7818E-04
 -1.5231E+01  3.1963E-04
 -1.5219E+01  2.7512E-04
 -1.5208E+01  2.4827E-04
 -1.5196E+01  2.3890E-04
 -1.5184E+01  2.4349E-04
 -1.5172E+01  2.5614E-04
 -1.5160E+01  2.6998E-04
 -1.5148E+01  2.7849E-04
 -1.5136E+01  2.7678E-04
 -1.5124E+01  2.6249E-04
 -1.5112E+01  2.3615E-04
 -1.5100E+01  2.0110E-04
 -1.5088E+01  1.6294E-04
 -1.5077E+01  1.2850E-04
 -1.5065E+01  1.0481E-04
 -1.5053E+01  9.8121E-05
 -1.5041E+01  1.1343E-04
 -1.5029E+01  1.5443E-04
 -1.5017E+01  2.2362E-04
 -1.5005E+01  3.2224E-04
 -1.4993E+01  4.4951E-04
 -1.4981E+01  6.0120E-04
 -1.4969E+01  7.6788E-04
 -1.4957E+01  9.3397E-04
 -1.4946E+01  1.0785E-03
 -1.4934E+01  1.1786E-03
 -1.4922E+01  1.2153E-03
 -1.4910E+01  1.1812E-03
 -1.4898E+01  1.0872E-03
 -1.4886E+01  9.6506E-04
 -1.4874E+01  8.6423E-04
 -1.4862E+01  8.4177E-04
 -1.4850E+01  9.4679E-04
 -1.4838E+01  1.2039E-03
 -1.4826E+01  1.6005E-03
 -1.4815E+01  2.0832E-03
 -1.4803E+01  2.5655E-03
 -1.4791E+01  2.9474E-03
 -1.4779E+01  3.1408E-03
 -1.4767E+01  3.0941E-03
 -1.4755E+01  2.8088E-03
 -1.4743E+01  2.3411E-03
 -1.4731E+01  1.7898E-03
 -1.4719E+01  1.2704E-03
 -1.4707E+01  8.8439E-04
 -1.4695E+01  6.9306E-04
 -1.4684E+01  7.0269E-04
 -1.4672E+01  8.6704E-04
 -1.4660E+01  1.1046E-03
 -1.4648E+01  1.3250E-03
 -1.4636E+01  1.4557E-03
 -1.4624E+01  1.4611E-03
 -1.4612E+01  1.3475E-03
 -1.4600E+01  1.1539E-03
 -1.4588E+01  9.3432E-04
 -1.4576E+01  7.3710E-04
 -1.4564E+01  5.9073E-04
 -1.4553E+01  4.9928E-04
 -1.4541E+01  4.4866E-04
 -1.4529E+01  4.1955E-04
 -1.4517E+01  4.0077E-04
 -1.4505E+01  3.9666E-04
 -1.4493E+01  4.2505E-04
 -1.4481E+01  5.0696E-04
 -1.4469E+01  6.5228E-04
 -1.4457E+01  8.4841E-04
 -1.4445E+01  1.0575E-03
 -1.4433E+01  1.2248E-03
 -1.4422E+01  1.2969E-03
 -1.4410E+01  1.2413E-03
 -1.4398E+01  1.0632E-03
 -1.4386E+01  8.0909E-04
 -1.4374E+01  5.5779E-04
 -1.4362E+01  3.9809E-04
 -1.4350E+01  4.0130E-04
 -1.4338E+01  5.9732E-04
 -1.4326E+01  9.6251E-04
 -1.4314E+01  1.4236E-03
 -1.4302E+01  1.8764E-03
 -1.4291E+01  2.2143E-03
 -1.4279E+01  2.3580E-03
 -1.4267E+01  2.2763E-03
 -1.4255E+01  1.9927E-03
 -1.4243E+01  1.5769E-03
 -1.4231E+01  1.1228E-03
 -1.4219E+01  7.2331E-04
 -1.4207E+01  4.4690E-04
 -1.4195E+01  3.2307E-04
 -1.4183E+01  3.4025E-04
 -1.4171E+01  4.5490E-04
 -1.4160E+01  6.0793E-04
 -1.4148E+01  7.4247E-04
 -1.4136E+01  8.1788E-04
 -1.4124E+01  8.1688E-04
 -1.4112E+01  7.4497E-04
 -1.4100E+01  6.2385E-04
 -1.4088E+01  4.8187E-04
 -1.4076E+01  3.4501E-04
 -1.4064E+01  2.3104E-04
 -1.4052E+01  1.4756E-04
 -1.4040E+01  9.3503E-05
 -1.4029E+01  6.2559E-05
 -1.4017E+01  4.6923E-05
 -1.4005E+01  4.0100E-05
 -1.3993E+01  3.8100E-05
 -1.3981E+01  3.9197E-05
 -1.3969E+01  4.2854E-05
 -1.3957E+01  4.8569E-05
 -1.3945E+01  5.5192E-05
 -1.3933E+01  6.0926E-05
 -1.3921E+01  6.3881E-05
 -1.3909E+01  6.2831E-05
 -1.3898E+01  5.7781E-05
 -1.3886E+01  5.0103E-05
 -1.3874E+01  4.2184E-05
 -1.3862E+01  3.6722E-05
 -1.3850E+01  3.5890E-05
 -1.3838E+01  4.0646E-05
 -1.3826E+01  5.0416E-05
 -1.3814E+01  6.3228E-05
 -1.3802E+01  7.6254E-05
 -1.3790E+01  8.6593E-05
 -1.3778E+01  9.2062E-05
 -1.3767E+01  9.1789E-05
 -1.3755E+01  8.6408E-05
 -1.3743E+01  7.7802E-05
 -1.3731E+01  6.8480E-05
 -1.3719E+01  6.0792E-05
 -1.3707E+01  5.6240E-05
 -1.3695E+01  5.5106E-05
 -1.3683E+01  5.6481E-05
 -1.3671E+01  5.8696E-05
 -1.3659E+01  5.9970E-05
 -1.3647E+01  5.9049E-05
 -1.3636E+01  5.5598E-05
 -1.3624E+01  5.0240E-05
 -1.3612E+01  4.4247E-05
 -1.3600E+01  3.9025E-05
 -1.3588E+01  3.5585E-05
 -1.3576E+01  3.4204E-05
 -1.3564E+01  3.4381E-05
 -1.3552E+01  3.5096E-05
 -1.3540E+01  3.5228E-05
 -1.3528E+01  3.3979E-05
 -1.3517E+01  3.1148E-05
 -1.3505E+01  2.7171E-05
 -1.3493E+01  2.2942E-05
 -1.3481E+01  1.9510E-05
 -1.3469E+01  1.7778E-05
 -1.3457E+01  1.8308E-05
 -1.3445E+01  2.1284E-05
 -1.3433E+01  2.6576E-05
 -1.3421E+01  3.3872E-05
 -1.3409E+01  4.2770E-05
 -1.3397E+01  5.2812E-05
 -1.3386E+01  6.3445E-05
 -1.3374E+01  7.3959E-05
 -1.3362E+01  8.3478E-05
 -1.3350E+01  9.1056E-05
 -1.3338E+01  9.5897E-05
 -1.3326E+01  9.7661E-05
 -1.3314E+01  9.6740E-05
 -1.3302E+01  9.4403E-05
 -1.3290E+01  9.2694E-05
 -1.3278E+01  9.4077E-05
 -1.3266E+01  1.0086E-04
 -1.3255E+01  1.1455E-04
 -1.3243E+01  1.3524E-04
 -1.3231E+01  1.6130E-04
 -1.3219E+01  1.8947E-04
 -1.3207E+01  2.1536E-04
 -1.3195E+01  2.3433E-04
 -1.3183E+01  2.4255E-04
 -1.3171E+01  2.3796E-04
 -1.3159E+01  2.2090E-04
 -1.3147E+01  1.9421E-04
 -1.3135E+01  1.6259E-04
 -1.3124E+01  1.3151E-04
 -1.3112E+01  1.0598E-04
 -1.3100E+01  8.9346E-05
 -1.3088E+01  8.2679E-05
 -1.3076E+01  8.4655E-05
 -1.3064E+01  9.2111E-05
 -1.3052E+01  1.0103E-04
 -1.3040E+01  1.0764E-04
 -1.3028E+01  1.0939E-04
 -1.3016E+01  1.0535E-04
 -1.3004E+01  9.6229E-05
 -1.2993E+01  8.3881E-05
 -1.2981E+01  7.0544E-05
 -1.2969E+01  5.8163E-05
 -1.2957E+01  4.8018E-05
 -1.2945E+01  4.0800E-05
 -1.2933E+01  3.7094E-05
 -1.2921E+01  3.8027E-05
 -1.2909E+01  4.5765E-05
 -1.2897E+01  6.3523E-05
 -1.2885E+01  9.4891E-05
 -1.2873E+01  1.4251E-04
 -1.2862E+01  2.0644E-04
 -1.2850E+01  2.8277E-04
 -1.2838E+01  3.6302E-04
 -1.2826E+01  4.3507E-04
 -1.2814E+01  4.8558E-04
 -1.2802E+01  5.0386E-04
 -1.2790E+01  4.8591E-04
 -1.2778E+01  4.3743E-04
 -1.2766E+01  3.7452E-04
 -1.2754E+01  3.2132E-04
 -1.2742E+01  3.0469E-04
 -1.2731E+01  3.4687E-04
 -1.2719E+01  4.5809E-04
 -1.2707E+01  6.3139E-04
 -1.2695E+01  8.4197E-04
 -1.2683E+01  1.0514E-03
 -1.2671E+01  1.2166E-03
 -1.2659E+01  1.3004E-03
 -1.2647E+01  1.2826E-03
 -1.2635E+01  1.1661E-03
 -1.2623E+01  9.7720E-04
 -1.2611E+01  7.5871E-04
 -1.2600E+01  5.5842E-04
 -1.2588E+01  4.1617E-04
 -1.2576E+01  3.5367E-04
 -1.2564E+01  3.6969E-04
 -1.2552E+01  4.4230E-04
 -1.2540E+01  5.3722E-04
 -1.2528E+01  6.1940E-04
 -1.2516E+01  6.6361E-04
 -1.2504E+01  6.6072E-04
 -1.2492E+01  6.1785E-04
 -1.2480E+01  5.5309E-04
 -1.2469E+01  4.8690E-04
 -1.2457E+01  4.3382E-04
 -1.2445E+01  3.9794E-04
 -1.2433E+01  3.7364E-04
 -1.2421E+01  3.5123E-04
 -1.2409E+01  3.2445E-04
 -1.2397E+01  2.9653E-04
 -1.2385E+01  2.8181E-04
 -1.2373E+01  3.0135E-04
 -1.2361E+01  3.7408E-04
 -1.2349E+01  5.0661E-04
 -1.2338E+01  6.8635E-04
 -1.2326E+01  8.8093E-04
 -1.2314E+01  1.0454E-03
 -1.2302E+01  1.1356E-03
 -1.2290E+01  1.1235E-03
 -1.2278E+01  1.0099E-03
 -1.2266E+01  8.2757E-04
 -1.2254E+01  6.3475E-04
 -1.2242E+01  4.9971E-04
 -1.2230E+01  4.8065E-04
 -1.2218E+01  6.0729E-04
 -1.2207E+01  8.6981E-04
 -1.2195E+01  1.2192E-03
 -1.2183E+01  1.5796E-03
 -1.2171E+01  1.8683E-03
 -1.2159E+01  2.0183E-03
 -1.2147E+01  1.9952E-03
 -1.2135E+01  1.8062E-03
 -1.2123E+01  1.4967E-03
 -1.2111E+01  1.1371E-03
 -1.2099E+01  8.0275E-04
 -1.2087E+01  5.5443E-04
 -1.2076E+01  4.2441E-04
 -1.2064E+01  4.1193E-04
 -1.2052E+01  4.8770E-04
 -1.2040E+01  6.0543E-04
 -1.2028E+01  7.1632E-04
 -1.2016E+01  7.8220E-04
 -1.2004E+01  7.8343E-04
 -1.1992E+01  7.2052E-04
 -1.1980E+01  6.1011E-04
 -1.1968E+01  4.7754E-04
 -1.1956E+01  3.4875E-04
 -1.1945E+01  2.4351E-04
 -1.1933E+01  1.7174E-04
 -1.1921E+01  1.3331E-04
 -1.1909E+01  1.2056E-04
 -1.1897E+01  1.2227E-04
 -1.1885E+01  1.2776E-04
 -1.1873E+01  1.3007E-04
 -1.1861E+01  1.2776E-04
 -1.1849E+01  1.2492E-04
 -1.1837E+01  1.2953E-04
 -1.1825E+01  1.5049E-04
 -1.1814E+01  1.9414E-04
 -1.1802E+01  2.6096E-04
 -1.1790E+01  3.4367E-04
 -1.1778E+01  4.2758E-04
 -1.1766E+01  4.9369E-04
 -1.1754E+01  5.2423E-04
 -1.1742E+01  5.0900E-04
 -1.1730E+01  4.5044E-04
 -1.1718E+01  3.6564E-04
 -1.1706E+01  2.8375E-04
 -1.1694E+01  2.3900E-04
 -1.1683E+01  2.6059E-04
 -1.1671E+01  3.6251E-04
 -1.1659E+01  5.3701E-04
 -1.1647E+01  7.5421E-04
 -1.1635E+01  9.6844E-04
 -1.1623E+01  1.1300E-03
 -1.1611E+01  1.1990E-03
 -1.1599E+01  1.1576E-03
 -1.1587E+01  1.0155E-03
 -1.1575E+01  8.0704E-04
 -1.1563E+01  5.8163E-04
 -1.1552E+01  3.8910E-04
 -1.1540E+01  2.6638E-04
 -1.1528E+01  2.2828E-04
 -1.1516E+01  2.6539E-04
 -1.1504E+01  3.4932E-04
 -1.1492E+01  4.4325E-04
 -1.1480E+01  5.1366E-04
 -1.1468E+01  5.3948E-04
 -1.1456E+01  5.1601E-04
 -1.1444E+01  4.5342E-04
 -1.1432E+01  3.7081E-04
 -1.1421E+01  2.8858E-04
 -1.1409E+01  2.2188E-04
 -1.1397E+01  1.7738E-04
 -1.1385E+01  1.5373E-04
 -1.1373E+01  1.4461E-04
 -1.1361E+01  1.4260E-04
 -1.1349E+01  1.4227E-04
 -1.1337E+01  1.4132E-04
 -1.1325E+01  1.3993E-04
 -1.1313E+01  1.3910E-04
 -1.1301E+01  1.3904E-04
 -1.1290E+01  1.3872E-04
 -1.1278E+01  1.3637E-04
 -1.1266E+01  1.3086E-04
 -1.1254E+01  1.2279E-04
 -1.1242E+01  1.1486E-04
 -1.1230E+01  1.1105E-04
 -1.1218E+01  1.1507E-04
 -1.1206E+01  1.2876E-04
 -1.1194E+01  1.5116E-04
 -1.1182E+01  1.7864E-04
 -1.1170E+01  2.0597E-04
 -1.1159E+01  2.2795E-04
 -1.1147E+01  2.4080E-04
 -1.1135E+01  2.4298E-04
 -1.1123E+01  2.3513E-04
 -1.1111E+01  2.1965E-04
 -1.1099E+01  2.0000E-04
 -1.1087E+01  1.8022E-04
 -1.1075E+01  1.6438E-04
 -1.1063E+01  1.5617E-04
 -1.1051E+01  1.5812E-04
 -1.1039E+01  1.7080E-04
 -1.1028E+01  1.9209E-04
 -1.1016E+01  2.1709E-04
 -1.1004E+01  2.3903E-04
 -1.0992E+01  2.5107E-04
 -1.0980E+01  2.4878E-04
 -1.0968E+01  2.3205E-04
 -1.0956E+01  2.0560E-04
 -1.0944E+01  1.7785E-04
 -1.0932E+01  1.5808E-04
 -1.0920E+01  1.5308E-04
 -1.0908E+01  1.6449E-04
 -1.0897E+01  1.8814E-04
 -1.0885E+01  2.1582E-04
 -1.0873E+01  2.3890E-04
 -1.0861E+01  2.5224E-04
 -1.0849E+01  2.5660E-04
 -1.0837E+01  2.5857E-04
 -1.0825E+01  2.6761E-04
 -1.0813E+01  2.9136E-04
 -1.0801E+01  3.3135E-04
 -1.0789E+01  3.8102E-04
 -1.0777E+01  4.2744E-04
 -1.0766E+01  4.5593E-04
 -1.0754E+01  4.5638E-04
 -1.0742E+01  4.2846E-04
 -1.0730E+01  3.8362E-04
 -1.0718E+01  3.4242E-04
 -1.0706E+01  3.2810E-04
 -1.0694E+01  3.5862E-04
 -1.0682E+01  4.4018E-04
 -1.0670E+01  5.6430E-04
 -1.0658E+01  7.0970E-04
 -1.0646E+01  8.4836E-04
 -1.0635E+01  9.5363E-04
 -1.0623E+01  1.0074E-03
 -1.0611E+01  1.0040E-03
 -1.0599E+01  9.5032E-04
 -1.0587E+01  8.6297E-04
 -1.0575E+01  7.6321E-04
 -1.0563E+01  6.7214E-04
 -1.0551E+01  6.0675E-04
 -1.0539E+01  5.7753E-04
 -1.0527E+01  5.8757E-04
 -1.0515E+01  6.3262E-04
 -1.0504E+01  7.0169E-04
 -1.0492E+01  7.7842E-04
 -1.0480E+01  8.4368E-04
 -1.0468E+01  8.7945E-04
 -1.0456E+01  8.7358E-04
 -1.0444E+01  8.2412E-04
 -1.0432E+01  7.4139E-04
 -1.0420E+01  6.4675E-04
 -1.0408E+01  5.6735E-04
 -1.0396E+01  5.2792E-04
 -1.0384E+01  5.4205E-04
 -1.0373E+01  6.0643E-04
 -1.0361E+01  7.0076E-04
 -1.0349E+01  7.9398E-04
 -1.0337E+01  8.5480E-04
 -1.0325E+01  8.6327E-04
 -1.0313E+01  8.1901E-04
 -1.0301E+01  7.4262E-04
 -1.0289E+01  6.6900E-04
 -1.0277E+01  6.3464E-04
 -1.0265E+01  6.6382E-04
 -1.0253E+01  7.5889E-04
 -1.0242E+01  8.9826E-04
 -1.0230E+01  1.0432E-03
 -1.0218E+01  1.1512E-03
 -1.0206E+01  1.1919E-03
 -1.0194E+01  1.1580E-03
 -1.0182E+01  1.0687E-03
 -1.0170E+01  9.6241E-04
 -1.0158E+01  8.8434E-04
 -1.0146E+01  8.7044E-04
 -1.0134E+01  9.3498E-04
 -1.0122E+01  1.0653E-03
 -1.0111E+01  1.2262E-03
 -1.0099E+01  1.3710E-03
 -1.0087E+01  1.4569E-03
 -1.0075E+01  1.4575E-03
 -1.0063E+01  1.3703E-03
 -1.0051E+01  1.2172E-03
 -1.0039E+01  1.0368E-03
 -1.0027E+01  8.7247E-04
 -1.0015E+01  7.5962E-04
 -1.0003E+01  7.1693E-04
 -9.9915E+00  7.4292E-04
 -9.9796E+00  8.1830E-04
 -9.9677E+00  9.1285E-04
 -9.9558E+00  9.9439E-04
 -9.9439E+00  1.0371E-03
 -9.9319E+00  1.0272E-03
 -9.9200E+00  9.6391E-04
 -9.9081E+00  8.5826E-04
 -9.8962E+00  7.2840E-04
 -9.8843E+00  5.9479E-04
 -9.8724E+00  4.7538E-04
 -9.8605E+00  3.8245E-04
 -9.8486E+00  3.2144E-04
 -9.8367E+00  2.9175E-04
 -9.8248E+00  2.8860E-04
 -9.8129E+00  3.0501E-04
 -9.8010E+00  3.3317E-04
 -9.7890E+00  3.6512E-04
 -9.7771E+00  3.9311E-04
 -9.7652E+00  4.1026E-04
 -9.7533E+00  4.1219E-04
 -9.7414E+00  3.9922E-04
 -9.7295E+00  3.7863E-04
 -9.7176E+00  3.6515E-04
 -9.7057E+00  3.7862E-04
 -9.6938E+00  4.3817E-04
 -9.6819E+00  5.5418E-04
 -9.6700E+00  7.2089E-04
 -9.6580E+00  9.1311E-04
 -9.6461E+00  1.0894E-03
 -9.6342E+00  1.2025E-03
 -9.6223E+00  1.2152E-03
 -9.6104E+00  1.1173E-03
 -9.5985E+00  9.3513E-04
 -9.5866E+00  7.3074E-04
 -9.5747E+00  5.8669E-04
 -9.5628E+00  5.8197E-04
 -9.5509E+00  7.6515E-04
 -9.5390E+00  1.1335E-03
 -9.5271E+00  1.6267E-03
 -9.5151E+00  2.1390E-03
 -9.5032E+00  2.5483E-03
 -9.4913E+00  2.7517E-03
 -9.4794E+00  2.6957E-03
 -9.4675E+00  2.3932E-03
 -9.4556E+00  1.9211E-03
 -9.4437E+00  1.3978E-03
 -9.4318E+00  9.4745E-04
 -9.4199E+00  6.6373E-04
 -9.4080E+00  5.8484E-04
 -9.3961E+00  6.8813E-04
 -9.3841E+00  9.0338E-04
 -9.3722E+00  1.1393E-03
 -9.3603E+00  1.3135E-03
 -9.3484E+00  1.3763E-03
 -9.3365E+00  1.3203E-03
 -9.3246E+00  1.1739E-03
 -9.3127E+00  9.8479E-04
 -9.3008E+00  8.0053E-04
 -9.2889E+00  6.5374E-04
 -9.2770E+00  5.5568E-04
 -9.2651E+00  4.9929E-04
 -9.2531E+00  4.6867E-04
 -9.2412E+00  4.4967E-04
 -9.2293E+00  4.3672E-04
 -9.2174E+00  4.3383E-04
 -9.2055E+00  4.5050E-04
 -9.1936E+00  4.9524E-04
 -9.1817E+00  5.6982E-04
 -9.1698E+00  6.6694E-04
 -9.1579E+00  7.7183E-04
 -9.1460E+00  8.6652E-04
 -9.1341E+00  9.3463E-04
 -9.1222E+00  9.6520E-04
 -9.1102E+00  9.5513E-04
 -9.0983E+00  9.1028E-04
 -9.0864E+00  8.4547E-04
 -9.0745E+00  7.8331E-04
 -9.0626E+00  7.5157E-04
 -9.0507E+00  7.7836E-04
 -9.0388E+00  8.8514E-04
 -9.0269E+00  1.0786E-03
 -9.0150E+00  1.3439E-03
 -9.0031E+00  1.6432E-03
 -8.9912E+00  1.9209E-03
 -8.9792E+00  2.1169E-03
 -8.9673E+00  2.1832E-03
 -8.9554E+00  2.0995E-03
 -8.9435E+00  1.8825E-03
 -8.9316E+00  1.5842E-03
 -8.9197E+00  1.2780E-03
 -8.9078E+00  1.0368E-03
 -8.8959E+00  9.0977E-04
 -8.8840E+00  9.0859E-04
 -8.8721E+00  1.0060E-03
 -8.8602E+00  1.1477E-03
 -8.8482E+00  1.2727E-03
 -8.8363E+00  1.3350E-03
 -8.8244E+00  1.3178E-03
 -8.8125E+00  1.2344E-03
 -8.8006E+00  1.1189E-03
 -8.7887E+00  1.0090E-03
 -8.7768E+00  9.3204E-04
 -8.7649E+00  8.9638E-04
 -8.7530E+00  8.9320E-04
 -8.7411E+00  9.0568E-04
 -8.7292E+00  9.2078E-04
 -8.7173E+00  9.3718E-04
 -8.7053E+00  9.6627E-04
 -8.6934E+00  1.0267E-03
 -8.6815E+00  1.1363E-03
 -8.6696E+00  1.3051E-03
 -8.6577E+00  1.5344E-03
 -8.6458E+00  1.8191E-03
 -8.6339E+00  2.1525E-03
 -8.6220E+00  2.5266E-03
 -8.6101E+00  2.9273E-03
 -8.5982E+00  3.3261E-03
 -8.5863E+00  3.6754E-03
 -8.5743E+00  3.9132E-03
 -8.5624E+00  3.9822E-03
 -8.5505E+00  3.8587E-03
 -8.5386E+00  3.5794E-03
 -8.5267E+00  3.2545E-03
 -8.5148E+00  3.0549E-03
 -8.5029E+00  3.1681E-03
 -8.4910E+00  3.7333E-03
 -8.4791E+00  4.7749E-03
 -8.4672E+00  6.1646E-03
 -8.4553E+00  7.6328E-03
 -8.4433E+00  8.8310E-03
 -8.4314E+00  9.4334E-03
 -8.4195E+00  9.2463E-03
 -8.4076E+00  8.2881E-03
 -8.3957E+00  6.8005E-03
 -8.3838E+00  5.1803E-03
 -8.3719E+00  3.8536E-03
 -8.3600E+00  3.1391E-03
 -8.3481E+00  3.1485E-03
 -8.3362E+00  3.7584E-03
 -8.3243E+00  4.6655E-03
 -8.3124E+00  5.5099E-03
 -8.3004E+00  6.0152E-03
 -8.2885E+00  6.0860E-03
 -8.2766E+00  5.8250E-03
 -8.2647E+00  5.4649E-03
 -8.2528E+00  5.2471E-03
 -8.2409E+00  5.2974E-03
 -8.2290E+00  5.5589E-03
 -8.2171E+00  5.8248E-03
 -8.2052E+00  5.8637E-03
 -8.1933E+00  5.5861E-03
 -8.1814E+00  5.1759E-03
 -8.1694E+00  5.1195E-03
 -8.1575E+00  6.0922E-03
 -8.1456E+00  8.7156E-03
 -8.1337E+00  1.3264E-02
 -8.1218E+00  1.9443E-02
 -8.1099E+00  2.6332E-02
 -8.0980E+00  3.2547E-02
 -8.0861E+00  3.6596E-02
 -8.0742E+00  3.7355E-02
 -8.0623E+00  3.4509E-02
 -8.0504E+00  2.8803E-02
 -8.0384E+00  2.1957E-02
 -8.0265E+00  1.6268E-02
 -8.0146E+00  1.3998E-02
 -8.0027E+00  1.6722E-02
 -7.9908E+00  2.4816E-02
 -7.9789E+00  3.7240E-02
 -7.9670E+00  5.1735E-02
 -7.9551E+00  6.5368E-02
 -7.9432E+00  7.5275E-02
 -7.9313E+00  7.9365E-02
 -7.9194E+00  7.6812E-02
 -7.9075E+00  6.8253E-02
 -7.8955E+00  5.5598E-02
 -7.8836E+00  4.1517E-02
 -7.8717E+00  2.8734E-02
 -7.8598E+00  1.9358E-02
 -7.8479E+00  1.4452E-02
 -7.8360E+00  1.3917E-02
 -7.8241E+00  1.6669E-02
 -7.8122E+00  2.1036E-02
 -7.8003E+00  2.5264E-02
 -7.7884E+00  2.7953E-02
 -7.7765E+00  2.8343E-02
 -7.7645E+00  2.6367E-02
 -7.7526E+00  2.2528E-02
 -7.7407E+00  1.7668E-02
 -7.7288E+00  1.2696E-02
 -7.7169E+00  8.3468E-03
 -7.7050E+00  5.0438E-03
 -7.6931E+00  2.8810E-03
 -7.6812E+00  1.6994E-03
 -7.6693E+00  1.2112E-03
 -7.6574E+00  1.1191E-03
 -7.6455E+00  1.1987E-03
 -7.6335E+00  1.3307E-03
 -7.6216E+00  1.4863E-03
 -7.6097E+00  1.6845E-03
 -7.5978E+00  1.9451E-03
 -7.5859E+00  2.2577E-03
 -7.5740E+00  2.5743E-03
 -7.5621E+00  2.8238E-03
 -7.5502E+00  2.9413E-03
 -7.5383E+00  2.8976E-03
 -7.5264E+00  2.7167E-03
 -7.5145E+00  2.4744E-03
 -7.5026E+00  2.2791E-03
 -7.4906E+00  2.2421E-03
 -7.4787E+00  2.4454E-03
 -7.4668E+00  2.9160E-03
 -7.4549E+00  3.6135E-03
 -7.4430E+00  4.4365E-03
 -7.4311E+00  5.2447E-03
 -7.4192E+00  5.8897E-03
 -7.4073E+00  6.2477E-03
 -7.3954E+00  6.2476E-03
 -7.3835E+00  5.8884E-03
 -7.3716E+00  5.2397E-03
 -7.3596E+00  4.4241E-03
 -7.3477E+00  3.5863E-03
 -7.3358E+00  2.8585E-03
 -7.3239E+00  2.3330E-03
 -7.3120E+00  2.0463E-03
 -7.3001E+00  1.9777E-03
 -7.2882E+00  2.0614E-03
 -7.2763E+00  2.2079E-03
 -7.2644E+00  2.3289E-03
 -7.2525E+00  2.3574E-03
 -7.2406E+00  2.2605E-03
 -7.2286E+00  2.0412E-03
 -7.2167E+00  1.7320E-03
 -7.2048E+00  1.3817E-03
 -7.1929E+00  1.0401E-03
 -7.1810E+00  7.4571E-04
 -7.1691E+00  5.1876E-04
 -7.1572E+00  3.6185E-04
 -7.1453E+00  2.6433E-04
 -7.1334E+00  2.0898E-04
 -7.1215E+00  1.7850E-04
 -7.1096E+00  1.6002E-04
 -7.0977E+00  1.4677E-04
 -7.0857E+00  1.3724E-04
 -7.0738E+00  1.3283E-04
 -7.0619E+00  1.3528E-04
 -7.0500E+00  1.4484E-04
 -7.0381E+00  1.5970E-04
 -7.0262E+00  1.7660E-04
 -7.0143E+00  1.9217E-04
 -7.0024E+00  2.0420E-04
 -6.9905E+00  2.1240E-04
 -6.9786E+00  2.1822E-04
 -6.9667E+00  2.2414E-04
 -6.9547E+00  2.3263E-04
 -6.9428E+00  2.4520E-04
 -6.9309E+00  2.6196E-04
 -6.9190E+00  2.8192E-04
 -6.9071E+00  3.0357E-04
 -6.8952E+00  3.2567E-04
 -6.8833E+00  3.4776E-04
 -6.8714E+00  3.7013E-04
 -6.8595E+00  3.9334E-04
 -6.8476E+00  4.1728E-04
 -6.8357E+00  4.4027E-04
 -6.8237E+00  4.5882E-04
 -6.8118E+00  4.6806E-04
 -6.7999E+00  4.6312E-04
 -6.7880E+00  4.4102E-04
 -6.7761E+00  4.0229E-04
 -6.7642E+00  3.5167E-04
 -6.7523E+00  2.9738E-04
 -6.7404E+00  2.4913E-04
 -6.7285E+00  2.1560E-04
 -6.7166E+00  2.0209E-04
 -6.7047E+00  2.0908E-04
 -6.6928E+00  2.3198E-04
 -6.6808E+00  2.6243E-04
 -6.6689E+00  2.9056E-04
 -6.6570E+00  3.0769E-04
 -6.6451E+00  3.0834E-04
 -6.6332E+00  2.9146E-04
 -6.6213E+00  2.6033E-04
 -6.6094E+00  2.2155E-04
 -6.5975E+00  1.8318E-04
 -6.5856E+00  1.5289E-04
 -6.5737E+00  1.3652E-04
 -6.5618E+00  1.3746E-04
 -6.5498E+00  1.5676E-04
 -6.5379E+00  1.9346E-04
 -6.5260E+00  2.4503E-04
 -6.5141E+00  3.0753E-04
 -6.5022E+00  3.7565E-04
 -6.4903E+00  4.4268E-04
 -6.4784E+00  5.0083E-04
 -6.4665E+00  5.4224E-04
 -6.4546E+00  5.6089E-04
 -6.4427E+00  5.5515E-04
 -6.4308E+00  5.3029E-04
 -6.4188E+00  4.9946E-04
 -6.4069E+00  4.8215E-04
 -6.3950E+00  4.9995E-04
 -6.3831E+00  5.7024E-04
 -6.3712E+00  6.9961E-04
 -6.3593E+00  8.7900E-04
 -6.3474E+00  1.0830E-03
 -6.3355E+00  1.2743E-03
 -6.3236E+00  1.4139E-03
 -6.3117E+00  1.4719E-03
 -6.2998E+00  1.4377E-03
 -6.2879E+00  1.3248E-03
 -6.2759E+00  1.1687E-03
 -6.2640E+00  1.0174E-03
 -6.2521E+00  9.1621E-04
 -6.2402E+00  8.9241E-04
 -6.2283E+00  9.4650E-04
 -6.2164E+00  1.0530E-03
 -6.2045E+00  1.1710E-03
 -6.1926E+00  1.2619E-03
 -6.1807E+00  1.3058E-03
 -6.1688E+00  1.3114E-03
 -6.1569E+00  1.3128E-03
 -6.1449E+00  1.3537E-03
 -6.1330E+00  1.4646E-03
 -6.1211E+00  1.6457E-03
 -6.1092E+00  1.8609E-03
 -6.0973E+00  2.0515E-03
 -6.0854E+00  2.1666E-03
 -6.0735E+00  2.2005E-03
 -6.0616E+00  2.2202E-03
 -6.0497E+00  2.3673E-03
 -6.0378E+00  2.8282E-03
 -6.0259E+00  3.7753E-03
 -6.0140E+00  5.2937E-03
 -6.0020E+00  7.3189E-03
 -5.9901E+00  9.6152E-03
 -5.9782E+00  1.1811E-02
 -5.9663E+00  1.3485E-02
 -5.9544E+00  1.4289E-02
 -5.9425E+00  1.4063E-02
 -5.9306E+00  1.2925E-02
 -5.9187E+00  1.1286E-02
 -5.9068E+00  9.7759E-03
 -5.8949E+00  9.0863E-03
 -5.8830E+00  9.7750E-03
 -5.8710E+00  1.2096E-02
 -5.8591E+00  1.5894E-02
 -5.8472E+00  2.0606E-02
 -5.8353E+00  2.5374E-02
 -5.8234E+00  2.9255E-02
 -5.8115E+00  3.1460E-02
 -5.7996E+00  3.1545E-02
 -5.7877E+00  2.9514E-02
 -5.7758E+00  2.5804E-02
 -5.7639E+00  2.1180E-02
 -5.7520E+00  1.6546E-02
 -5.7400E+00  1.2719E-02
 -5.7281E+00  1.0241E-02
 -5.7162E+00  9.2711E-03
 -5.7043E+00  9.5941E-03
 -5.6924E+00  1.0721E-02
 -5.6805E+00  1.2044E-02
 -5.6686E+00  1.3009E-02
 -5.6567E+00  1.3246E-02
 -5.6448E+00  1.2631E-02
 -5.6329E+00  1.1273E-02
 -5.6210E+00  9.4389E-03
 -5.6091E+00  7.4560E-03
 -5.5971E+00  5.6209E-03
 -5.5852E+00  4.1319E-03
 -5.5733E+00  3.0619E-03
 -5.5614E+00  2.3739E-03
 -5.5495E+00  1.9675E-03
 -5.5376E+00  1.7341E-03
 -5.5257E+00  1.6025E-03
 -5.5138E+00  1.5620E-03
 -5.5019E+00  1.6587E-03
 -5.4900E+00  1.9675E-03
 -5.4781E+00  2.5508E-03
 -5.4661E+00  3.4184E-03
 -5.4542E+00  4.5014E-03
 -5.4423E+00  5.6489E-03
 -5.4304E+00  6.6516E-03
 -5.4185E+00  7.2906E-03
 -5.4066E+00  7.4047E-03
 -5.3947E+00  6.9554E-03
 -5.3828E+00  6.0654E-03
 -5.3709E+00  5.0146E-03
 -5.3590E+00  4.1885E-03
 -5.3471E+00  3.9881E-03
 -5.3351E+00  4.7175E-03
 -5.3232E+00  6.4785E-03
 -5.3113E+00  9.1087E-03
 -5.2994E+00  1.2191E-02
 -5.2875E+00  1.5138E-02
 -5.2756E+00  1.7328E-02
 -5.2637E+00  1.8264E-02
 -5.2518E+00  1.7714E-02
 -5.2399E+00  1.5787E-02
 -5.2280E+00  1.2920E-02
 -5.2161E+00  9.7567E-03
 -5.2042E+00  6.9710E-03
 -5.1922E+00  5.0866E-03
 -5.1803E+00  4.3497E-03
 -5.1684E+00  4.6845E-03
 -5.1565E+00  5.7404E-03
 -5.1446E+00  7.0179E-03
 -5.1327E+00  8.0288E-03
 -5.1208E+00  8.4351E-03
 -5.1089E+00  8.1230E-03
 -5.0970E+00  7.2019E-03
 -5.0851E+00  5.9368E-03
 -5.0732E+00  4.6430E-03
 -5.0612E+00  3.5774E-03
 -5.0493E+00  2.8679E-03
 -5.0374E+00  2.5014E-03
 -5.0255E+00  2.3633E-03
 -5.0136E+00  2.3049E-03
 -5.0017E+00  2.2070E-03
 -4.9898E+00  2.0206E-03
 -4.9779E+00  1.7704E-03
 -4.9660E+00  1.5265E-03
 -4.9541E+00  1.3614E-03
 -4.9422E+00  1.3147E-03
 -4.9302E+00  1.3779E-03
 -4.9183E+00  1.5025E-03
 -4.9064E+00  1.6234E-03
 -4.8945E+00  1.6871E-03
 -4.8826E+00  1.6706E-03
 -4.8707E+00  1.5840E-03
 -4.8588E+00  1.4601E-03
 -4.8469E+00  1.3383E-03
 -4.8350E+00  1.2510E-03
 -4.8231E+00  1.2179E-03
 -4.8112E+00  1.2467E-03
 -4.7993E+00  1.3366E-03
 -4.7873E+00  1.4808E-03
 -4.7754E+00  1.6646E-03
 -4.7635E+00  1.8613E-03
 -4.7516E+00  2.0322E-03
 -4.7397E+00  2.1335E-03
 -4.7278E+00  2.1311E-03
 -4.7159E+00  2.0183E-03
 -4.7040E+00  1.8259E-03
 -4.6921E+00  1.6184E-03
 -4.6802E+00  1.4743E-03
 -4.6683E+00  1.4570E-03
 -4.6563E+00  1.5874E-03
 -4.6444E+00  1.8305E-03
 -4.6325E+00  2.1049E-03
 -4.6206E+00  2.3145E-03
 -4.6087E+00  2.3875E-03
 -4.5968E+00  2.3072E-03
 -4.5849E+00  2.1206E-03
 -4.5730E+00  1.9201E-03
 -4.5611E+00  1.8050E-03
 -4.5492E+00  1.8386E-03
 -4.5373E+00  2.0225E-03
 -4.5253E+00  2.3002E-03
 -4.5134E+00  2.5893E-03
 -4.5015E+00  2.8244E-03
 -4.4896E+00  2.9918E-03
 -4.4777E+00  3.1375E-03
 -4.4658E+00  3.3405E-03
 -4.4539E+00  3.6638E-03
 -4.4420E+00  4.1067E-03
 -4.4301E+00  4.5861E-03
 -4.4182E+00  4.9594E-03
 -4.4063E+00  5.0835E-03
 -4.3944E+00  4.8893E-03
 -4.3824E+00  4.4352E-03
 -4.3705E+00  3.9100E-03
 -4.3586E+00  3.5746E-03
 -4.3467E+00  3.6664E-03
 -4.3348E+00  4.3037E-03
 -4.3229E+00  5.4281E-03
 -4.3110E+00  6.8112E-03
 -4.2991E+00  8.1303E-03
 -4.2872E+00  9.0835E-03
 -4.2753E+00  9.4926E-03
 -4.2634E+00  9.3527E-03
 -4.2514E+00  8.8119E-03
 -4.2395E+00  8.0980E-03
 -4.2276E+00  7.4230E-03
 -4.2157E+00  6.9090E-03
 -4.2038E+00  6.5691E-03
 -4.1919E+00  6.3478E-03
 -4.1800E+00  6.1934E-03
 -4.1681E+00  6.1173E-03
 -4.1562E+00  6.2051E-03
 -4.1443E+00  6.5687E-03
 -4.1324E+00  7.2585E-03
 -4.1204E+00  8.1878E-03
 -4.1085E+00  9.1234E-03
 -4.0966E+00  9.7639E-03
 -4.0847E+00  9.8812E-03
 -4.0728E+00  9.4630E-03
 -4.0609E+00  8.7833E-03
 -4.0490E+00  8.3387E-03
 -4.0371E+00  8.6490E-03
 -4.0252E+00  9.9980E-03
 -4.0133E+00  1.2238E-02
 -4.0014E+00  1.4768E-02
 -3.9895E+00  1.6739E-02
 -3.9775E+00  1.7445E-02
 -3.9656E+00  1.6786E-02
 -3.9537E+00  1.5559E-02
 -3.9418E+00  1.5421E-02
 -3.9299E+00  1.8455E-02
 -3.9180E+00  2.6430E-02
 -3.9061E+00  3.9989E-02
 -3.8942E+00  5.8045E-02
 -3.8823E+00  7.7706E-02
 -3.8704E+00  9.4872E-02
 -3.8585E+00  1.0540E-01
 -3.8465E+00  1.0642E-01
 -3.8346E+00  9.7483E-02
 -3.8227E+00  8.1050E-02
 -3.8108E+00  6.2234E-02
 -3.7989E+00  4.7605E-02
 -3.7870E+00  4.3359E-02
 -3.7751E+00  5.3446E-02
 -3.7632E+00  7.8257E-02
 -3.7513E+00  1.1425E-01
 -3.7394E+00  1.5464E-01
 -3.7275E+00  1.9102E-01
 -3.7155E+00  2.1553E-01
 -3.7036E+00  2.2301E-01
 -3.6917E+00  2.1217E-01
 -3.6798E+00  1.8576E-01
 -3.6679E+00  1.4968E-01
 -3.6560E+00  1.1137E-01
 -3.6441E+00  7.8017E-02
 -3.6322E+00  5.4863E-02
 -3.6203E+00  4.4110E-02
 -3.6084E+00  4.4778E-02
 -3.5965E+00  5.3397E-02
 -3.5846E+00  6.5226E-02
 -3.5726E+00  7.5603E-02
 -3.5607E+00  8.1090E-02
 -3.5488E+00  8.0121E-02
 -3.5369E+00  7.3029E-02
 -3.5250E+00  6.1550E-02
 -3.5131E+00  4.8078E-02
 -3.5012E+00  3.4950E-02
 -3.4893E+00  2.3909E-02
 -3.4774E+00  1.5838E-02
 -3.4655E+00  1.0768E-02
 -3.4536E+00  8.1172E-03
 -3.4416E+00  7.0340E-03
 -3.4297E+00  6.7072E-03
 -3.4178E+00  6.5540E-03
 -3.4059E+00  6.2769E-03
 -3.3940E+00  5.8156E-03
 -3.3821E+00  5.2426E-03
 -3.3702E+00  4.6634E-03
 -3.3583E+00  4.1578E-03
 -3.3464E+00  3.7734E-03
 -3.3345E+00  3.5480E-03
 -3.3226E+00  3.5332E-03
 -3.3106E+00  3.7939E-03
 -3.2987E+00  4.3757E-03
 -3.2868E+00  5.2552E-03
 -3.2749E+00  6.3029E-03
 -3.2630E+00  7.2857E-03
 -3.2511E+00  7.9193E-03
 -3.2392E+00  7.9610E-03
 -3.2273E+00  7.3154E-03
 -3.2154E+00  6.1052E-03
 -3.2035E+00  4.6663E-03
 -3.1916E+00  3.4568E-03
 -3.1797E+00  2.9127E-03
 -3.1677E+00  3.3000E-03
 -3.1558E+00  4.6097E-03
 -3.1439E+00  6.5405E-03
 -3.1320E+00  8.5859E-03
 -3.1201E+00  1.0199E-02
 -3.1082E+00  1.0968E-02
 -3.0963E+00  1.0736E-02
 -3.0844E+00  9.6358E-03
 -3.0725E+00  8.0283E-03
 -3.0606E+00  6.3689E-03
 -3.0487E+00  5.0488E-03
 -3.0367E+00  4.2763E-03
 -3.0248E+00  4.0451E-03
 -3.0129E+00  4.1885E-03
 -3.0010E+00  4.4838E-03
 -2.9891E+00  4.7583E-03
 -2.9772E+00  4.9530E-03
 -2.9653E+00  5.1155E-03
 -2.9534E+00  5.3327E-03
 -2.9415E+00  5.6482E-03
 -2.9296E+00  6.0118E-03
 -2.9177E+00  6.2867E-03
 -2.9058E+00  6.3122E-03
 -2.8938E+00  5.9955E-03
 -2.8819E+00  5.3822E-03
 -2.8700E+00  4.6620E-03
 -2.8581E+00  4.1015E-03
 -2.8462E+00  3.9351E-03
 -2.8343E+00  4.2585E-03
 -2.8224E+00  4.9717E-03
 -2.8105E+00  5.8037E-03
 -2.7986E+00  6.4197E-03
 -2.7867E+00  6.5612E-03
 -2.7748E+00  6.1567E-03
 -2.7628E+00  5.3589E-03
 -2.7509E+00  4.4980E-03
 -2.7390E+00  3.9597E-03
 -2.7271E+00  4.0330E-03
 -2.7152E+00  4.7931E-03
 -2.7033E+00  6.0735E-03
 -2.6914E+00  7.5267E-03
 -2.6795E+00  8.7428E-03
 -2.6676E+00  9.3842E-03
 -2.6557E+00  9.2929E-03
 -2.6438E+00  8.5277E-03
 -2.6318E+00  7.3181E-03
 -2.6199E+00  5.9718E-03
 -2.6080E+00  4.7858E-03
 -2.5961E+00  3.9860E-03
 -2.5842E+00  3.6987E-03
 -2.5723E+00  3.9466E-03
 -2.5604E+00  4.6613E-03
 -2.5485E+00  5.6976E-03
 -2.5366E+00  6.8478E-03
 -2.5247E+00  7.8663E-03
 -2.5128E+00  8.5174E-03
 -2.5009E+00  8.6462E-03
 -2.4889E+00  8.2455E-03
 -2.4770E+00  7.4814E-03
 -2.4651E+00  6.6543E-03
 -2.4532E+00  6.1022E-03
 -2.4413E+00  6.0791E-03
 -2.4294E+00  6.6557E-03
 -2.4175E+00  7.6931E-03
 -2.4056E+00  8.9206E-03
 -2.3937E+00  1.0092E-02
 -2.3818E+00  1.1145E-02
 -2.3699E+00  1.2272E-02
 -2.3579E+00  1.3868E-02
 -2.3460E+00  1.6334E-02
 -2.3341E+00  1.9819E-02
 -2.3222E+00  2.4004E-02
 -2.3103E+00  2.8075E-02
 -2.2984E+00  3.0915E-02
 -2.2865E+00  3.1497E-02
 -2.2746E+00  2.9362E-02
 -2.2627E+00  2.5009E-02
 -2.2508E+00  1.9922E-02
 -2.2389E+00  1.6173E-02
 -2.2269E+00  1.5750E-02
 -2.2150E+00  1.9878E-02
 -2.2031E+00  2.8502E-02
 -2.1912E+00  4.0151E-02
 -2.1793E+00  5.2335E-02
 -2.1674E+00  6.2338E-02
 -2.1555E+00  6.8017E-02
 -2.1436E+00  6.8327E-02
 -2.1317E+00  6.3539E-02
 -2.1198E+00  5.5131E-02
 -2.1079E+00  4.5287E-02
 -2.0960E+00  3.6167E-02
 -2.0840E+00  2.9309E-02
 -2.0721E+00  2.5446E-02
 -2.0602E+00  2.4635E-02
 -2.0483E+00  2.6516E-02
 -2.0364E+00  3.0542E-02
 -2.0245E+00  3.6043E-02
 -2.0126E+00  4.2140E-02
 -2.0007E+00  4.7661E-02
 -1.9888E+00  5.1282E-02
 -1.9769E+00  5.1962E-02
 -1.9650E+00  4.9548E-02
 -1.9530E+00  4.5218E-02
 -1.9411E+00  4.1388E-02
 -1.9292E+00  4.0961E-02
 -1.9173E+00  4.6114E-02
 -1.9054E+00  5.7020E-02
 -1.8935E+00  7.1164E-02
 -1.8816E+00  8.3995E-02
 -1.8697E+00  9.0936E-02
 -1.8578E+00  9.0049E-02
 -1.8459E+00  8.4659E-02
 -1.8340E+00  8.4939E-02
 -1.8220E+00  1.0679E-01
 -1.8101E+00  1.6736E-01
 -1.7982E+00  2.7890E-01
 -1.7863E+00  4.4242E-01
 -1.7744E+00  6.4206E-01
 -1.7625E+00  8.4440E-01
 -1.7506E+00  1.0077E+00
 -1.7387E+00  1.0960E+00
 -1.7268E+00  1.0889E+00
 -1.7149E+00  9.8573E-01
 -1.7030E+00  8.1319E-01
 -1.6911E+00  6.2868E-01
 -1.6791E+00  5.0733E-01
 -1.6672E+00  5.1766E-01
 -1.6553E+00  7.0227E-01
 -1.6434E+00  1.0634E+00
 -1.6315E+00  1.5526E+00
 -1.6196E+00  2.0836E+00
 -1.6077E+00  2.5639E+00
 -1.5958E+00  2.9088E+00
 -1.5839E+00  3.0385E+00
 -1.5720E+00  2.9092E+00
 -1.5601E+00  2.5580E+00
 -1.5481E+00  2.0800E+00
 -1.5362E+00  1.5644E+00
 -1.5243E+00  1.0879E+00
 -1.5124E+00  7.3287E-01
 -1.5005E+00  5.5118E-01
 -1.4886E+00  5.2977E-01
 -1.4767E+00  6.2177E-01
 -1.4648E+00  7.6998E-01
 -1.4529E+00  9.2186E-01
 -1.4410E+00  1.0396E+00
 -1.4291E+00  9.3878E-01
 -1.4171E+00  1.6968E+00
 -1.4052E+00  3.4822E-01
 -1.3933E+00  9.2209E-01
 -1.3814E+00  2.2653E-01
 -1.3695E+00  7.7002E-02
 -1.3576E+00  2.0950E-01
 -1.3457E+00  4.7527E-02
 -1.3338E+00  5.9413E-02
 -1.3219E+00  4.3444E-02
 -1.3100E+00  8.1466E-02
 -1.2981E+00  3.0574E-02
 -1.2862E+00  1.3423E-01
 -1.2742E+00  2.8904E-02
 -1.2623E+00  1.0389E-01
 -1.2504E+00  1.4893E-02
 -1.2385E+00  1.3925E-02
 -1.2266E+00  3.0711E-02
 -1.2147E+00  3.4892E-02
 -1.2028E+00  1.2513E-01
 -1.1909E+00  2.6964E-02
 -1.1790E+00  3.4337E-01
 -1.1671E+00  2.9678E-02
 -1.1552E+00  1.8639E-02
 -1.1432E+00  5.4105E-03
 -1.1313E+00  2.5558E-02
 -1.1194E+00  3.3283E-03
 -1.1075E+00  2.4344E-03
 -1.0956E+00  2.0791E-03
 -1.0837E+00  1.8656E-03
 -1.0718E+00  1.6561E-03
 -1.0599E+00  1.4628E-03
 -1.0480E+00  1.4143E-03
 -1.0361E+00  4.0892E-02
 -1.0242E+00  2.6034E-02
 -1.0122E+00  2.8171E-02
 -1.0003E+00  2.7705E-01
 -9.8843E-01  1.0249E-02
 -9.7652E-01  1.5139E-02
 -9.6461E-01  6.1378E-03
 -9.5271E-01  1.5838E-03
 -9.4080E-01  1.1033E-03
 -9.2889E-01  1.2388E-03
 -9.1698E-01  9.8474E-04
 -9.0507E-01  3.9411E-04
 -8.9316E-01  2.4011E-04
 -8.8125E-01  1.9757E-03
 -8.6934E-01  4.2831E-04
 -8.5743E-01  1.2516E-04
 -8.4553E-01  1.8221E-04
 -8.3362E-01  4.0697E-04
 -8.2171E-01  1.2880E-03
 -8.0980E-01  5.8358E-03
 -7.9789E-01  1.8335E-04
 -7.8598E-01  1.6075E-04
 -7.7407E-01  1.7275E-04
 -7.6216E-01  2.6399E-04
 -7.5026E-01  7.6668E-03
 -7.3835E-01  1.4838E-04
 -7.2644E-01  9.8841E-05
 -7.1453E-01  2.5213E-04
 -7.0262E-01  6.8858E-05
 -6.9071E-01  8.7581E-05
 -6.7880E-01  6.1506E-04
 -6.6689E-01  1.2845E-04
 -6.5498E-01  4.9429E-04
 -6.4308E-01  1.3605E-04
 -6.3117E-01  1.7035E-04
 -6.1926E-01  1.2242E-04
 -6.0735E-01  1.4906E-04
 -5.9544E-01  1.3490E-04
 -5.8353E-01  2.5948E-04
 -5.7162E-01  1.3443E-04
 -5.5971E-01  1.2351E-03
 -5.4781E-01  1.3224E-04
 -5.3590E-01  1.9878E-03
 -5.2399E-01  2.0372E-04
 -5.1208E-01  3.3390E-04
 -5.0017E-01  1.4382E-03
 -4.8826E-01  2.4728E-04
 -4.7635E-01  8.1215E-04
 -4.6444E-01  5.1619E-04
 -4.5253E-01  2.8765E-04
 -4.4063E-01  5.1067E-04
 -4.2872E-01  4.8930E-04
 -4.1681E-01  5.5905E-04
 -4.0490E-01  7.5993E-04
 -3.9299E-01  1.9448E-03
 -3.8108E-01  1.6682E-03
 -3.6917E-01  5.9167E-03
 -3.5726E-01  3.9169E-02
 -3.4536E-01  1.2509E-02
 -3.3345E-01  3.1544E-03
 -3.2154E-01  8.9476E-04
 -3.0963E-01  3.2336E-02
 -2.9772E-01  5.1022E-03
 -2.8581E-01  1.7672E-03
 -2.7390E-01  2.5589E-03
 -2.6199E-01  2.2693E-02
 -2.5009E-01  4.2454E-03
 -2.3818E-01  1.0074E-03
 -2.2627E-01  2.6338E-03
 -2.1436E-01  2.3518E-03
 -2.0245E-01  1.5406E-03
 -1.9054E-01  3.0365E-03
 -1.7863E-01  4.7864E-04
 -1.6672E-01  8.0162E-04
 -1.5481E-01  7.2196E-04
 -1.4291E-01  4.0150E-04
 -1.3100E-01  4.0095E-03
 -1.1909E-01  5.8682E-04
 -1.0718E-01  2.8166E-04
 -9.5271E-02  3.0515E-04
 -8.3362E-02  5.1979E-04
 -7.1453E-02  2.3111E-03
 -5.9544E-02  6.5059E-04
 -4.7635E-02  5.6719E-04
 -3.5726E-02  5.9623E-04
 -2.3818E-02  6.0827E-04
 -1.1909E-02  5.9144E-04
  0.0000E+00  5.4899E-04
  1.1909E-02  4.9207E-04
  2.3818E-02  4.3768E-04
  3.5726E-02  4.0985E-04
  4.7635E-02  4.5905E-04
  5.9544E-02  9.3919E-04
  7.1453E-02  4.9157E-03
  8.3362E-02  1.1760E-03
  9.5271E-02  5.2186E-04
  1.0718E-01  5.2403E-04
  1.1909E-01  1.1246E-03
  1.3100E-01  6.5986E-03
  1.4291E-01  8.0402E-04
  1.5481E-01  1.5491E-03
  1.6672E-01  7.8176E-03
  1.7863E-01  3.9606E-03
  1.9054E-01  9.5895E-03
  2.0245E-01  8.2168E-02
  2.1436E-01  5.3148E-03
  2.2627E-01  1.3023E-01
  2.3818E-01  2.6760E-03
  2.5009E-01  1.3160E-02
  2.6199E-01  8.5621E-02
  2.7390E-01  1.8558E-02
  2.8581E-01  1.9098E-02
  2.9772E-01  2.6033E-02
  3.0963E-01  3.0136E-02
  3.2154E-01  1.7275E-02
  3.3345E-01  3.7073E-01
  3.4536E-01  3.5290E-01
  3.5726E-01  7.6378E-01
  3.6917E-01  2.0049E-02
  3.8108E-01  1.5164E-02
  3.9299E-01  1.4961E-02
  4.0490E-01  1.5000E-02
  4.1681E-01  1.5067E-02
  4.2872E-01  1.5333E-02
  4.4063E-01  1.6022E-02
  4.5253E-01  1.7273E-02
  4.6444E-01  1.9284E-02
  4.7635E-01  2.1787E-02
  4.8826E-01  2.4223E-02
  5.0017E-01  2.6868E-02
  5.1208E-01  2.7814E-02
  5.2399E-01  2.7821E-02
  5.3590E-01  2.7289E-02
  5.4781E-01  2.3601E-02
  5.5971E-01  2.0170E-02
  5.7162E-01  1.5656E-02
  5.8353E-01  1.1763E-02
  5.9544E-01  8.6369E-03
  6.0735E-01  6.8171E-03
  6.1926E-01  6.2983E-03
  6.3117E-01  8.2180E-03
  6.4308E-01  9.1046E-03
  6.5498E-01  4.0714E-02
  6.6689E-01  1.5149E-02
  6.7880E-01  1.8903E-01
  6.9071E-01  2.8773E-02
  7.0262E-01  3.1967E-02
  7.1453E-01  8.6309E-01
  7.2644E-01  2.8582E-02
  7.3835E-01  2.7402E-02
  7.5026E-01  1.3962E+00
  7.6216E-01  1.3984E-02
  7.7407E-01  2.5557E-03
  7.8598E-01  1.5259E-03
  7.9789E-01  8.7609E-03
  8.0980E-01  6.5196E-01
  8.2171E-01  9.2773E-02
  8.3362E-01  2.0563E-02
  8.4553E-01  6.9219E-03
  8.5743E-01  2.2757E-03
  8.6934E-01  2.2568E-03
  8.8125E-01  2.6703E-02
  8.9316E-01  3.2028E-03
  9.0507E-01  2.7223E-03
  9.1698E-01  6.8952E-03
  9.2889E-01  4.2145E-03
  9.4080E-01  2.1159E-03
  9.5271E-01  2.3743E-03
  9.6461E-01  3.8025E-03
  9.7652E-01  3.9957E-03
  9.8843E-01  4.6882E-03
  1.0003E+00  1.5467E-02
  1.0122E+00  6.3531E-02
  1.0242E+00  3.2872E-02
  1.0361E+00  2.5863E-01
  1.0480E+00  1.2388E-02
  1.0599E+00  6.4167E-03
  1.0718E+00  5.2531E-03
  1.0837E+00  5.0575E-03
  1.0956E+00  5.3372E-03
  1.1075E+00  7.1925E-03
  1.1194E+00  1.9683E-02
  1.1313E+00  1.5890E-02
  1.1432E+00  2.0207E-02
  1.1552E+00  1.3649E-01
  1.1671E+00  3.7684E-02
  1.1790E+00  2.3688E-02
  1.1909E+00  6.4327E-02
  1.2028E+00  2.2490E-02
  1.2147E+00  2.4110E-01
  1.2266E+00  2.7006E-02
  1.2385E+00  3.4551E-02
  1.2504E+00  8.6837E-02
  1.2623E+00  2.2657E-02
  1.2742E+00  2.5129E-02
  1.2862E+00  2.9524E-02
  1.2981E+00  1.1287E-01
  1.3100E+00  5.6731E-02
  1.3219E+00  3.2232E-02
  1.3338E+00  1.6629E-02
  1.3457E+00  1.6660E-02
  1.3576E+00  8.8197E-02
  1.3695E+00  2.1768E-02
  1.3814E+00  2.7190E-02
  1.3933E+00  3.0086E-02
  1.4052E+00  4.0522E-02
  1.4171E+00  5.1008E-02
  1.4291E+00  4.1275E-02
  1.4410E+00  3.9282E-02
  1.4529E+00  3.3997E-02
  1.4648E+00  2.7351E-02
  1.4767E+00  2.0996E-02
  1.4886E+00  1.7889E-02
  1.5005E+00  1.9617E-02
  1.5124E+00  2.6124E-02
  1.5243E+00  3.5060E-02
  1.5362E+00  4.2980E-02
  1.5481E+00  4.7672E-02
  1.5601E+00  4.7934E-02
  1.5720E+00  4.3222E-02
  1.5839E+00  3.4496E-02
  1.5958E+00  2.4200E-02
  1.6077E+00  1.4974E-02
  1.6196E+00  8.6068E-03
  1.6315E+00  5.8134E-03
  1.6434E+00  6.3515E-03
  1.6553E+00  9.2658E-03
  1.6672E+00  1.3299E-02
  1.6791E+00  1.7306E-02
  1.6911E+00  2.0421E-02
  1.7030E+00  2.2040E-02
  1.7149E+00  2.1884E-02
  1.7268E+00  2.0118E-02
  1.7387E+00  1.7260E-02
  1.7506E+00  1.3966E-02
  1.7625E+00  1.0948E-02
  1.7744E+00  8.9223E-03
  1.7863E+00  8.3921E-03
  1.7982E+00  9.4154E-03
  1.8101E+00  1.1589E-02
  1.8220E+00  1.4200E-02
  1.8340E+00  1.6475E-02
  1.8459E+00  1.7982E-02
  1.8578E+00  1.8940E-02
  1.8697E+00  2.0155E-02
  1.8816E+00  2.2610E-02
  1.8935E+00  2.6960E-02
  1.9054E+00  3.3045E-02
  1.9173E+00  3.9623E-02
  1.9292E+00  4.4698E-02
  1.9411E+00  4.6337E-02
  1.9530E+00  4.3466E-02
  1.9650E+00  3.6403E-02
  1.9769E+00  2.7089E-02
  1.9888E+00  1.8813E-02
  2.0007E+00  1.5215E-02
  2.0126E+00  1.8944E-02
  2.0245E+00  3.0630E-02
  2.0364E+00  4.8481E-02
  2.0483E+00  6.8557E-02
  2.0602E+00  8.5860E-02
  2.0721E+00  9.5973E-02
  2.0840E+00  9.6455E-02
  2.0960E+00  8.7372E-02
  2.1079E+00  7.1051E-02
  2.1198E+00  5.1391E-02
  2.1317E+00  3.2804E-02
  2.1436E+00  1.8973E-02
  2.1555E+00  1.1894E-02
  2.1674E+00  1.1614E-02
  2.1793E+00  1.6606E-02
  2.1912E+00  2.4460E-02
  2.2031E+00  3.2609E-02
  2.2150E+00  3.8953E-02
  2.2269E+00  4.2218E-02
  2.2389E+00  4.2037E-02
  2.2508E+00  3.8809E-02
  2.2627E+00  3.3514E-02
  2.2746E+00  2.7564E-02
  2.2865E+00  2.2611E-02
  2.2984E+00  2.0172E-02
  2.3103E+00  2.1128E-02
  2.3222E+00  2.5328E-02
  2.3341E+00  3.1476E-02
  2.3460E+00  3.7416E-02
  2.3579E+00  4.0902E-02
  2.3699E+00  4.0803E-02
  2.3818E+00  3.8255E-02
  2.3937E+00  3.7084E-02
  2.4056E+00  4.3167E-02
  2.4175E+00  6.2815E-02
  2.4294E+00  1.0037E-01
  2.4413E+00  1.5569E-01
  2.4532E+00  2.2263E-01
  2.4651E+00  2.8976E-01
  2.4770E+00  3.4292E-01
  2.4889E+00  3.6907E-01
  2.5009E+00  3.6047E-01
  2.5128E+00  3.1836E-01
  2.5247E+00  2.5473E-01
  2.5366E+00  1.9036E-01
  2.5485E+00  1.4962E-01
  2.5604E+00  1.5361E-01
  2.5723E+00  2.1383E-01
  2.5842E+00  3.2775E-01
  2.5961E+00  4.7808E-01
  2.6080E+00  6.3643E-01
  2.6199E+00  7.7056E-01
  2.6318E+00  8.5243E-01
  2.6438E+00  8.6470E-01
  2.6557E+00  8.0483E-01
  2.6676E+00  6.8605E-01
  2.6795E+00  5.3421E-01
  2.6914E+00  3.8080E-01
  2.7033E+00  2.5438E-01
  2.7152E+00  1.7388E-01
  2.7271E+00  1.4525E-01
  2.7390E+00  1.6169E-01
  2.7509E+00  2.0682E-01
  2.7628E+00  2.5998E-01
  2.7748E+00  3.0221E-01
  2.7867E+00  3.2073E-01
  2.7986E+00  3.1094E-01
  2.8105E+00  2.7593E-01
  2.8224E+00  2.2433E-01
  2.8343E+00  1.6719E-01
  2.8462E+00  1.1462E-01
  2.8581E+00  7.3354E-02
  2.8700E+00  4.5768E-02
  2.8819E+00  3.0508E-02
  2.8938E+00  2.3957E-02
  2.9058E+00  2.1925E-02
  2.9177E+00  2.1017E-02
  2.9296E+00  1.9370E-02
  2.9415E+00  1.6658E-02
  2.9534E+00  1.3567E-02
  2.9653E+00  1.1079E-02
  2.9772E+00  9.8790E-03
  2.9891E+00  1.0053E-02
  3.0010E+00  1.1130E-02
  3.0129E+00  1.2361E-02
  3.0248E+00  1.3072E-02
  3.0367E+00  1.2919E-02
  3.0487E+00  1.1956E-02
  3.0606E+00  1.0543E-02
  3.0725E+00  9.1410E-03
  3.0844E+00  8.1027E-03
  3.0963E+00  7.5465E-03
  3.1082E+00  7.3572E-03
  3.1201E+00  7.2920E-03
  3.1320E+00  7.1260E-03
  3.1439E+00  6.7697E-03
  3.1558E+00  6.3125E-03
  3.1677E+00  5.9737E-03
  3.1797E+00  5.9856E-03
  3.1916E+00  6.4676E-03
  3.2035E+00  7.3503E-03
  3.2154E+00  8.3792E-03
  3.2273E+00  9.1972E-03
  3.2392E+00  9.4744E-03
  3.2511E+00  9.0335E-03
  3.2630E+00  7.9168E-03
  3.2749E+00  6.3681E-03
  3.2868E+00  4.7459E-03
  3.2987E+00  3.4045E-03
  3.3106E+00  2.5845E-03
  3.3226E+00  2.3473E-03
  3.3345E+00  2.5766E-03
  3.3464E+00  3.0437E-03
  3.3583E+00  3.5035E-03
  3.3702E+00  3.7808E-03
  3.3821E+00  3.8166E-03
  3.3940E+00  3.6639E-03
  3.4059E+00  3.4408E-03
  3.4178E+00  3.2617E-03
  3.4297E+00  3.1805E-03
  3.4416E+00  3.1695E-03
  3.4536E+00  3.1393E-03
  3.4655E+00  2.9875E-03
  3.4774E+00  2.6548E-03
  3.4893E+00  2.1617E-03
  3.5012E+00  1.6100E-03
  3.5131E+00  1.1467E-03
  3.5250E+00  9.0828E-04
  3.5369E+00  9.6864E-04
  3.5488E+00  1.3103E-03
  3.5607E+00  1.8274E-03
  3.5726E+00  2.3610E-03
  3.5846E+00  2.7517E-03
  3.5965E+00  2.8906E-03
  3.6084E+00  2.7474E-03
  3.6203E+00  2.3719E-03
  3.6322E+00  1.8716E-03
  3.6441E+00  1.3755E-03
  3.6560E+00  9.9724E-04
  3.6679E+00  8.0661E-04
  3.6798E+00  8.1804E-04
  3.6917E+00  9.9631E-04
  3.7036E+00  1.2732E-03
  3.7155E+00  1.5678E-03
  3.7275E+00  1.8057E-03
  3.7394E+00  1.9344E-03
  3.7513E+00  1.9324E-03
  3.7632E+00  1.8109E-03
  3.7751E+00  1.6080E-03
  3.7870E+00  1.3783E-03
  3.7989E+00  1.1786E-03
  3.8108E+00  1.0536E-03
  3.8227E+00  1.0243E-03
  3.8346E+00  1.0831E-03
  3.8465E+00  1.1991E-03
  3.8585E+00  1.3302E-03
  3.8704E+00  1.4379E-03
  3.8823E+00  1.4992E-03
  3.8942E+00  1.5116E-03
  3.9061E+00  1.4898E-03
  3.9180E+00  1.4565E-03
  3.9299E+00  1.4340E-03
  3.9418E+00  1.4415E-03
  3.9537E+00  1.5001E-03
  3.9656E+00  1.6408E-03
  3.9775E+00  1.9081E-03
  3.9895E+00  2.3519E-03
  4.0014E+00  3.0043E-03
  4.0133E+00  3.8494E-03
  4.0252E+00  4.7998E-03
  4.0371E+00  5.6952E-03
  4.0490E+00  6.3311E-03
  4.0609E+00  6.5202E-03
  4.0728E+00  6.1705E-03
  4.0847E+00  5.3511E-03
  4.0966E+00  4.3109E-03
  4.1085E+00  3.4328E-03
  4.1204E+00  3.1337E-03
  4.1324E+00  3.7354E-03
  4.1443E+00  5.3454E-03
  4.1562E+00  7.7896E-03
  4.1681E+00  1.0630E-02
  4.1800E+00  1.3274E-02
  4.1919E+00  1.5130E-02
  4.2038E+00  1.5768E-02
  4.2157E+00  1.5043E-02
  4.2276E+00  1.3133E-02
  4.2395E+00  1.0497E-02
  4.2514E+00  7.7394E-03
  4.2634E+00  5.4431E-03
  4.2753E+00  4.0148E-03
  4.2872E+00  3.6017E-03
  4.2991E+00  4.0832E-03
  4.3110E+00  5.1323E-03
  4.3229E+00  6.3221E-03
  4.3348E+00  7.2486E-03
  4.3467E+00  7.6332E-03
  4.3586E+00  7.3817E-03
  4.3705E+00  6.5927E-03
  4.3824E+00  5.5204E-03
  4.3944E+00  4.5033E-03
  4.4063E+00  3.8677E-03
  4.4182E+00  3.8224E-03
  4.4301E+00  4.3759E-03
  4.4420E+00  5.3101E-03
  4.4539E+00  6.2354E-03
  4.4658E+00  6.7314E-03
  4.4777E+00  6.5546E-03
  4.4896E+00  5.8611E-03
  4.5015E+00  5.3533E-03
  4.5134E+00  6.2552E-03
  4.5253E+00  1.0065E-02
  4.5373E+00  1.8115E-02
  4.5492E+00  3.1025E-02
  4.5611E+00  4.8219E-02
  4.5730E+00  6.7692E-02
  4.5849E+00  8.6225E-02
  4.5968E+00  1.0011E-01
  4.6087E+00  1.0617E-01
  4.6206E+00  1.0286E-01
  4.6325E+00  9.1012E-02
  4.6444E+00  7.4106E-02
  4.6563E+00  5.7774E-02
  4.6683E+00  4.8555E-02
  4.6802E+00  5.2133E-02
  4.6921E+00  7.1595E-02
  4.7040E+00  1.0625E-01
  4.7159E+00  1.5137E-01
  4.7278E+00  1.9896E-01
  4.7397E+00  2.3953E-01
  4.7516E+00  2.6453E-01
  4.7635E+00  2.6855E-01
  4.7754E+00  2.5074E-01
  4.7873E+00  2.1494E-01
  4.7993E+00  1.6867E-01
  4.8112E+00  1.2129E-01
  4.8231E+00  8.1737E-02
  4.8350E+00  5.6371E-02
  4.8469E+00  4.7587E-02
  4.8588E+00  5.3572E-02
  4.8707E+00  6.9225E-02
  4.8826E+00  8.7814E-02
  4.8945E+00  1.0285E-01
  4.9064E+00  1.0971E-01
  4.9183E+00  1.0657E-01
  4.9302E+00  9.4456E-02
  4.9422E+00  7.6496E-02
  4.9541E+00  5.6655E-02
  4.9660E+00  3.8543E-02
  4.9779E+00  2.4567E-02
  4.9898E+00  1.5576E-02
  5.0017E+00  1.1010E-02
  5.0136E+00  9.4380E-03
  5.0255E+00  9.2309E-03
  5.0374E+00  9.1266E-03
  5.0493E+00  8.5139E-03
  5.0612E+00  7.4132E-03
  5.0732E+00  6.2354E-03
  5.0851E+00  5.4539E-03
  5.0970E+00  5.3316E-03
  5.1089E+00  5.8050E-03
  5.1208E+00  6.5404E-03
  5.1327E+00  7.1058E-03
  5.1446E+00  7.1650E-03
  5.1565E+00  6.6142E-03
  5.1684E+00  5.6102E-03
  5.1803E+00  4.4862E-03
  5.1922E+00  3.6015E-03
  5.2042E+00  3.1958E-03
  5.2161E+00  3.3076E-03
  5.2280E+00  3.7788E-03
  5.2399E+00  4.3320E-03
  5.2518E+00  4.6868E-03
  5.2637E+00  4.6657E-03
  5.2756E+00  4.2490E-03
  5.2875E+00  3.5621E-03
  5.2994E+00  2.8112E-03
  5.3113E+00  2.2002E-03
  5.3232E+00  1.8607E-03
  5.3351E+00  1.8164E-03
  5.3471E+00  1.9908E-03
  5.3590E+00  2.2499E-03
  5.3709E+00  2.4575E-03
  5.3828E+00  2.5213E-03
  5.3947E+00  2.4144E-03
  5.4066E+00  2.1711E-03
  5.4185E+00  1.8642E-03
  5.4304E+00  1.5731E-03
  5.4423E+00  1.3565E-03
  5.4542E+00  1.2378E-03
  5.4661E+00  1.2059E-03
  5.4781E+00  1.2257E-03
  5.4900E+00  1.2553E-03
  5.5019E+00  1.2607E-03
  5.5138E+00  1.2277E-03
  5.5257E+00  1.1665E-03
  5.5376E+00  1.1095E-03
  5.5495E+00  1.1031E-03
  5.5614E+00  1.1945E-03
  5.5733E+00  1.4160E-03
  5.5852E+00  1.7703E-03
  5.5971E+00  2.2205E-03
  5.6091E+00  2.6908E-03
  5.6210E+00  3.0813E-03
  5.6329E+00  3.2939E-03
  5.6448E+00  3.2630E-03
  5.6567E+00  2.9825E-03
  5.6686E+00  2.5204E-03
  5.6805E+00  2.0129E-03
  5.6924E+00  1.6339E-03
  5.7043E+00  1.5476E-03
  5.7162E+00  1.8585E-03
  5.7281E+00  2.5753E-03
  5.7400E+00  3.5993E-03
  5.7520E+00  4.7417E-03
  5.7639E+00  5.7699E-03
  5.7758E+00  6.4684E-03
  5.7877E+00  6.6959E-03
  5.7996E+00  6.4190E-03
  5.8115E+00  5.7148E-03
  5.8234E+00  4.7461E-03
  5.8353E+00  3.7172E-03
  5.8472E+00  2.8227E-03
  5.8591E+00  2.2006E-03
  5.8710E+00  1.9046E-03
  5.8830E+00  1.9029E-03
  5.8949E+00  2.0991E-03
  5.9068E+00  2.3667E-03
  5.9187E+00  2.5855E-03
  5.9306E+00  2.6707E-03
  5.9425E+00  2.5888E-03
  5.9544E+00  2.3560E-03
  5.9663E+00  2.0235E-03
  5.9782E+00  1.6560E-03
  5.9901E+00  1.3121E-03
  6.0020E+00  1.0301E-03
  6.0140E+00  8.2349E-04
  6.0259E+00  6.8320E-04
  6.0378E+00  5.8718E-04
  6.0497E+00  5.1228E-04
  6.0616E+00  4.4463E-04
  6.0735E+00  3.8491E-04
  6.0854E+00  3.4730E-04
  6.0973E+00  3.5252E-04
  6.1092E+00  4.1712E-04
  6.1211E+00  5.4328E-04
  6.1330E+00  7.1309E-04
  6.1449E+00  8.9029E-04
  6.1569E+00  1.0291E-03
  6.1688E+00  1.0881E-03
  6.1807E+00  1.0450E-03
  6.1926E+00  9.0794E-04
  6.2045E+00  7.1759E-04
  6.2164E+00  5.3793E-04
  6.2283E+00  4.3844E-04
  6.2402E+00  4.7302E-04
  6.2521E+00  6.6234E-04
  6.2640E+00  9.8471E-04
  6.2759E+00  1.3793E-03
  6.2879E+00  1.7618E-03
  6.2998E+00  2.0476E-03
  6.3117E+00  2.1747E-03
  6.3236E+00  2.1188E-03
  6.3355E+00  1.8979E-03
  6.3474E+00  1.5658E-03
  6.3593E+00  1.1966E-03
  6.3712E+00  8.6444E-04
  6.3831E+00  6.2521E-04
  6.3950E+00  5.0500E-04
  6.4069E+00  4.9891E-04
  6.4188E+00  5.7767E-04
  6.4308E+00  6.9896E-04
  6.4427E+00  8.1971E-04
  6.4546E+00  9.0624E-04
  6.4665E+00  9.3999E-04
  6.4784E+00  9.1841E-04
  6.4903E+00  8.5197E-04
  6.5022E+00  7.5929E-04
  6.5141E+00  6.6194E-04
  6.5260E+00  5.7943E-04
  6.5379E+00  5.2504E-04
  6.5498E+00  5.0312E-04
  6.5618E+00  5.0890E-04
  6.5737E+00  5.3116E-04
  6.5856E+00  5.5726E-04
  6.5975E+00  5.7917E-04
  6.6094E+00  5.9857E-04
  6.6213E+00  6.2865E-04
  6.6332E+00  6.9071E-04
  6.6451E+00  8.0569E-04
  6.6570E+00  9.8336E-04
  6.6689E+00  1.2135E-03
  6.6808E+00  1.4629E-03
  6.6928E+00  1.6817E-03
  6.7047E+00  1.8181E-03
  6.7166E+00  1.8382E-03
  6.7285E+00  1.7429E-03
  6.7404E+00  1.5737E-03
  6.7523E+00  1.4045E-03
  6.7642E+00  1.3209E-03
  6.7761E+00  1.3922E-03
  6.7880E+00  1.6448E-03
  6.7999E+00  2.0471E-03
  6.8118E+00  2.5142E-03
  6.8237E+00  2.9311E-03
  6.8357E+00  3.1872E-03
  6.8476E+00  3.2119E-03
  6.8595E+00  2.9990E-03
  6.8714E+00  2.6123E-03
  6.8833E+00  2.1681E-03
  6.8952E+00  1.7987E-03
  6.9071E+00  1.6100E-03
  6.9190E+00  1.6486E-03
  6.9309E+00  1.8888E-03
  6.9428E+00  2.2429E-03
  6.9547E+00  2.5905E-03
  6.9667E+00  2.8186E-03
  6.9786E+00  2.8575E-03
  6.9905E+00  2.7002E-03
  7.0024E+00  2.3989E-03
  7.0143E+00  2.0431E-03
  7.0262E+00  1.7284E-03
  7.0381E+00  1.5259E-03
  7.0500E+00  1.4615E-03
  7.0619E+00  1.5121E-03
  7.0738E+00  1.6188E-03
  7.0857E+00  1.7100E-03
  7.0977E+00  1.7268E-03
  7.1096E+00  1.6409E-03
  7.1215E+00  1.4609E-03
  7.1334E+00  1.2266E-03
  7.1453E+00  9.9290E-04
  7.1572E+00  8.1124E-04
  7.1691E+00  7.1373E-04
  7.1810E+00  7.0657E-04
  7.1929E+00  7.7223E-04
  7.2048E+00  8.7828E-04
  7.2167E+00  9.8916E-04
  7.2286E+00  1.0767E-03
  7.2406E+00  1.1260E-03
  7.2525E+00  1.1357E-03
  7.2644E+00  1.1135E-03
  7.2763E+00  1.0701E-03
  7.2882E+00  1.0149E-03
  7.3001E+00  9.5364E-04
  7.3120E+00  8.8971E-04
  7.3239E+00  8.2719E-04
  7.3358E+00  7.7378E-04
  7.3477E+00  7.4180E-04
  7.3596E+00  7.4612E-04
  7.3716E+00  7.9944E-04
  7.3835E+00  9.0644E-04
  7.3954E+00  1.0589E-03
  7.4073E+00  1.2347E-03
  7.4192E+00  1.4011E-03
  7.4311E+00  1.5233E-03
  7.4430E+00  1.5732E-03
  7.4549E+00  1.5390E-03
  7.4668E+00  1.4299E-03
  7.4787E+00  1.2745E-03
  7.4906E+00  1.1125E-03
  7.5026E+00  9.8248E-04
  7.5145E+00  9.0874E-04
  7.5264E+00  8.9476E-04
  7.5383E+00  9.2335E-04
  7.5502E+00  9.6450E-04
  7.5621E+00  9.8790E-04
  7.5740E+00  9.7557E-04
  7.5859E+00  9.2884E-04
  7.5978E+00  8.6685E-04
  7.6097E+00  8.1727E-04
  7.6216E+00  8.0339E-04
  7.6335E+00  8.3284E-04
  7.6455E+00  8.9280E-04
  7.6574E+00  9.5454E-04
  7.6693E+00  9.8599E-04
  7.6812E+00  9.6685E-04
  7.6931E+00  8.9952E-04
  7.7050E+00  8.1083E-04
  7.7169E+00  7.4311E-04
  7.7288E+00  7.3736E-04
  7.7407E+00  8.1441E-04
  7.7526E+00  9.6276E-04
  7.7645E+00  1.1393E-03
  7.7765E+00  1.2833E-03
  7.7884E+00  1.3388E-03
  7.8003E+00  1.2777E-03
  7.8122E+00  1.1141E-03
  7.8241E+00  9.0434E-04
  7.8360E+00  7.2988E-04
  7.8479E+00  6.6894E-04
  7.8598E+00  7.6797E-04
  7.8717E+00  1.0232E-03
  7.8836E+00  1.3788E-03
  7.8955E+00  1.7421E-03
  7.9075E+00  2.0125E-03
  7.9194E+00  2.1132E-03
  7.9313E+00  2.0148E-03
  7.9432E+00  1.7420E-03
  7.9551E+00  1.3634E-03
  7.9670E+00  9.6891E-04
  7.9789E+00  6.4327E-04
  7.9908E+00  4.4320E-04
  8.0027E+00  3.8497E-04
  8.0146E+00  4.4567E-04
  8.0265E+00  5.7604E-04
  8.0384E+00  7.1867E-04
  8.0504E+00  8.2499E-04
  8.0623E+00  8.6638E-04
  8.0742E+00  8.3775E-04
  8.0861E+00  7.5373E-04
  8.0980E+00  6.4006E-04
  8.1099E+00  5.2361E-04
  8.1218E+00  4.2468E-04
  8.1337E+00  3.5324E-04
  8.1456E+00  3.0945E-04
  8.1575E+00  2.8747E-04
  8.1694E+00  2.8151E-04
  8.1814E+00  2.9204E-04
  8.1933E+00  3.2981E-04
  8.2052E+00  4.1566E-04
  8.2171E+00  5.7483E-04
  8.2290E+00  8.2641E-04
  8.2409E+00  1.1705E-03
  8.2528E+00  1.5778E-03
  8.2647E+00  1.9875E-03
  8.2766E+00  2.3172E-03
  8.2885E+00  2.4852E-03
  8.3004E+00  2.4378E-03
  8.3124E+00  2.1756E-03
  8.3243E+00  1.7678E-03
  8.3362E+00  1.3474E-03
  8.3481E+00  1.0815E-03
  8.3600E+00  1.1238E-03
  8.3719E+00  1.5641E-03
  8.3838E+00  2.3904E-03
  8.3957E+00  3.4793E-03
  8.4076E+00  4.6177E-03
  8.4195E+00  5.5558E-03
  8.4314E+00  6.0760E-03
  8.4433E+00  6.0568E-03
  8.4553E+00  5.5067E-03
  8.4672E+00  4.5603E-03
  8.4791E+00  3.4385E-03
  8.4910E+00  2.3887E-03
  8.5029E+00  1.6183E-03
  8.5148E+00  1.2429E-03
  8.5267E+00  1.2638E-03
  8.5386E+00  1.5802E-03
  8.5505E+00  2.0302E-03
  8.5624E+00  2.4425E-03
  8.5743E+00  2.6835E-03
  8.5863E+00  2.6896E-03
  8.5982E+00  2.4751E-03
  8.6101E+00  2.1186E-03
  8.6220E+00  1.7317E-03
  8.6339E+00  1.4222E-03
  8.6458E+00  1.2613E-03
  8.6577E+00  1.2637E-03
  8.6696E+00  1.3837E-03
  8.6815E+00  1.5304E-03
  8.6934E+00  1.6034E-03
  8.7053E+00  1.5412E-03
  8.7173E+00  1.3704E-03
  8.7292E+00  1.2375E-03
  8.7411E+00  1.4077E-03
  8.7530E+00  2.2178E-03
  8.7649E+00  3.9806E-03
  8.7768E+00  6.8602E-03
  8.7887E+00  1.0757E-02
  8.8006E+00  1.5250E-02
  8.8125E+00  1.9629E-02
  8.8244E+00  2.3026E-02
  8.8363E+00  2.4644E-02
  8.8482E+00  2.4019E-02
  8.8602E+00  2.1254E-02
  8.8721E+00  1.7110E-02
  8.8840E+00  1.2911E-02
  8.8959E+00  1.0243E-02
  8.9078E+00  1.0546E-02
  8.9197E+00  1.4672E-02
  8.9316E+00  2.2562E-02
  8.9435E+00  3.3139E-02
  8.9554E+00  4.4491E-02
  8.9673E+00  5.4317E-02
  8.9792E+00  6.0499E-02
  8.9912E+00  6.1642E-02
  9.0031E+00  5.7445E-02
  9.0150E+00  4.8810E-02
  9.0269E+00  3.7626E-02
  9.0388E+00  2.6281E-02
  9.0507E+00  1.7027E-02
  9.0626E+00  1.1415E-02
  9.0745E+00  9.9567E-03
  9.0864E+00  1.2097E-02
  9.0983E+00  1.6457E-02
  9.1102E+00  2.1284E-02
  9.1222E+00  2.4963E-02
  9.1341E+00  2.6433E-02
  9.1460E+00  2.5385E-02
  9.1579E+00  2.2222E-02
  9.1698E+00  1.7815E-02
  9.1817E+00  1.3185E-02
  9.1936E+00  9.1911E-03
  9.2055E+00  6.3196E-03
  9.2174E+00  4.6356E-03
  9.2293E+00  3.8780E-03
  9.2412E+00  3.6439E-03
  9.2531E+00  3.5743E-03
  9.2651E+00  3.4754E-03
  9.2770E+00  3.3438E-03
  9.2889E+00  3.3031E-03
  9.3008E+00  3.4905E-03
  9.3127E+00  3.9525E-03
  9.3246E+00  4.5954E-03
  9.3365E+00  5.2082E-03
  9.3484E+00  5.5447E-03
  9.3603E+00  5.4284E-03
  9.3722E+00  4.8380E-03
  9.3841E+00  3.9345E-03
  9.3961E+00  3.0166E-03
  9.4080E+00  2.4209E-03
  9.4199E+00  2.4070E-03
  9.4318E+00  3.0668E-03
  9.4437E+00  4.2876E-03
  9.4556E+00  5.7816E-03
  9.4675E+00  7.1736E-03
  9.4794E+00  8.1142E-03
  9.4913E+00  8.3797E-03
  9.5032E+00  7.9264E-03
  9.5151E+00  6.8890E-03
  9.5271E+00  5.5306E-03
  9.5390E+00  4.1609E-03
  9.5509E+00  3.0489E-03
  9.5628E+00  2.3557E-03
  9.5747E+00  2.1086E-03
  9.5866E+00  2.2171E-03
  9.5985E+00  2.5196E-03
  9.6104E+00  2.8409E-03
  9.6223E+00  3.0429E-03
  9.6342E+00  3.0553E-03
  9.6461E+00  2.8788E-03
  9.6580E+00  2.5658E-03
  9.6700E+00  2.1899E-03
  9.6819E+00  1.8168E-03
  9.6938E+00  1.4864E-03
  9.7057E+00  1.2100E-03
  9.7176E+00  9.7860E-04
  9.7295E+00  7.7827E-04
  9.7414E+00  6.0447E-04
  9.7533E+00  4.6859E-04
  9.7652E+00  3.9507E-04
  9.7771E+00  4.1056E-04
  9.7890E+00  5.2988E-04
  9.8010E+00  7.4448E-04
  9.8129E+00  1.0189E-03
  9.8248E+00  1.2974E-03
  9.8367E+00  1.5188E-03
  9.8486E+00  1.6344E-03
  9.8605E+00  1.6234E-03
  9.8724E+00  1.5011E-03
  9.8843E+00  1.3169E-03
  9.8962E+00  1.1421E-03
  9.9081E+00  1.0513E-03
  9.9200E+00  1.1009E-03
  9.9319E+00  1.3146E-03
  9.9439E+00  1.6757E-03
  9.9558E+00  2.1317E-03
  9.9677E+00  2.6065E-03
  9.9796E+00  3.0197E-03
  9.9915E+00  3.3060E-03
  1.0003E+01  3.4286E-03
  1.0015E+01  3.3849E-03
  1.0027E+01  3.2023E-03
  1.0039E+01  2.9287E-03
  1.0051E+01  2.6192E-03
  1.0063E+01  2.3235E-03
  1.0075E+01  2.0759E-03
  1.0087E+01  1.8909E-03
  1.0099E+01  1.7643E-03
  1.0111E+01  1.6796E-03
  1.0122E+01  1.6156E-03
  1.0134E+01  1.5537E-03
  1.0146E+01  1.4832E-03
  1.0158E+01  1.4015E-03
  1.0170E+01  1.3118E-03
  1.0182E+01  1.2191E-03
  1.0194E+01  1.1262E-03
  1.0206E+01  1.0318E-03
  1.0218E+01  9.3165E-04
  1.0230E+01  8.2074E-04
  1.0242E+01  6.9732E-04
  1.0253E+01  5.6533E-04
  1.0265E+01  4.3507E-04
  1.0277E+01  3.2129E-04
  1.0289E+01  2.3939E-04
  1.0301E+01  2.0072E-04
  1.0313E+01  2.0863E-04
  1.0325E+01  2.5670E-04
  1.0337E+01  3.2995E-04
  1.0349E+01  4.0896E-04
  1.0361E+01  4.7529E-04
  1.0373E+01  5.1648E-04
  1.0384E+01  5.2922E-04
  1.0396E+01  5.1968E-04
  1.0408E+01  5.0120E-04
  1.0420E+01  4.8990E-04
  1.0432E+01  4.9970E-04
  1.0444E+01  5.3855E-04
  1.0456E+01  6.0663E-04
  1.0468E+01  6.9703E-04
  1.0480E+01  7.9820E-04
  1.0492E+01  8.9753E-04
  1.0504E+01  9.8460E-04
  1.0515E+01  1.0533E-03
  1.0527E+01  1.1021E-03
  1.0539E+01  1.1328E-03
  1.0551E+01  1.1486E-03
  1.0563E+01  1.1524E-03
  1.0575E+01  1.1455E-03
  1.0587E+01  1.1276E-03
  1.0599E+01  1.0971E-03
  1.0611E+01  1.0520E-03
  1.0623E+01  9.9154E-04
  1.0635E+01  9.1679E-04
  1.0646E+01  8.3180E-04
  1.0658E+01  7.4345E-04
  1.0670E+01  6.6042E-04
  1.0682E+01  5.9143E-04
  1.0694E+01  5.4295E-04
  1.0706E+01  5.1742E-04
  1.0718E+01  5.1233E-04
  1.0730E+01  5.2065E-04
  1.0742E+01  5.3237E-04
  1.0754E+01  5.3703E-04
  1.0766E+01  5.2623E-04
  1.0777E+01  4.9582E-04
  1.0789E+01  4.4692E-04
  1.0801E+01  3.8638E-04
  1.0813E+01  3.2664E-04
  1.0825E+01  2.8560E-04
  1.0837E+01  2.8634E-04
  1.0849E+01  3.5603E-04
  1.0861E+01  5.2333E-04
  1.0873E+01  8.1305E-04
  1.0885E+01  1.2382E-03
  1.0897E+01  1.7905E-03
  1.0908E+01  2.4317E-03
  1.0920E+01  3.0910E-03
  1.0932E+01  3.6725E-03
  1.0944E+01  4.0741E-03
  1.0956E+01  4.2158E-03
  1.0968E+01  4.0685E-03
  1.0980E+01  3.6770E-03
  1.0992E+01  3.1662E-03
  1.1004E+01  2.7260E-03
  1.1016E+01  2.5713E-03
  1.1028E+01  2.8851E-03
  1.1039E+01  3.7601E-03
  1.1051E+01  5.1556E-03
  1.1063E+01  6.8875E-03
  1.1075E+01  8.6547E-03
  1.1087E+01  1.0104E-02
  1.1099E+01  1.0919E-02
  1.1111E+01  1.0902E-02
  1.1123E+01  1.0036E-02
  1.1135E+01  8.4935E-03
  1.1147E+01  6.5920E-03
  1.1159E+01  4.7186E-03
  1.1170E+01  3.2321E-03
  1.1182E+01  2.3745E-03
  1.1194E+01  2.2141E-03
  1.1206E+01  2.6399E-03
  1.1218E+01  3.4057E-03
  1.1230E+01  4.2091E-03
  1.1242E+01  4.7777E-03
  1.1254E+01  4.9389E-03
  1.1266E+01  4.6553E-03
  1.1278E+01  4.0157E-03
  1.1290E+01  3.1902E-03
  1.1301E+01  2.3661E-03
  1.1313E+01  1.6902E-03
  1.1325E+01  1.2342E-03
  1.1337E+01  9.9118E-04
  1.1349E+01  8.9843E-04
  1.1361E+01  8.7548E-04
  1.1373E+01  8.6060E-04
  1.1385E+01  8.3196E-04
  1.1397E+01  8.0701E-04
  1.1409E+01  8.2347E-04
  1.1421E+01  9.1238E-04
  1.1432E+01  1.0755E-03
  1.1444E+01  1.2775E-03
  1.1456E+01  1.4558E-03
  1.1468E+01  1.5456E-03
  1.1480E+01  1.5067E-03
  1.1492E+01  1.3435E-03
  1.1504E+01  1.1076E-03
  1.1516E+01  8.8340E-04
  1.1528E+01  7.6061E-04
  1.1540E+01  8.0253E-04
  1.1552E+01  1.0232E-03
  1.1563E+01  1.3808E-03
  1.1575E+01  1.7903E-03
  1.1587E+01  2.1489E-03
  1.1599E+01  2.3668E-03
  1.1611E+01  2.3934E-03
  1.1623E+01  2.2301E-03
  1.1635E+01  1.9262E-03
  1.1647E+01  1.5600E-03
  1.1659E+01  1.2138E-03
  1.1671E+01  9.5124E-04
  1.1683E+01  8.0243E-04
  1.1694E+01  7.6206E-04
  1.1706E+01  7.9760E-04
  1.1718E+01  8.6425E-04
  1.1730E+01  9.2078E-04
  1.1742E+01  9.4054E-04
  1.1754E+01  9.1547E-04
  1.1766E+01  8.5319E-04
  1.1778E+01  7.6981E-04
  1.1790E+01  6.8175E-04
  1.1802E+01  5.9962E-04
  1.1814E+01  5.2604E-04
  1.1825E+01  4.5751E-04
  1.1837E+01  3.8875E-04
  1.1849E+01  3.1738E-04
  1.1861E+01  2.4703E-04
  1.1873E+01  1.8772E-04
  1.1885E+01  1.5340E-04
  1.1897E+01  1.5771E-04
  1.1909E+01  2.0921E-04
  1.1921E+01  3.0782E-04
  1.1933E+01  4.4322E-04
  1.1945E+01  5.9582E-04
  1.1956E+01  7.4030E-04
  1.1968E+01  8.5110E-04
  1.1980E+01  9.0875E-04
  1.1992E+01  9.0536E-04
  1.2004E+01  8.4784E-04
  1.2016E+01  7.5774E-04
  1.2028E+01  6.6770E-04
  1.2040E+01  6.1466E-04
  1.2052E+01  6.3117E-04
  1.2064E+01  7.3682E-04
  1.2076E+01  9.3214E-04
  1.2087E+01  1.1968E-03
  1.2099E+01  1.4930E-03
  1.2111E+01  1.7724E-03
  1.2123E+01  1.9875E-03
  1.2135E+01  2.1015E-03
  1.2147E+01  2.0972E-03
  1.2159E+01  1.9800E-03
  1.2171E+01  1.7755E-03
  1.2183E+01  1.5225E-03
  1.2195E+01  1.2642E-03
  1.2207E+01  1.0385E-03
  1.2218E+01  8.7121E-04
  1.2230E+01  7.7238E-04
  1.2242E+01  7.3642E-04
  1.2254E+01  7.4596E-04
  1.2266E+01  7.7752E-04
  1.2278E+01  8.0756E-04
  1.2290E+01  8.1736E-04
  1.2302E+01  7.9597E-04
  1.2314E+01  7.4095E-04
  1.2326E+01  6.5707E-04
  1.2338E+01  5.5383E-04
  1.2349E+01  4.4268E-04
  1.2361E+01  3.3464E-04
  1.2373E+01  2.3873E-04
  1.2385E+01  1.6123E-04
  1.2397E+01  1.0557E-04
  1.2409E+01  7.2686E-05
  1.2421E+01  6.1670E-05
  1.2433E+01  7.0349E-05
  1.2445E+01  9.5658E-05
  1.2457E+01  1.3373E-04
  1.2469E+01  1.7983E-04
  1.2480E+01  2.2830E-04
  1.2492E+01  2.7294E-04
  1.2504E+01  3.0772E-04
  1.2516E+01  3.2797E-04
  1.2528E+01  3.3165E-04
  1.2540E+01  3.2044E-04
  1.2552E+01  3.0014E-04
  1.2564E+01  2.8008E-04
  1.2576E+01  2.7146E-04
  1.2588E+01  2.8469E-04
  1.2600E+01  3.2661E-04
  1.2611E+01  3.9813E-04
  1.2623E+01  4.9322E-04
  1.2635E+01  5.9946E-04
  1.2647E+01  7.0041E-04
  1.2659E+01  7.7905E-04
  1.2671E+01  8.2172E-04
  1.2683E+01  8.2106E-04
  1.2695E+01  7.7760E-04
  1.2707E+01  6.9937E-04
  1.2719E+01  6.0010E-04
  1.2731E+01  4.9610E-04
  1.2742E+01  4.0295E-04
  1.2754E+01  3.3231E-04
  1.2766E+01  2.8999E-04
  1.2778E+01  2.7541E-04
  1.2790E+01  2.8247E-04
  1.2802E+01  3.0157E-04
  1.2814E+01  3.2196E-04
  1.2826E+01  3.3419E-04
  1.2838E+01  3.3191E-04
  1.2850E+01  3.1282E-04
  1.2862E+01  2.7856E-04
  1.2873E+01  2.3387E-04
  1.2885E+01  1.8510E-04
  1.2897E+01  1.3877E-04
  1.2909E+01  1.0015E-04
  1.2921E+01  7.2517E-05
  1.2933E+01  5.6988E-05
  1.2945E+01  5.3108E-05
  1.2957E+01  5.9744E-05
  1.2969E+01  7.5934E-05
  1.2981E+01  1.0127E-04
  1.2993E+01  1.3560E-04
  1.3004E+01  1.7816E-04
  1.3016E+01  2.2652E-04
  1.3028E+01  2.7584E-04
  1.3040E+01  3.1911E-04
  1.3052E+01  3.4850E-04
  1.3064E+01  3.5767E-04
  1.3076E+01  3.4457E-04
  1.3088E+01  3.1351E-04
  1.3100E+01  2.7570E-04
  1.3112E+01  2.4736E-04
  1.3124E+01  2.4584E-04
  1.3135E+01  2.8441E-04
  1.3147E+01  3.6752E-04
  1.3159E+01  4.8783E-04
  1.3171E+01  6.2653E-04
  1.3183E+01  7.5712E-04
  1.3195E+01  8.5199E-04
  1.3207E+01  8.8976E-04
  1.3219E+01  8.6132E-04
  1.3231E+01  7.7259E-04
  1.3243E+01  6.4337E-04
  1.3255E+01  5.0217E-04
  1.3266E+01  3.7859E-04
  1.3278E+01  2.9541E-04
  1.3290E+01  2.6290E-04
  1.3302E+01  2.7713E-04
  1.3314E+01  3.2243E-04
  1.3326E+01  3.7700E-04
  1.3338E+01  4.1983E-04
  1.3350E+01  4.3665E-04
  1.3362E+01  4.2314E-04
  1.3374E+01  3.8449E-04
  1.3386E+01  3.3212E-04
  1.3397E+01  2.7879E-04
  1.3409E+01  2.3426E-04
  1.3421E+01  2.0273E-04
  1.3433E+01  1.8278E-04
  1.3445E+01  1.6950E-04
  1.3457E+01  1.5774E-04
  1.3469E+01  1.4491E-04
  1.3481E+01  1.3225E-04
  1.3493E+01  1.2411E-04
  1.3505E+01  1.2572E-04
  1.3517E+01  1.4039E-04
  1.3528E+01  1.6745E-04
  1.3540E+01  2.0178E-04
  1.3552E+01  2.3526E-04
  1.3564E+01  2.5952E-04
  1.3576E+01  2.6890E-04
  1.3588E+01  2.6257E-04
  1.3600E+01  2.4505E-04
  1.3612E+01  2.2483E-04
  1.3624E+01  2.1162E-04
  1.3636E+01  2.1322E-04
  1.3647E+01  2.3316E-04
  1.3659E+01  2.6976E-04
  1.3671E+01  3.1686E-04
  1.3683E+01  3.6592E-04
  1.3695E+01  4.0852E-04
  1.3707E+01  4.3858E-04
  1.3719E+01  4.5350E-04
  1.3731E+01  4.5402E-04
  1.3743E+01  4.4310E-04
  1.3755E+01  4.2443E-04
  1.3767E+01  4.0123E-04
  1.3778E+01  3.7569E-04
  1.3790E+01  3.4902E-04
  1.3802E+01  3.2207E-04
  1.3814E+01  2.9597E-04
  1.3826E+01  2.7236E-04
  1.3838E+01  2.5325E-04
  1.3850E+01  2.4025E-04
  1.3862E+01  2.3381E-04
  1.3874E+01  2.3257E-04
  1.3886E+01  2.3340E-04
  1.3898E+01  2.3215E-04
  1.3909E+01  2.2493E-04
  1.3921E+01  2.0943E-04
  1.3933E+01  1.8594E-04
  1.3945E+01  1.5752E-04
  1.3957E+01  1.2917E-04
  1.3969E+01  1.0631E-04
  1.3981E+01  9.2985E-05
  1.3993E+01  9.0450E-05
  1.4005E+01  9.6674E-05
  1.4017E+01  1.0693E-04
  1.4029E+01  1.1529E-04
  1.4040E+01  1.1663E-04
  1.4052E+01  1.0839E-04
  1.4064E+01  9.1511E-05
  1.4076E+01  7.0196E-05
  1.4088E+01  5.0577E-05
  1.4100E+01  3.8740E-05
  1.4112E+01  3.8740E-05
  1.4124E+01  5.1244E-05
  1.4136E+01  7.3260E-05
  1.4148E+01  9.9027E-05
  1.4160E+01  1.2173E-04
  1.4171E+01  1.3546E-04
  1.4183E+01  1.3681E-04
  1.4195E+01  1.2562E-04
  1.4207E+01  1.0482E-04
  1.4219E+01  7.9411E-05
  1.4231E+01  5.4982E-05
  1.4243E+01  3.6309E-05
  1.4255E+01  2.6382E-05
  1.4267E+01  2.6031E-05
  1.4279E+01  3.4111E-05
  1.4291E+01  4.8036E-05
  1.4302E+01  6.4463E-05
  1.4314E+01  7.9934E-05
  1.4326E+01  9.1407E-05
  1.4338E+01  9.6669E-05
  1.4350E+01  9.4643E-05
  1.4362E+01  8.5607E-05
  1.4374E+01  7.1233E-05
  1.4386E+01  5.4357E-05
  1.4398E+01  3.8419E-05
  1.4410E+01  2.6658E-05
  1.4422E+01  2.1250E-05
  1.4433E+01  2.2696E-05
  1.4445E+01  2.9671E-05
  1.4457E+01  3.9436E-05
  1.4469E+01  4.8723E-05
  1.4481E+01  5.4814E-05
  1.4493E+01  5.6409E-05
  1.4505E+01  5.3967E-05
  1.4517E+01  4.9401E-05
  1.4529E+01  4.5250E-05
  1.4541E+01  4.3663E-05
  1.4553E+01  4.5574E-05
  1.4564E+01  5.0386E-05
  1.4576E+01  5.6281E-05
  1.4588E+01  6.0999E-05
  1.4600E+01  6.2768E-05
  1.4612E+01  6.1009E-05
  1.4624E+01  5.6582E-05
  1.4636E+01  5.1515E-05
  1.4648E+01  4.8329E-05
  1.4660E+01  4.9242E-05
  1.4672E+01  5.5508E-05
  1.4684E+01  6.7085E-05
  1.4695E+01  8.2648E-05
  1.4707E+01  9.9882E-05
  1.4719E+01  1.1594E-04
  1.4731E+01  1.2794E-04
  1.4743E+01  1.3355E-04
  1.4755E+01  1.3145E-04
  1.4767E+01  1.2177E-04
  1.4779E+01  1.0631E-04
  1.4791E+01  8.8494E-05
  1.4803E+01  7.2741E-05
  1.4815E+01  6.3515E-05
  1.4826E+01  6.4021E-05
  1.4838E+01  7.5057E-05
  1.4850E+01  9.4438E-05
  1.4862E+01  1.1732E-04
  1.4874E+01  1.3745E-04
  1.4886E+01  1.4904E-04
  1.4898E+01  1.4864E-04
  1.4910E+01  1.3635E-04
  1.4922E+01  1.1589E-04
  1.4934E+01  9.3407E-05
  1.4946E+01  7.5392E-05
  1.4957E+01  6.6621E-05
  1.4969E+01  6.8697E-05
  1.4981E+01  7.9804E-05
  1.4993E+01  9.5676E-05
  1.5005E+01  1.1137E-04
  1.5017E+01  1.2310E-04
  1.5029E+01  1.2938E-04
  1.5041E+01  1.3124E-04
  1.5053E+01  1.3147E-04
  1.5065E+01  1.3352E-04
  1.5077E+01  1.4048E-04
  1.5088E+01  1.5469E-04
  1.5100E+01  1.7776E-04
  1.5112E+01  2.1086E-04
  1.5124E+01  2.5460E-04
  1.5136E+01  3.0832E-04
  1.5148E+01  3.6899E-04
  1.5160E+01  4.3033E-04
  1.5172E+01  4.8307E-04
  1.5184E+01  5.1694E-04
  1.5196E+01  5.2418E-04
  1.5208E+01  5.0343E-04
  1.5219E+01  4.6266E-04
  1.5231E+01  4.1925E-04
  1.5243E+01  3.9651E-04
  1.5255E+01  4.1698E-04
  1.5267E+01  4.9427E-04
  1.5279E+01  6.2650E-04
  1.5291E+01  7.9391E-04
  1.5303E+01  9.6225E-04
  1.5315E+01  1.0915E-03
  1.5327E+01  1.1478E-03
  1.5339E+01  1.1140E-03
  1.5350E+01  9.9657E-04
  1.5362E+01  8.2408E-04
  1.5374E+01  6.3926E-04
  1.5386E+01  4.8606E-04
  1.5398E+01  3.9649E-04
  1.5410E+01  3.8158E-04
  1.5422E+01  4.2930E-04
  1.5434E+01  5.1025E-04
  1.5446E+01  5.8878E-04
  1.5458E+01  6.3547E-04
  1.5470E+01  6.3629E-04
  1.5481E+01  5.9544E-04
  1.5493E+01  5.3126E-04
  1.5505E+01  4.6726E-04
  1.5517E+01  4.2195E-04
  1.5529E+01  4.0180E-04
  1.5541E+01  3.9997E-04
  1.5553E+01  4.0131E-04
  1.5565E+01  3.9109E-04
  1.5577E+01  3.6379E-04
  1.5589E+01  3.2792E-04
  1.5601E+01  3.0457E-04
  1.5612E+01  3.1977E-04
  1.5624E+01  3.9350E-04
  1.5636E+01  5.2958E-04
  1.5648E+01  7.1075E-04
  1.5660E+01  9.0115E-04
  1.5672E+01  1.0561E-03
  1.5684E+01  1.1362E-03
  1.5696E+01  1.1211E-03
  1.5708E+01  1.0181E-03
  1.5720E+01  8.6247E-04
  1.5732E+01  7.0835E-04
  1.5743E+01  6.1425E-04
  1.5755E+01  6.2617E-04
  1.5767E+01  7.6412E-04
  1.5779E+01  1.0158E-03
  1.5791E+01  1.3395E-03
  1.5803E+01  1.6747E-03
  1.5815E+01  1.9577E-03
  1.5827E+01  2.1368E-03
  1.5839E+01  2.1842E-03
  1.5851E+01  2.1003E-03
  1.5863E+01  1.9113E-03
  1.5874E+01  1.6607E-03
  1.5886E+01  1.3965E-03
  1.5898E+01  1.1609E-03
  1.5910E+01  9.8116E-04
  1.5922E+01  8.6749E-04
  1.5934E+01  8.1410E-04
  1.5946E+01  8.0448E-04
  1.5958E+01  8.1777E-04
  1.5970E+01  8.3440E-04
  1.5982E+01  8.3971E-04
  1.5994E+01  8.2515E-04
  1.6005E+01  7.8763E-04
  1.6017E+01  7.2794E-04
  1.6029E+01  6.4927E-04
  1.6041E+01  5.5649E-04
  1.6053E+01  4.5606E-04
  1.6065E+01  3.5623E-04
  1.6077E+01  2.6683E-04
  1.6089E+01  1.9806E-04
  1.6101E+01  1.5838E-04
  1.6113E+01  1.5188E-04
  1.6125E+01  1.7622E-04
  1.6136E+01  2.2211E-04
  1.6148E+01  2.7491E-04
  1.6160E+01  3.1814E-04
  1.6172E+01  3.3807E-04
  1.6184E+01  3.2795E-04
  1.6196E+01  2.9045E-04
  1.6208E+01  2.3742E-04
  1.6220E+01  1.8678E-04
  1.6232E+01  1.5736E-04
  1.6244E+01  1.6333E-04
  1.6256E+01  2.0983E-04
  1.6267E+01  2.9120E-04
  1.6279E+01  3.9226E-04
  1.6291E+01  4.9239E-04
  1.6303E+01  5.7096E-04
  1.6315E+01  6.1270E-04
  1.6327E+01  6.1127E-04
  1.6339E+01  5.7034E-04
  1.6351E+01  5.0191E-04
  1.6363E+01  4.2274E-04
  1.6375E+01  3.4988E-04
  1.6387E+01  2.9653E-04
  1.6398E+01  2.6931E-04
  1.6410E+01  2.6744E-04
  1.6422E+01  2.8385E-04
  1.6434E+01  3.0772E-04
  1.6446E+01  3.2762E-04
  1.6458E+01  3.3450E-04
  1.6470E+01  3.2378E-04
  1.6482E+01  2.9613E-04
  1.6494E+01  2.5676E-04
  1.6506E+01  2.1364E-04
  1.6518E+01  1.7502E-04
  1.6529E+01  1.4709E-04
  1.6541E+01  1.3228E-04
  1.6553E+01  1.2884E-04
  1.6565E+01  1.3174E-04
  1.6577E+01  1.3460E-04
  1.6589E+01  1.3217E-04
  1.6601E+01  1.2226E-04
  1.6613E+01  1.0678E-04
  1.6625E+01  9.1141E-05
  1.6637E+01  8.2420E-05
  1.6649E+01  8.6743E-05
  1.6660E+01  1.0686E-04
  1.6672E+01  1.4082E-04
  1.6684E+01  1.8222E-04
  1.6696E+01  2.2203E-04
  1.6708E+01  2.5146E-04
  1.6720E+01  2.6486E-04
  1.6732E+01  2.6165E-04
  1.6744E+01  2.4675E-04
  1.6756E+01  2.2917E-04
  1.6768E+01  2.1938E-04
  1.6780E+01  2.2623E-04
  1.6791E+01  2.5443E-04
  1.6803E+01  3.0328E-04
  1.6815E+01  3.6695E-04
  1.6827E+01  4.3609E-04
  1.6839E+01  5.0028E-04
  1.6851E+01  5.5049E-04
  1.6863E+01  5.8088E-04
  1.6875E+01  5.8973E-04
  1.6887E+01  5.7931E-04
  1.6899E+01  5.5489E-04
  1.6911E+01  5.2319E-04
  1.6922E+01  4.9071E-04
  1.6934E+01  4.6227E-04
  1.6946E+01  4.4013E-04
  1.6958E+01  4.2383E-04
  1.6970E+01  4.1071E-04
  1.6982E+01  3.9715E-04
  1.6994E+01  3.7994E-04
  1.7006E+01  3.5752E-04
  1.7018E+01  3.3070E-04
  1.7030E+01  3.0243E-04
  1.7042E+01  2.7678E-04
  1.7053E+01  2.5736E-04
  1.7065E+01  2.4582E-04
  1.7077E+01  2.4094E-04
  1.7089E+01  2.3885E-04
  1.7101E+01  2.3443E-04
  1.7113E+01  2.2336E-04
  1.7125E+01  2.0425E-04
  1.7137E+01  1.7980E-04
  1.7149E+01  1.5665E-04
  1.7161E+01  1.4371E-04
  1.7173E+01  1.4961E-04
  1.7184E+01  1.7994E-04
  1.7196E+01  2.3559E-04
  1.7208E+01  3.1239E-04
  1.7220E+01  4.0233E-04
  1.7232E+01  4.9568E-04
  1.7244E+01  5.8332E-04
  1.7256E+01  6.5844E-04
  1.7268E+01  7.1716E-04
  1.7280E+01  7.5839E-04
  1.7292E+01  7.8330E-04
  1.7304E+01  7.9507E-04
  1.7315E+01  7.9933E-04
  1.7327E+01  8.0479E-04
  1.7339E+01  8.2349E-04
  1.7351E+01  8.6960E-04
  1.7363E+01  9.5636E-04
  1.7375E+01  1.0915E-03
  1.7387E+01  1.2726E-03
  1.7399E+01  1.4838E-03
  1.7411E+01  1.6963E-03
  1.7423E+01  1.8730E-03
  1.7435E+01  1.9768E-03
  1.7446E+01  1.9810E-03
  1.7458E+01  1.8773E-03
  1.7470E+01  1.6800E-03
  1.7482E+01  1.4242E-03
  1.7494E+01  1.1576E-03
  1.7506E+01  9.2848E-04
  1.7518E+01  7.7301E-04
  1.7530E+01  7.0653E-04
  1.7542E+01  7.2058E-04
  1.7554E+01  7.8724E-04
  1.7565E+01  8.6868E-04
  1.7577E+01  9.2888E-04
  1.7589E+01  9.4356E-04
  1.7601E+01  9.0535E-04
  1.7613E+01  8.2295E-04
  1.7625E+01  7.1531E-04
  1.7637E+01  6.0347E-04
  1.7649E+01  5.0351E-04
  1.7661E+01  4.2285E-04
  1.7673E+01  3.6101E-04
  1.7685E+01  3.1371E-04
  1.7696E+01  2.7812E-04
  1.7708E+01  2.5638E-04
  1.7720E+01  2.5580E-04
  1.7732E+01  2.8526E-04
  1.7744E+01  3.4960E-04
  1.7756E+01  4.4435E-04
  1.7768E+01  5.5359E-04
  1.7780E+01  6.5249E-04
  1.7792E+01  7.1420E-04
  1.7804E+01  7.1896E-04
  1.7816E+01  6.6211E-04
  1.7827E+01  5.5808E-04
  1.7839E+01  4.3825E-04
  1.7851E+01  3.4299E-04
  1.7863E+01  3.0995E-04
  1.7875E+01  3.6241E-04
  1.7887E+01  5.0126E-04
  1.7899E+01  7.0364E-04
  1.7911E+01  9.2835E-04
  1.7923E+01  1.1269E-03
  1.7935E+01  1.2563E-03
  1.7947E+01  1.2908E-03
  1.7958E+01  1.2276E-03
  1.7970E+01  1.0860E-03
  1.7982E+01  9.0147E-04
  1.7994E+01  7.1432E-04
  1.8006E+01  5.5943E-04
  1.8018E+01  4.5804E-04
  1.8030E+01  4.1444E-04
  1.8042E+01  4.1785E-04
  1.8054E+01  4.4814E-04
  1.8066E+01  4.8312E-04
  1.8078E+01  5.0503E-04
  1.8089E+01  5.0431E-04
  1.8101E+01  4.8006E-04
  1.8113E+01  4.3778E-04
  1.8125E+01  3.8568E-04
  1.8137E+01  3.3124E-04
  1.8149E+01  2.7922E-04
  1.8161E+01  2.3144E-04
  1.8173E+01  1.8807E-04
  1.8185E+01  1.4936E-04
  1.8197E+01  1.1679E-04
  1.8209E+01  9.3111E-05
  1.8220E+01  8.1168E-05
  1.8232E+01  8.2200E-05
  1.8244E+01  9.4449E-05
  1.8256E+01  1.1286E-04
  1.8268E+01  1.3017E-04
  1.8280E+01  1.3913E-04
  1.8292E+01  1.3503E-04
  1.8304E+01  1.1757E-04
  1.8316E+01  9.1276E-05
  1.8328E+01  6.4283E-05
  1.8340E+01  4.5758E-05
  1.8351E+01  4.2912E-05
  1.8363E+01  5.8579E-05
  1.8375E+01  9.0167E-05
  1.8387E+01  1.3036E-04
  1.8399E+01  1.6927E-04
  1.8411E+01  1.9734E-04
  1.8423E+01  2.0802E-04
  1.8435E+01  1.9940E-04
  1.8447E+01  1.7449E-04
  1.8459E+01  1.4004E-04
  1.8471E+01  1.0448E-04
  1.8482E+01  7.5569E-05
  1.8494E+01  5.8525E-05
  1.8506E+01  5.5029E-05
  1.8518E+01  6.3253E-05
  1.8530E+01  7.8755E-05
  1.8542E+01  9.5878E-05
  1.8554E+01  1.0927E-04
  1.8566E+01  1.1512E-04
  1.8578E+01  1.1191E-04
  1.8590E+01  1.0053E-04
  1.8602E+01  8.3834E-05
  1.8613E+01  6.5795E-05
  1.8625E+01  5.0400E-05
  1.8637E+01  4.0610E-05
  1.8649E+01  3.7606E-05
  1.8661E+01  4.0556E-05
  1.8673E+01  4.6955E-05
  1.8685E+01  5.3482E-05
  1.8697E+01  5.7115E-05
  1.8709E+01  5.6164E-05
  1.8721E+01  5.0871E-05
  1.8733E+01  4.3367E-05
  1.8744E+01  3.6950E-05
  1.8756E+01  3.4941E-05
  1.8768E+01  3.9498E-05
  1.8780E+01  5.0816E-05
  1.8792E+01  6.7001E-05
  1.8804E+01  8.4673E-05
  1.8816E+01  1.0010E-04
  1.8828E+01  1.1044E-04
  1.8840E+01  1.1465E-04
  1.8852E+01  1.1381E-04
  1.8864E+01  1.1062E-04
  1.8875E+01  1.0850E-04
  1.8887E+01  1.1045E-04
  1.8899E+01  1.1818E-04
  1.8911E+01  1.3173E-04
  1.8923E+01  1.4967E-04
  1.8935E+01  1.6978E-04
  1.8947E+01  1.8975E-04
  1.8959E+01  2.0788E-04
  1.8971E+01  2.2323E-04
  1.8983E+01  2.3560E-04
  1.8995E+01  2.4511E-04
  1.9006E+01  2.5181E-04
  1.9018E+01  2.5545E-04
  1.9030E+01  2.5548E-04
  1.9042E+01  2.5123E-04
  1.9054E+01  2.4232E-04
  1.9066E+01  2.2890E-04
  1.9078E+01  2.1176E-04
  1.9090E+01  1.9234E-04
  1.9102E+01  1.7243E-04
  1.9114E+01  1.5392E-04
  1.9126E+01  1.3846E-04
  1.9137E+01  1.2725E-04
  1.9149E+01  1.2075E-04
  1.9161E+01  1.1860E-04
  1.9173E+01  1.1958E-04
  1.9185E+01  1.2174E-04
  1.9197E+01  1.2273E-04
  1.9209E+01  1.2037E-04
  1.9221E+01  1.1324E-04
  1.9233E+01  1.0126E-04
  1.9245E+01  8.5937E-05
  1.9257E+01  7.0203E-05
  1.9268E+01  5.7802E-05
  1.9280E+01  5.2399E-05
  1.9292E+01  5.6668E-05
  1.9304E+01  7.1661E-05
  1.9316E+01  9.6648E-05
  1.9328E+01  1.2946E-04
  1.9340E+01  1.6713E-04
  1.9352E+01  2.0660E-04
  1.9364E+01  2.4518E-04
  1.9376E+01  2.8054E-04
  1.9388E+01  3.1064E-04
  1.9399E+01  3.3348E-04
  1.9411E+01  3.4738E-04
  1.9423E+01  3.5162E-04
  1.9435E+01  3.4751E-04
  1.9447E+01  3.3931E-04
  1.9459E+01  3.3443E-04
  1.9471E+01  3.4245E-04
  1.9483E+01  3.7284E-04
  1.9495E+01  4.3179E-04
  1.9507E+01  5.1914E-04
  1.9519E+01  6.2658E-04
  1.9530E+01  7.3799E-04
  1.9542E+01  8.3237E-04
  1.9554E+01  8.8884E-04
  1.9566E+01  8.9235E-04
  1.9578E+01  8.3837E-04
  1.9590E+01  7.3511E-04
  1.9602E+01  6.0210E-04
  1.9614E+01  4.6548E-04
  1.9626E+01  3.5124E-04
  1.9638E+01  2.7846E-04
  1.9650E+01  2.5456E-04
  1.9661E+01  2.7398E-04
  1.9673E+01  3.2065E-04
  1.9685E+01  3.7332E-04
  1.9697E+01  4.1203E-04
  1.9709E+01  4.2352E-04
  1.9721E+01  4.0405E-04
  1.9733E+01  3.5906E-04
  1.9745E+01  2.9989E-04
  1.9757E+01  2.3937E-04
  1.9769E+01  1.8760E-04
  1.9781E+01  1.4958E-04
  1.9792E+01  1.2521E-04
  1.9804E+01  1.1128E-04
  1.9816E+01  1.0429E-04
  1.9828E+01  1.0271E-04
  1.9840E+01  1.0770E-04
  1.9852E+01  1.2194E-04
  1.9864E+01  1.4726E-04
  1.9876E+01  1.8219E-04
  1.9888E+01  2.2076E-04
  1.9900E+01  2.5340E-04
  1.9912E+01  2.6967E-04
  1.9923E+01  2.6225E-04
  1.9935E+01  2.3038E-04
  1.9947E+01  1.8144E-04
  1.9959E+01  1.2984E-04
  1.9971E+01  9.3173E-05
  1.9983E+01  8.6910E-05
  1.9995E+01  1.1921E-04
  2.0007E+01  1.8772E-04
  2.0019E+01  2.7945E-04
  2.0031E+01  3.7402E-04
  2.0043E+01  4.4912E-04
  2.0054E+01  4.8678E-04
  2.0066E+01  4.7824E-04
  2.0078E+01  4.2617E-04
  2.0090E+01  3.4352E-04
  2.0102E+01  2.4954E-04
  2.0114E+01  1.6437E-04
  2.0126E+01  1.0367E-04
  2.0138E+01  7.5091E-05
  2.0150E+01  7.7259E-05
  2.0162E+01  1.0143E-04
  2.0174E+01  1.3490E-04
  2.0185E+01  1.6497E-04
  2.0197E+01  1.8234E-04
  2.0209E+01  1.8286E-04
  2.0221E+01  1.6759E-04
  2.0233E+01  1.4132E-04
  2.0245E+01  1.1043E-04
  2.0257E+01  8.0763E-05
  2.0269E+01  5.6260E-05
  2.0281E+01  3.8478E-05
  2.0293E+01  2.6990E-05
  2.0305E+01  2.0250E-05
  2.0316E+01  1.6506E-05
  2.0328E+01  1.4419E-05
  2.0340E+01  1.3265E-05
  2.0352E+01  1.2793E-05
  2.0364E+01  1.2907E-05
  2.0376E+01  1.3416E-05
  2.0388E+01  1.3942E-05
  2.0400E+01  1.4030E-05
  2.0412E+01  1.3347E-05
  2.0424E+01  1.1856E-05
  2.0436E+01  9.8699E-06
  2.0447E+01  7.9370E-06
  2.0459E+01  6.6319E-06
  2.0471E+01  6.3290E-06
  2.0483E+01  7.0597E-06
  2.0495E+01  8.5083E-06
  2.0507E+01  1.0136E-05
  2.0519E+01  1.1376E-05
  2.0531E+01  1.1822E-05
  2.0543E+01  1.1344E-05
  2.0555E+01  1.0101E-05
  2.0567E+01  8.4622E-06
  2.0578E+01  6.8787E-06
  2.0590E+01  5.7524E-06
  2.0602E+01  5.3402E-06
  2.0614E+01  5.7089E-06
  2.0626E+01  6.7389E-06
  2.0638E+01  8.1635E-06
  2.0650E+01  9.6304E-06
  2.0662E+01  1.0775E-05
  2.0674E+01  1.1298E-05
  2.0686E+01  1.1035E-05
  2.0698E+01  1.0010E-05
  2.0709E+01  8.4427E-06
  2.0721E+01  6.7076E-06
  2.0733E+01  5.2435E-06
  2.0745E+01  4.4285E-06
  2.0757E+01  4.4628E-06
  2.0769E+01  5.2977E-06
  2.0781E+01  6.6399E-06
  2.0793E+01  8.0370E-06
  2.0805E+01  9.0195E-06
  2.0817E+01  9.2537E-06
  2.0829E+01  8.6528E-06
  2.0840E+01  7.4095E-06
  2.0852E+01  5.9392E-06
  2.0864E+01  4.7554E-06
  2.0876E+01  4.3213E-06
  2.0888E+01  4.9250E-06
  2.0900E+01  6.6144E-06
  2.0912E+01  9.2044E-06
  2.0924E+01  1.2342E-05
  2.0936E+01  1.5603E-05
  2.0948E+01  1.8581E-05
  2.0960E+01  2.0956E-05
  2.0971E+01  2.2532E-05
  2.0983E+01  2.3256E-05
  2.0995E+01  2.3216E-05
  2.1007E+01  2.2647E-05
  2.1019E+01  2.1914E-05
  2.1031E+01  2.1485E-05
  2.1043E+01  2.1868E-05
  2.1055E+01  2.3510E-05
  2.1067E+01  2.6683E-05
  2.1079E+01  3.1380E-05
  2.1091E+01  3.7254E-05
  2.1102E+01  4.3639E-05
  2.1114E+01  4.9650E-05
  2.1126E+01  5.4358E-05
  2.1138E+01  5.6985E-05
  2.1150E+01  5.7081E-05
  2.1162E+01  5.4627E-05
  2.1174E+01  5.0039E-05
  2.1186E+01  4.4073E-05
  2.1198E+01  3.7662E-05
  2.1210E+01  3.1718E-05
  2.1222E+01  2.6960E-05
  2.1233E+01  2.3796E-05
  2.1245E+01  2.2278E-05
  2.1257E+01  2.2141E-05
  2.1269E+01  2.2893E-05
  2.1281E+01  2.3939E-05
  2.1293E+01  2.4706E-05
  2.1305E+01  2.4748E-05
  2.1317E+01  2.3809E-05
  2.1329E+01  2.1851E-05
  2.1341E+01  1.9029E-05
  2.1353E+01  1.5652E-05
  2.1364E+01  1.2116E-05
  2.1376E+01  8.8505E-06
  2.1388E+01  6.2701E-06
  2.1400E+01  4.7491E-06
  2.1412E+01  4.6083E-06
  2.1424E+01  6.1032E-06
  2.1436E+01  9.4005E-06
  2.1448E+01  1.4531E-05
  2.1460E+01  2.1326E-05
  2.1472E+01  2.9346E-05
  2.1483E+01  3.7855E-05
  2.1495E+01  4.5857E-05
  2.1507E+01  5.2231E-05
  2.1519E+01  5.5975E-05
  2.1531E+01  5.6493E-05
  2.1543E+01  5.3875E-05
  2.1555E+01  4.9063E-05
  2.1567E+01  4.3818E-05
  2.1579E+01  4.0449E-05
  2.1591E+01  4.1309E-05
  2.1603E+01  4.8179E-05
  2.1614E+01  6.1676E-05
  2.1626E+01  8.0866E-05
  2.1638E+01  1.0324E-04
  2.1650E+01  1.2513E-04
  2.1662E+01  1.4240E-04
  2.1674E+01  1.5150E-04
  2.1686E+01  1.5031E-04
  2.1698E+01  1.3877E-04
  2.1710E+01  1.1900E-04
  2.1722E+01  9.4858E-05
  2.1734E+01  7.1013E-05
  2.1745E+01  5.1848E-05
  2.1757E+01  4.0380E-05
  2.1769E+01  3.7582E-05
  2.1781E+01  4.2255E-05
  2.1793E+01  5.1485E-05
  2.1805E+01  6.1534E-05
  2.1817E+01  6.8900E-05
  2.1829E+01  7.1225E-05
  2.1841E+01  6.7797E-05
  2.1853E+01  5.9538E-05
  2.1865E+01  4.8516E-05
  2.1876E+01  3.7182E-05
  2.1888E+01  2.7604E-05
  2.1900E+01  2.0942E-05
  2.1912E+01  1.7302E-05
  2.1924E+01  1.5980E-05
  2.1936E+01  1.5938E-05
  2.1948E+01  1.6318E-05
  2.1960E+01  1.6773E-05
  2.1972E+01  1.7510E-05
  2.1984E+01  1.9040E-05
  2.1996E+01  2.1776E-05
  2.2007E+01  2.5669E-05
  2.2019E+01  3.0051E-05
  2.2031E+01  3.3783E-05
  2.2043E+01  3.5659E-05
  2.2055E+01  3.4922E-05
  2.2067E+01  3.1668E-05
  2.2079E+01  2.6975E-05
  2.2091E+01  2.2658E-05
  2.2103E+01  2.0713E-05
  2.2115E+01  2.2628E-05
  2.2127E+01  2.8806E-05
  2.2138E+01  3.8311E-05
  2.2150E+01  4.9045E-05
  2.2162E+01  5.8332E-05
  2.2174E+01  6.3701E-05
  2.2186E+01  6.3647E-05
  2.2198E+01  5.8085E-05
  2.2210E+01  4.8384E-05
  2.2222E+01  3.6940E-05
  2.2234E+01  2.6457E-05
  2.2246E+01  1.9171E-05
  2.2258E+01  1.6246E-05
  2.2269E+01  1.7541E-05
  2.2281E+01  2.1781E-05
  2.2293E+01  2.7048E-05
  2.2305E+01  3.1409E-05
  2.2317E+01  3.3466E-05
  2.2329E+01  3.2668E-05
  2.2341E+01  2.9331E-05
  2.2353E+01  2.4384E-05
  2.2365E+01  1.8997E-05
  2.2377E+01  1.4204E-05
  2.2389E+01  1.0669E-05
  2.2400E+01  8.6136E-06
  2.2412E+01  7.8996E-06
  2.2424E+01  8.1834E-06
  2.2436E+01  9.0645E-06
  2.2448E+01  1.0176E-05
  2.2460E+01  1.1214E-05
  2.2472E+01  1.1928E-05
  2.2484E+01  1.2132E-05
  2.2496E+01  1.1741E-05
  2.2508E+01  1.0836E-05
  2.2520E+01  9.7058E-06
  2.2531E+01  8.8171E-06
  2.2543E+01  8.6938E-06
  2.2555E+01  9.7206E-06
  2.2567E+01  1.1948E-05
  2.2579E+01  1.4986E-05
  2.2591E+01  1.8060E-05
  2.2603E+01  2.0236E-05
  2.2615E+01  2.0755E-05
  2.2627E+01  1.9357E-05
  2.2639E+01  1.6452E-05
  2.2651E+01  1.3056E-05
  2.2662E+01  1.0486E-05
  2.2674E+01  9.9034E-06
  2.2686E+01  1.1879E-05
  2.2698E+01  1.6140E-05
  2.2710E+01  2.1610E-05
  2.2722E+01  2.6744E-05
  2.2734E+01  3.0040E-05
  2.2746E+01  3.0552E-05
  2.2758E+01  2.8197E-05
  2.2770E+01  2.3767E-05
  2.2782E+01  1.8628E-05
  2.2793E+01  1.4238E-05
  2.2805E+01  1.1651E-05
  2.2817E+01  1.1207E-05
  2.2829E+01  1.2500E-05
  2.2841E+01  1.4621E-05
  2.2853E+01  1.6552E-05
  2.2865E+01  1.7553E-05
  2.2877E+01  1.7389E-05
  2.2889E+01  1.6326E-05
  2.2901E+01  1.4929E-05
  2.2913E+01  1.3763E-05
  2.2924E+01  1.3154E-05
  2.2936E+01  1.3094E-05
  2.2948E+01  1.3333E-05
  2.2960E+01  1.3576E-05
  2.2972E+01  1.3688E-05
  2.2984E+01  1.3793E-05
  2.2996E+01  1.4208E-05
  2.3008E+01  1.5255E-05
  2.3020E+01  1.7032E-05
  2.3032E+01  1.9275E-05
  2.3044E+01  2.1387E-05
  2.3055E+01  2.2643E-05
  2.3067E+01  2.2504E-05
  2.3079E+01  2.0896E-05
  2.3091E+01  1.8342E-05
  2.3103E+01  1.5861E-05
  2.3115E+01  1.4668E-05
  2.3127E+01  1.5761E-05
  2.3139E+01  1.9555E-05
  2.3151E+01  2.5689E-05
  2.3163E+01  3.3077E-05
  2.3175E+01  4.0204E-05
  2.3186E+01  4.5543E-05
  2.3198E+01  4.7981E-05
  2.3210E+01  4.7111E-05
  2.3222E+01  4.3310E-05
  2.3234E+01  3.7616E-05
  2.3246E+01  3.1433E-05
  2.3258E+01  2.6164E-05
  2.3270E+01  2.2877E-05
  2.3282E+01  2.2070E-05
  2.3294E+01  2.3585E-05
  2.3306E+01  2.6690E-05
  2.3317E+01  3.0282E-05
  2.3329E+01  3.3179E-05
  2.3341E+01  3.4431E-05
  2.3353E+01  3.3576E-05
  2.3365E+01  3.0769E-05
  2.3377E+01  2.6741E-05
  2.3389E+01  2.2578E-05
  2.3401E+01  1.9386E-05
  2.3413E+01  1.7933E-05
  2.3425E+01  1.8389E-05
  2.3437E+01  2.0279E-05
  2.3448E+01  2.2660E-05
  2.3460E+01  2.4507E-05
  2.3472E+01  2.5148E-05
  2.3484E+01  2.4586E-05
  2.3496E+01  2.3568E-05
  2.3508E+01  2.3342E-05
  2.3520E+01  2.5173E-05
  2.3532E+01  2.9794E-05
  2.3544E+01  3.7008E-05
  2.3556E+01  4.5619E-05
  2.3568E+01  5.3759E-05
  2.3579E+01  5.9519E-05
  2.3591E+01  6.1653E-05
  2.3603E+01  6.0112E-05
  2.3615E+01  5.6168E-05
  2.3627E+01  5.2085E-05
  2.3639E+01  5.0428E-05
  2.3651E+01  5.3243E-05
  2.3663E+01  6.1386E-05
  2.3675E+01  7.4250E-05
  2.3687E+01  8.9955E-05
  2.3699E+01  1.0592E-04
  2.3710E+01  1.1960E-04
  2.3722E+01  1.2914E-04
  2.3734E+01  1.3371E-04
  2.3746E+01  1.3358E-04
  2.3758E+01  1.2974E-04
  2.3770E+01  1.2356E-04
  2.3782E+01  1.1636E-04
  2.3794E+01  1.0917E-04
  2.3806E+01  1.0268E-04
  2.3818E+01  9.7260E-05
  2.3830E+01  9.3120E-05
  2.3841E+01  9.0275E-05
  2.3853E+01  8.8550E-05
  2.3865E+01  8.7529E-05
  2.3877E+01  8.6586E-05
  2.3889E+01  8.5037E-05
  2.3901E+01  8.2380E-05
  2.3913E+01  7.8543E-05
  2.3925E+01  7.4002E-05
  2.3937E+01  6.9669E-05
  2.3949E+01  6.6553E-05
  2.3961E+01  6.5307E-05
  2.3972E+01  6.5854E-05
  2.3984E+01  6.7293E-05
  2.3996E+01  6.8200E-05
  2.4008E+01  6.7260E-05
  2.4020E+01  6.3997E-05
  2.4032E+01  5.9309E-05
  2.4044E+01  5.5500E-05
  2.4056E+01  5.5723E-05
  2.4068E+01  6.2902E-05
  2.4080E+01  7.8504E-05
  2.4092E+01  1.0159E-04
  2.4103E+01  1.2861E-04
  2.4115E+01  1.5406E-04
  2.4127E+01  1.7198E-04
  2.4139E+01  1.7780E-04
  2.4151E+01  1.7004E-04
  2.4163E+01  1.5116E-04
  2.4175E+01  1.2728E-04
  2.4187E+01  1.0679E-04
  2.4199E+01  9.8045E-05
  2.4211E+01  1.0693E-04
  2.4223E+01  1.3499E-04
  2.4234E+01  1.7873E-04
  2.4246E+01  2.3021E-04
  2.4258E+01  2.7902E-04
  2.4270E+01  3.1482E-04
  2.4282E+01  3.2999E-04
  2.4294E+01  3.2153E-04
  2.4306E+01  2.9171E-04
  2.4318E+01  2.4731E-04
  2.4330E+01  1.9781E-04
  2.4342E+01  1.5283E-04
  2.4354E+01  1.1988E-04
  2.4365E+01  1.0270E-04
  2.4377E+01  1.0083E-04
  2.4389E+01  1.1017E-04
  2.4401E+01  1.2452E-04
  2.4413E+01  1.3742E-04
  2.4425E+01  1.4383E-04
  2.4437E+01  1.4116E-04
  2.4449E+01  1.2955E-04
  2.4461E+01  1.1128E-04
  2.4473E+01  8.9820E-05
  2.4485E+01  6.8696E-05
  2.4496E+01  5.0628E-05
  2.4508E+01  3.7092E-05
  2.4520E+01  2.8340E-05
  2.4532E+01  2.3732E-05
  2.4544E+01  2.2189E-05
  2.4556E+01  2.2571E-05
  2.4568E+01  2.3876E-05
  2.4580E+01  2.5282E-05
  2.4592E+01  2.6117E-05
  2.4604E+01  2.5866E-05
  2.4616E+01  2.4268E-05
  2.4627E+01  2.1460E-05
  2.4639E+01  1.8076E-05
  2.4651E+01  1.5179E-05
  2.4663E+01  1.3983E-05
  2.4675E+01  1.5408E-05
  2.4687E+01  1.9645E-05
  2.4699E+01  2.5910E-05
  2.4711E+01  3.2558E-05
  2.4723E+01  3.7552E-05
  2.4735E+01  3.9176E-05
  2.4747E+01  3.6736E-05
  2.4758E+01  3.0945E-05
  2.4770E+01  2.3821E-05
  2.4782E+01  1.8065E-05
  2.4794E+01  1.6132E-05
  2.4806E+01  1.9326E-05
  2.4818E+01  2.7261E-05
  2.4830E+01  3.7914E-05
  2.4842E+01  4.8255E-05
  2.4854E+01  5.5255E-05
  2.4866E+01  5.6904E-05
  2.4878E+01  5.2860E-05
  2.4889E+01  4.4508E-05
  2.4901E+01  3.4417E-05
  2.4913E+01  2.5417E-05
  2.4925E+01  1.9659E-05
  2.4937E+01  1.8000E-05
  2.4949E+01  1.9896E-05
  2.4961E+01  2.3801E-05
  2.4973E+01  2.7860E-05
  2.4985E+01  3.0609E-05
  2.4997E+01  3.1404E-05
  2.5009E+01  3.0462E-05
  2.5020E+01  2.8554E-05
  2.5032E+01  2.6531E-05
  2.5044E+01  2.4933E-05
  2.5056E+01  2.3832E-05
  2.5068E+01  2.2950E-05
  2.5080E+01  2.1954E-05
  2.5092E+01  2.0747E-05
  2.5104E+01  1.9599E-05
  2.5116E+01  1.9055E-05
  2.5128E+01  1.9649E-05
  2.5140E+01  2.1593E-05
  2.5151E+01  2.4595E-05
  2.5163E+01  2.7904E-05
  2.5175E+01  3.0580E-05
  2.5187E+01  3.1871E-05
  2.5199E+01  3.1527E-05
  2.5211E+01  2.9922E-05
  2.5223E+01  2.7931E-05
  2.5235E+01  2.6599E-05
  2.5247E+01  2.6774E-05
  2.5259E+01  2.8823E-05
  2.5271E+01  3.2555E-05
  2.5282E+01  3.7348E-05
  2.5294E+01  4.2404E-05
  2.5306E+01  4.6997E-05
  2.5318E+01  5.0637E-05
  2.5330E+01  5.3086E-05
  2.5342E+01  5.4286E-05
  2.5354E+01  5.4256E-05
  2.5366E+01  5.3052E-05
  2.5378E+01  5.0797E-05
  2.5390E+01  4.7763E-05
  2.5401E+01  4.4408E-05
  2.5413E+01  4.1333E-05
  2.5425E+01  3.9118E-05
  2.5437E+01  3.8109E-05
  2.5449E+01  3.8251E-05
  2.5461E+01  3.9066E-05
  2.5473E+01  3.9815E-05
  2.5485E+01  3.9792E-05
  2.5497E+01  3.8627E-05
  2.5509E+01  3.6456E-05
  2.5521E+01  3.3870E-05
  2.5532E+01  3.1647E-05
  2.5544E+01  3.0400E-05
  2.5556E+01  3.0288E-05
  2.5568E+01  3.0958E-05
  2.5580E+01  3.1741E-05
  2.5592E+01  3.2028E-05
  2.5604E+01  3.1652E-05
  2.5616E+01  3.1068E-05
  2.5628E+01  3.1235E-05
  2.5640E+01  3.3211E-05
  2.5652E+01  3.7655E-05
  2.5663E+01  4.4456E-05
  2.5675E+01  5.2682E-05
  2.5687E+01  6.0904E-05
  2.5699E+01  6.7753E-05
  2.5711E+01  7.2486E-05
  2.5723E+01  7.5282E-05
  2.5735E+01  7.7121E-05
  2.5747E+01  7.9297E-05
  2.5759E+01  8.2789E-05
  2.5771E+01  8.7797E-05
  2.5783E+01  9.3708E-05
  2.5794E+01  9.9507E-05
  2.5806E+01  1.0448E-04
  2.5818E+01  1.0880E-04
  2.5830E+01  1.1373E-04
  2.5842E+01  1.2115E-04
  2.5854E+01  1.3264E-04
  2.5866E+01  1.4836E-04
  2.5878E+01  1.6642E-04
  2.5890E+01  1.8297E-04
  2.5902E+01  1.9327E-04
  2.5914E+01  1.9331E-04
  2.5925E+01  1.8152E-04
  2.5937E+01  1.5965E-04
  2.5949E+01  1.3263E-04
  2.5961E+01  1.0713E-04
  2.5973E+01  8.9360E-05
  2.5985E+01  8.3007E-05
  2.5997E+01  8.7931E-05
  2.6009E+01  1.0036E-04
  2.6021E+01  1.1445E-04
  2.6033E+01  1.2459E-04
  2.6045E+01  1.2756E-04
  2.6056E+01  1.2357E-04
  2.6068E+01  1.1584E-04
  2.6080E+01  1.0881E-04
  2.6092E+01  1.0586E-04
  2.6104E+01  1.0757E-04
  2.6116E+01  1.1147E-04
  2.6128E+01  1.1344E-04
  2.6140E+01  1.1041E-04
  2.6152E+01  1.0305E-04
  2.6164E+01  9.7149E-05
  2.6176E+01  1.0275E-04
  2.6187E+01  1.3088E-04
  2.6199E+01  1.8889E-04
  2.6211E+01  2.7608E-04
  2.6223E+01  3.8138E-04
  2.6235E+01  4.8470E-04
  2.6247E+01  5.6177E-04
  2.6259E+01  5.9165E-04
  2.6271E+01  5.6430E-04
  2.6283E+01  4.8573E-04
  2.6295E+01  3.7856E-04
  2.6307E+01  2.7732E-04
  2.6318E+01  2.1950E-04
  2.6330E+01  2.3481E-04
  2.6342E+01  3.3581E-04
  2.6354E+01  5.1294E-04
  2.6366E+01  7.3551E-04
  2.6378E+01  9.5889E-04
  2.6390E+01  1.1357E-03
  2.6402E+01  1.2279E-03
  2.6414E+01  1.2165E-03
  2.6426E+01  1.1059E-03
  2.6438E+01  9.2187E-04
  2.6449E+01  7.0442E-04
  2.6461E+01  4.9702E-04
  2.6473E+01  3.3609E-04
  2.6485E+01  2.4304E-04
  2.6497E+01  2.2082E-04
  2.6509E+01  2.5559E-04
  2.6521E+01  3.2249E-04
  2.6533E+01  3.9330E-04
  2.6545E+01  4.4397E-04
  2.6557E+01  4.5971E-04
  2.6569E+01  4.3693E-04
  2.6580E+01  3.8192E-04
  2.6592E+01  3.0726E-04
  2.6604E+01  2.2743E-04
  2.6616E+01  1.5484E-04
  2.6628E+01  9.7418E-05
  2.6640E+01  5.7901E-05
  2.6652E+01  3.4731E-05
  2.6664E+01  2.3811E-05
  2.6676E+01  2.0400E-05
  2.6688E+01  2.0529E-05
  2.6700E+01  2.1661E-05
  2.6711E+01  2.2644E-05
  2.6723E+01  2.3226E-05
  2.6735E+01  2.3486E-05
  2.6747E+01  2.3436E-05
  2.6759E+01  2.2920E-05
  2.6771E+01  2.1746E-05
  2.6783E+01  1.9919E-05
  2.6795E+01  1.7783E-05
  2.6807E+01  1.5995E-05
  2.6819E+01  1.5322E-05
  2.6831E+01  1.6338E-05
  2.6842E+01  1.9176E-05
  2.6854E+01  2.3416E-05
  2.6866E+01  2.8177E-05
  2.6878E+01  3.2363E-05
  2.6890E+01  3.4992E-05
  2.6902E+01  3.5472E-05
  2.6914E+01  3.3756E-05
  2.6926E+01  3.0320E-05
  2.6938E+01  2.5988E-05
  2.6950E+01  2.1685E-05
  2.6962E+01  1.8185E-05
  2.6973E+01  1.5939E-05
  2.6985E+01  1.5015E-05
  2.6997E+01  1.5146E-05
  2.7009E+01  1.5854E-05
  2.7021E+01  1.6603E-05
  2.7033E+01  1.6944E-05
  2.7045E+01  1.6603E-05
  2.7057E+01  1.5519E-05
  2.7069E+01  1.3828E-05
  2.7081E+01  1.1801E-05
  2.7093E+01  9.7630E-06
  2.7104E+01  8.0108E-06
  2.7116E+01  6.7419E-06
  2.7128E+01  6.0137E-06
  2.7140E+01  5.7393E-06
  2.7152E+01  5.7226E-06
  2.7164E+01  5.7250E-06
  2.7176E+01  5.5444E-06
  2.7188E+01  5.0840E-06
  2.7200E+01  4.3863E-06
  2.7212E+01  3.6202E-06
  2.7224E+01  3.0226E-06
  2.7235E+01  2.8145E-06
  2.7247E+01  3.1197E-06
  2.7259E+01  3.9160E-06
  2.7271E+01  5.0367E-06
  2.7283E+01  6.2226E-06
  2.7295E+01  7.2064E-06
  2.7307E+01  7.7999E-06
  2.7319E+01  7.9515E-06
  2.7331E+01  7.7557E-06
  2.7343E+01  7.4138E-06
  2.7355E+01  7.1612E-06
  2.7366E+01  7.1921E-06
  2.7378E+01  7.6056E-06
  2.7390E+01  8.3908E-06
  2.7402E+01  9.4481E-06
  2.7414E+01  1.0634E-05
  2.7426E+01  1.1810E-05
  2.7438E+01  1.2868E-05
  2.7450E+01  1.3745E-05
  2.7462E+01  1.4407E-05
  2.7474E+01  1.4834E-05
  2.7486E+01  1.5005E-05
  2.7497E+01  1.4905E-05
  2.7509E+01  1.4536E-05
  2.7521E+01  1.3930E-05
  2.7533E+01  1.3158E-05
  2.7545E+01  1.2320E-05
  2.7557E+01  1.1516E-05
  2.7569E+01  1.0823E-05
  2.7581E+01  1.0272E-05
  2.7593E+01  9.8507E-06
  2.7605E+01  9.5152E-06
  2.7617E+01  9.2195E-06
  2.7628E+01  8.9345E-06
  2.7640E+01  8.6548E-06
  2.7652E+01  8.3882E-06
  2.7664E+01  8.1362E-06
  2.7676E+01  7.8785E-06
  2.7688E+01  7.5746E-06
  2.7700E+01  7.1848E-06
  2.7712E+01  6.7024E-06
  2.7724E+01  6.1818E-06
  2.7736E+01  5.7429E-06
  2.7748E+01  5.5464E-06
  2.7759E+01  5.7446E-06
  2.7771E+01  6.4276E-06
  2.7783E+01  7.5891E-06
  2.7795E+01  9.1277E-06
  2.7807E+01  1.0882E-05
  2.7819E+01  1.2687E-05
  2.7831E+01  1.4415E-05
  2.7843E+01  1.5997E-05
  2.7855E+01  1.7393E-05
  2.7867E+01  1.8554E-05
  2.7879E+01  1.9395E-05
  2.7890E+01  1.9804E-05
  2.7902E+01  1.9717E-05
  2.7914E+01  1.9219E-05
  2.7926E+01  1.8626E-05
  2.7938E+01  1.8493E-05
  2.7950E+01  1.9496E-05
  2.7962E+01  2.2214E-05
  2.7974E+01  2.6855E-05
  2.7986E+01  3.3046E-05
  2.7998E+01  3.9790E-05
  2.8010E+01  4.5645E-05
  2.8021E+01  4.9113E-05
  2.8033E+01  4.9127E-05
  2.8045E+01  4.5460E-05
  2.8057E+01  3.8892E-05
  2.8069E+01  3.1052E-05
  2.8081E+01  2.3948E-05
  2.8093E+01  1.9337E-05
  2.8105E+01  1.8158E-05
  2.8117E+01  2.0238E-05
  2.8129E+01  2.4396E-05
  2.8141E+01  2.8919E-05
  2.8152E+01  3.2221E-05
  2.8164E+01  3.3439E-05
  2.8176E+01  3.2698E-05
  2.8188E+01  3.0949E-05
  2.8200E+01  2.9433E-05
  2.8212E+01  2.9043E-05
  2.8224E+01  2.9867E-05
  2.8236E+01  3.1196E-05
  2.8248E+01  3.2030E-05
  2.8260E+01  3.1942E-05
  2.8272E+01  3.1887E-05
  2.8283E+01  3.4543E-05
  2.8295E+01  4.3857E-05
  2.8307E+01  6.3769E-05
  2.8319E+01  9.6473E-05
  2.8331E+01  1.4082E-04
  2.8343E+01  1.9157E-04
  2.8355E+01  2.3998E-04
  2.8367E+01  2.7584E-04
  2.8379E+01  2.9051E-04
  2.8391E+01  2.8003E-04
  2.8403E+01  2.4734E-04
  2.8414E+01  2.0269E-04
  2.8426E+01  1.6169E-04
  2.8438E+01  1.4151E-04
  2.8450E+01  1.5603E-04
  2.8462E+01  2.1143E-04
  2.8474E+01  3.0361E-04
  2.8486E+01  4.1831E-04
  2.8498E+01  5.3408E-04
  2.8510E+01  6.2741E-04
  2.8522E+01  6.7859E-04
  2.8534E+01  6.7672E-04
  2.8545E+01  6.2247E-04
  2.8557E+01  5.2778E-04
  2.8569E+01  4.1268E-04
  2.8581E+01  3.0013E-04
  2.8593E+01  2.1031E-04
  2.8605E+01  1.5603E-04
  2.8617E+01  1.4039E-04
  2.8629E+01  1.5709E-04
  2.8641E+01  1.9317E-04
  2.8653E+01  2.3300E-04
  2.8665E+01  2.6259E-04
  2.8676E+01  2.7271E-04
  2.8688E+01  2.6044E-04
  2.8700E+01  2.2881E-04
  2.8712E+01  1.8491E-04
  2.8724E+01  1.3738E-04
  2.8736E+01  9.3909E-05
  2.8748E+01  5.9579E-05
  2.8760E+01  3.6232E-05
  2.8772E+01  2.2900E-05
  2.8784E+01  1.6881E-05
  2.8796E+01  1.5016E-05
  2.8807E+01  1.4741E-05
  2.8819E+01  1.4647E-05
  2.8831E+01  1.4520E-05
  2.8843E+01  1.4953E-05
  2.8855E+01  1.6775E-05
  2.8867E+01  2.0507E-05
  2.8879E+01  2.6021E-05
  2.8891E+01  3.2486E-05
  2.8903E+01  3.8567E-05
  2.8915E+01  4.2813E-05
  2.8927E+01  4.4102E-05
  2.8938E+01  4.2030E-05
  2.8950E+01  3.7133E-05
  2.8962E+01  3.0878E-05
  2.8974E+01  2.5399E-05
  2.8986E+01  2.3002E-05
  2.8998E+01  2.5559E-05
  2.9010E+01  3.3918E-05
  2.9022E+01  4.7520E-05
  2.9034E+01  6.4356E-05
  2.9046E+01  8.1320E-05
  2.9058E+01  9.4920E-05
  2.9069E+01  1.0215E-04
  2.9081E+01  1.0132E-04
  2.9093E+01  9.2535E-05
  2.9105E+01  7.7720E-05
  2.9117E+01  6.0156E-05
  2.9129E+01  4.3600E-05
  2.9141E+01  3.1298E-05
  2.9153E+01  2.5154E-05
  2.9165E+01  2.5311E-05
  2.9177E+01  3.0261E-05
  2.9188E+01  3.7419E-05
  2.9200E+01  4.3960E-05
  2.9212E+01  4.7641E-05
  2.9224E+01  4.7360E-05
  2.9236E+01  4.3296E-05
  2.9248E+01  3.6648E-05
  2.9260E+01  2.9101E-05
  2.9272E+01  2.2235E-05
  2.9284E+01  1.7072E-05
  2.9296E+01  1.3890E-05
  2.9308E+01  1.2331E-05
  2.9319E+01  1.1691E-05
  2.9331E+01  1.1272E-05
  2.9343E+01  1.0636E-05
  2.9355E+01  9.6931E-06
  2.9367E+01  8.6217E-06
  2.9379E+01  7.6931E-06
  2.9391E+01  7.0954E-06
  2.9403E+01  6.8391E-06
  2.9415E+01  6.7741E-06
  2.9427E+01  6.6915E-06
  2.9439E+01  6.4491E-06
  2.9450E+01  6.0527E-06
  2.9462E+01  5.6541E-06
  2.9474E+01  5.4706E-06
  2.9486E+01  5.6676E-06
  2.9498E+01  6.2641E-06
  2.9510E+01  7.1047E-06
  2.9522E+01  7.9100E-06
  2.9534E+01  8.3822E-06
  2.9546E+01  8.3185E-06
  2.9558E+01  7.6845E-06
  2.9570E+01  6.6238E-06
  2.9581E+01  5.4026E-06
  2.9593E+01  4.3196E-06
  2.9605E+01  3.6172E-06
  2.9617E+01  3.4242E-06
  2.9629E+01  3.7419E-06
  2.9641E+01  4.4660E-06
  2.9653E+01  5.4245E-06
  2.9665E+01  6.4162E-06
  2.9677E+01  7.2416E-06
  2.9689E+01  7.7305E-06
  2.9701E+01  7.7716E-06
  2.9712E+01  7.3453E-06
  2.9724E+01  6.5495E-06
  2.9736E+01  5.5989E-06
  2.9748E+01  4.7838E-06
  2.9760E+01  4.3895E-06
  2.9772E+01  4.5964E-06
  2.9784E+01  5.4023E-06
  2.9796E+01  6.6055E-06
  2.9808E+01  7.8684E-06
  2.9820E+01  8.8459E-06
  2.9832E+01  9.3318E-06
  2.9843E+01  9.3589E-06
  2.9855E+01  9.2005E-06
  2.9867E+01  9.2607E-06
  2.9879E+01  9.8881E-06
  2.9891E+01  1.1190E-05
  2.9903E+01  1.2931E-05
  2.9915E+01  1.4580E-05
  2.9927E+01  1.5496E-05
  2.9939E+01  1.5200E-05
  2.9951E+01  1.3618E-05
  2.9963E+01  1.1186E-05
  2.9974E+01  8.7647E-06
  2.9986E+01  7.3707E-06
  2.9998E+01  7.8217E-06
  3.0010E+01  1.0421E-05
  3.0022E+01  1.4808E-05
  3.0034E+01  2.0030E-05
  3.0046E+01  2.4824E-05
  3.0058E+01  2.8002E-05
  3.0070E+01  2.8809E-05
  3.0082E+01  2.7129E-05
  3.0094E+01  2.3472E-05
  3.0105E+01  1.8777E-05
  3.0117E+01  1.4111E-05
  3.0129E+01  1.0378E-05
  3.0141E+01  8.1354E-06
  3.0153E+01  7.5434E-06
  3.0165E+01  8.4357E-06
  3.0177E+01  1.0439E-05
  3.0189E+01  1.3082E-05
  3.0201E+01  1.5865E-05
  3.0213E+01  1.8293E-05
  3.0225E+01  1.9917E-05
  3.0236E+01  2.0407E-05
  3.0248E+01  1.9670E-05
  3.0260E+01  1.7946E-05
  3.0272E+01  1.5840E-05
  3.0284E+01  1.4202E-05
  3.0296E+01  1.3877E-05
  3.0308E+01  1.5383E-05
  3.0320E+01  1.8648E-05
  3.0332E+01  2.2949E-05
  3.0344E+01  2.7113E-05
  3.0356E+01  2.9981E-05
  3.0367E+01  3.0956E-05
  3.0379E+01  3.0428E-05
  3.0391E+01  2.9858E-05
  3.0403E+01  3.1410E-05
  3.0415E+01  3.7200E-05
  3.0427E+01  4.8398E-05
  3.0439E+01  6.4527E-05
  3.0451E+01  8.3262E-05
  3.0463E+01  1.0088E-04
  3.0475E+01  1.1333E-04
  3.0487E+01  1.1753E-04
  3.0498E+01  1.1257E-04
  3.0510E+01  1.0031E-04
  3.0522E+01  8.5108E-05
  3.0534E+01  7.2750E-05
  3.0546E+01  6.8764E-05
  3.0558E+01  7.6747E-05
  3.0570E+01  9.7153E-05
  3.0582E+01  1.2698E-04
  3.0594E+01  1.6047E-04
  3.0606E+01  1.9057E-04
  3.0618E+01  2.1084E-04
  3.0629E+01  2.1706E-04
  3.0641E+01  2.0825E-04
  3.0653E+01  1.8681E-04
  3.0665E+01  1.5767E-04
  3.0677E+01  1.2693E-04
  3.0689E+01  1.0029E-04
  3.0701E+01  8.1692E-05
  3.0713E+01  7.2633E-05
  3.0725E+01  7.2146E-05
  3.0737E+01  7.7420E-05
  3.0749E+01  8.4786E-05
  3.0760E+01  9.0750E-05
  3.0772E+01  9.2805E-05
  3.0784E+01  8.9845E-05
  3.0796E+01  8.2151E-05
  3.0808E+01  7.1042E-05
  3.0820E+01  5.8348E-05
  3.0832E+01  4.5880E-05
  3.0844E+01  3.5028E-05
  3.0856E+01  2.6563E-05
  3.0868E+01  2.0633E-05
  3.0880E+01  1.6910E-05
  3.0891E+01  1.4802E-05
  3.0903E+01  1.3654E-05
  3.0915E+01  1.2901E-05
  3.0927E+01  1.2145E-05
  3.0939E+01  1.1176E-05
  3.0951E+01  9.9662E-06
  3.0963E+01  8.6389E-06
  3.0975E+01  7.4378E-06
  3.0987E+01  6.6781E-06
  3.0999E+01  6.6745E-06
  3.1011E+01  7.6438E-06
  3.1022E+01  9.5997E-06
  3.1034E+01  1.2278E-05
  3.1046E+01  1.5132E-05
  3.1058E+01  1.7437E-05
  3.1070E+01  1.8483E-05
  3.1082E+01  1.7827E-05
  3.1094E+01  1.5501E-05
  3.1106E+01  1.2113E-05
  3.1118E+01  8.7489E-06
  3.1130E+01  6.6957E-06
  3.1142E+01  7.0436E-06
  3.1153E+01  1.0294E-05
  3.1165E+01  1.6117E-05
  3.1177E+01  2.3364E-05
  3.1189E+01  3.0352E-05
  3.1201E+01  3.5359E-05
  3.1213E+01  3.7155E-05
  3.1225E+01  3.5386E-05
  3.1237E+01  3.0688E-05
  3.1249E+01  2.4465E-05
  3.1261E+01  1.8430E-05
  3.1273E+01  1.4058E-05
  3.1284E+01  1.2144E-05
  3.1296E+01  1.2626E-05
  3.1308E+01  1.4715E-05
  3.1320E+01  1.7258E-05
  3.1332E+01  1.9198E-05
  3.1344E+01  1.9938E-05
  3.1356E+01  1.9471E-05
  3.1368E+01  1.8274E-05
  3.1380E+01  1.7005E-05
  3.1392E+01  1.6172E-05
  3.1404E+01  1.5917E-05
  3.1415E+01  1.5995E-05
  3.1427E+01  1.5950E-05
  3.1439E+01  1.5386E-05
  3.1451E+01  1.4196E-05
  3.1463E+01  1.2649E-05
  3.1475E+01  1.1278E-05
  3.1487E+01  1.0635E-05
  3.1499E+01  1.1012E-05
  3.1511E+01  1.2282E-05
  3.1523E+01  1.3913E-05
  3.1535E+01  1.5176E-05
  3.1546E+01  1.5459E-05
  3.1558E+01  1.4529E-05
  3.1570E+01  1.2662E-05
  3.1582E+01  1.0553E-05
  3.1594E+01  9.0577E-06
  3.1606E+01  8.8616E-06
  3.1618E+01  1.0217E-05
  3.1630E+01  1.2841E-05
  3.1642E+01  1.6007E-05
  3.1654E+01  1.8801E-05
  3.1666E+01  2.0418E-05
  3.1677E+01  2.0412E-05
  3.1689E+01  1.8805E-05
  3.1701E+01  1.6030E-05
  3.1713E+01  1.2777E-05
  3.1725E+01  9.7723E-06
  3.1737E+01  7.6069E-06
  3.1749E+01  6.6221E-06
  3.1761E+01  6.8808E-06
  3.1773E+01  8.1951E-06
  3.1785E+01  1.0187E-05
  3.1797E+01  1.2366E-05
  3.1808E+01  1.4213E-05
  3.1820E+01  1.5289E-05
  3.1832E+01  1.5335E-05
  3.1844E+01  1.4360E-05
  3.1856E+01  1.2665E-05
  3.1868E+01  1.0774E-05
  3.1880E+01  9.2818E-06
  3.1892E+01  8.6552E-06
  3.1904E+01  9.0638E-06
  3.1916E+01  1.0326E-05
  3.1928E+01  1.2003E-05
  3.1939E+01  1.3620E-05
  3.1951E+01  1.4921E-05
  3.1963E+01  1.6036E-05
  3.1975E+01  1.7462E-05
  3.1987E+01  1.9833E-05
  3.1999E+01  2.3558E-05
  3.2011E+01  2.8482E-05
  3.2023E+01  3.3747E-05
  3.2035E+01  3.7973E-05
  3.2047E+01  3.9722E-05
  3.2059E+01  3.8115E-05
  3.2070E+01  3.3335E-05
  3.2082E+01  2.6798E-05
  3.2094E+01  2.0858E-05
  3.2106E+01  1.8110E-05
  3.2118E+01  2.0501E-05
  3.2130E+01  2.8587E-05
  3.2142E+01  4.1201E-05
  3.2154E+01  5.5704E-05
  3.2166E+01  6.8731E-05
  3.2178E+01  7.7206E-05
  3.2190E+01  7.9248E-05
  3.2201E+01  7.4673E-05
  3.2213E+01  6.4942E-05
  3.2225E+01  5.2608E-05
  3.2237E+01  4.0499E-05
  3.2249E+01  3.0953E-05
  3.2261E+01  2.5334E-05
  3.2273E+01  2.3928E-05
  3.2285E+01  2.6154E-05
  3.2297E+01  3.0920E-05
  3.2309E+01  3.6940E-05
  3.2321E+01  4.2925E-05
  3.2332E+01  4.7673E-05
  3.2344E+01  5.0167E-05
  3.2356E+01  4.9761E-05
  3.2368E+01  4.6468E-05
  3.2380E+01  4.1209E-05
  3.2392E+01  3.5818E-05
  3.2404E+01  3.2627E-05
  3.2416E+01  3.3662E-05
  3.2428E+01  3.9682E-05
  3.2440E+01  4.9512E-05
  3.2452E+01  6.0110E-05
  3.2463E+01  6.7605E-05
  3.2475E+01  6.9160E-05
  3.2487E+01  6.5031E-05
  3.2499E+01  5.9956E-05
  3.2511E+01  6.2996E-05
  3.2523E+01  8.5410E-05
  3.2535E+01  1.3686E-04
  3.2547E+01  2.2103E-04
  3.2559E+01  3.3226E-04
  3.2571E+01  4.5468E-04
  3.2583E+01  5.6489E-04
  3.2594E+01  6.3780E-04
  3.2606E+01  6.5441E-04
  3.2618E+01  6.0894E-04
  3.2630E+01  5.1318E-04
  3.2642E+01  3.9582E-04
  3.2654E+01  2.9652E-04
  3.2666E+01  2.5582E-04
  3.2678E+01  3.0351E-04
  3.2690E+01  4.4896E-04
  3.2702E+01  6.7643E-04
  3.2714E+01  9.4716E-04
  3.2725E+01  1.2081E-03
  3.2737E+01  1.4048E-03
  3.2749E+01  1.4953E-03
  3.2761E+01  1.4606E-03
  3.2773E+01  1.3095E-03
  3.2785E+01  1.0755E-03
  3.2797E+01  8.0804E-04
  3.2809E+01  5.5975E-04
  3.2821E+01  3.7373E-04
  3.2833E+01  2.7403E-04
  3.2845E+01  2.6184E-04
  3.2856E+01  3.1785E-04
  3.2868E+01  4.0952E-04
  3.2880E+01  5.0095E-04
  3.2892E+01  5.6222E-04
  3.2904E+01  5.7587E-04
  3.2916E+01  5.3917E-04
  3.2928E+01  4.6210E-04
  3.2940E+01  3.6246E-04
  3.2952E+01  2.5981E-04
  3.2964E+01  1.7026E-04
  3.2976E+01  1.0324E-04
  3.2987E+01  6.0824E-05
  3.2999E+01  3.9215E-05
  3.3011E+01  3.1464E-05
  3.3023E+01  3.0317E-05
  3.3035E+01  3.0331E-05
  3.3047E+01  2.8789E-05
  3.3059E+01  2.5449E-05
  3.3071E+01  2.1551E-05
  3.3083E+01  1.8616E-05
  3.3095E+01  1.7548E-05
  3.3106E+01  1.8283E-05
  3.3118E+01  1.9966E-05
  3.3130E+01  2.1466E-05
  3.3142E+01  2.1915E-05
  3.3154E+01  2.1052E-05
  3.3166E+01  1.9255E-05
  3.3178E+01  1.7298E-05
  3.3190E+01  1.5967E-05
  3.3202E+01  1.5731E-05
  3.3214E+01  1.6568E-05
  3.3226E+01  1.8020E-05
  3.3237E+01  1.9401E-05
  3.3249E+01  2.0088E-05
  3.3261E+01  1.9739E-05
  3.3273E+01  1.8395E-05
  3.3285E+01  1.6419E-05
  3.3297E+01  1.4332E-05
  3.3309E+01  1.2612E-05
  3.3321E+01  1.1536E-05
  3.3333E+01  1.1117E-05
  3.3345E+01  1.1139E-05
  3.3357E+01  1.1274E-05
  3.3368E+01  1.1210E-05
  3.3380E+01  1.0757E-05
  3.3392E+01  9.8923E-06
  3.3404E+01  8.7328E-06
  3.3416E+01  7.4708E-06
  3.3428E+01  6.2932E-06
  3.3440E+01  5.3220E-06
  3.3452E+01  4.5934E-06
  3.3464E+01  4.0731E-06
  3.3476E+01  3.6949E-06
  3.3488E+01  3.3988E-06
  3.3499E+01  3.1541E-06
  3.3511E+01  2.9582E-06
  3.3523E+01  2.8195E-06
  3.3535E+01  2.7341E-06
  3.3547E+01  2.6731E-06
  3.3559E+01  2.5863E-06
  3.3571E+01  2.4219E-06
  3.3583E+01  2.1522E-06
  3.3595E+01  1.7931E-06
  3.3607E+01  1.4059E-06
  3.3619E+01  1.0810E-06
  3.3630E+01  9.0688E-07
  3.3642E+01  9.3791E-07
  3.3654E+01  1.1731E-06
  3.3666E+01  1.5537E-06
  3.3678E+01  1.9807E-06
  3.3690E+01  2.3451E-06
  3.3702E+01  2.5601E-06
  3.3714E+01  2.5845E-06
  3.3726E+01  2.4305E-06
  3.3738E+01  2.1553E-06
  3.3750E+01  1.8415E-06
  3.3761E+01  1.5725E-06
  3.3773E+01  1.4128E-06
  3.3785E+01  1.3949E-06
  3.3797E+01  1.5171E-06
  3.3809E+01  1.7476E-06
  3.3821E+01  2.0350E-06
  3.3833E+01  2.3202E-06
  3.3845E+01  2.5481E-06
  3.3857E+01  2.6789E-06
  3.3869E+01  2.6949E-06
  3.3881E+01  2.6035E-06
  3.3892E+01  2.4344E-06
  3.3904E+01  2.2312E-06
  3.3916E+01  2.0394E-06
  3.3928E+01  1.8943E-06
  3.3940E+01  1.8136E-06
  3.3952E+01  1.7954E-06
  3.3964E+01  1.8246E-06
  3.3976E+01  1.8813E-06
  3.3988E+01  1.9492E-06
  3.4000E+01  2.0199E-06
  3.4012E+01  2.0901E-06
  3.4023E+01  2.1568E-06
  3.4035E+01  2.2135E-06
  3.4047E+01  2.2522E-06
  3.4059E+01  2.2720E-06
  3.4071E+01  2.2897E-06
  3.4083E+01  2.3461E-06
  3.4095E+01  2.4988E-06
  3.4107E+01  2.8013E-06
  3.4119E+01  3.2727E-06
  3.4131E+01  3.8703E-06
  3.4143E+01  4.4813E-06
  3.4154E+01  4.9445E-06
  3.4166E+01  5.1010E-06
  3.4178E+01  4.8593E-06
  3.4190E+01  4.2515E-06
  3.4202E+01  3.4535E-06
  3.4214E+01  2.7547E-06
  3.4226E+01  2.4785E-06
  3.4238E+01  2.8768E-06
  3.4250E+01  4.0337E-06
  3.4262E+01  5.8148E-06
  3.4274E+01  7.8844E-06
  3.4285E+01  9.7906E-06
  3.4297E+01  1.1093E-05
  3.4309E+01  1.1490E-05
  3.4321E+01  1.0906E-05
  3.4333E+01  9.5088E-06
  3.4345E+01  7.6561E-06
  3.4357E+01  5.7894E-06
  3.4369E+01  4.3172E-06
  3.4381E+01  3.5193E-06
  3.4393E+01  3.4979E-06
  3.4405E+01  4.1770E-06
  3.4416E+01  5.3402E-06
  3.4428E+01  6.6874E-06
  3.4440E+01  7.8972E-06
  3.4452E+01  8.6874E-06
  3.4464E+01  8.8745E-06
  3.4476E+01  8.4291E-06
  3.4488E+01  7.5131E-06
  3.4500E+01  6.4764E-06
  3.4512E+01  5.7895E-06
  3.4524E+01  5.9049E-06
  3.4536E+01  7.0745E-06
  3.4547E+01  9.1909E-06
  3.4559E+01  1.1735E-05
  3.4571E+01  1.3906E-05
  3.4583E+01  1.4948E-05
  3.4595E+01  1.4600E-05
  3.4607E+01  1.3525E-05
  3.4619E+01  1.3501E-05
  3.4631E+01  1.7227E-05
  3.4643E+01  2.7649E-05
  3.4655E+01  4.6951E-05
  3.4667E+01  7.5462E-05
  3.4678E+01  1.1089E-04
  3.4690E+01  1.4824E-04
  3.4702E+01  1.8070E-04
  3.4714E+01  2.0128E-04
  3.4726E+01  2.0498E-04
  3.4738E+01  1.9075E-04
  3.4750E+01  1.6261E-04
  3.4762E+01  1.2941E-04
  3.4774E+01  1.0300E-04
  3.4786E+01  9.5347E-05
  3.4798E+01  1.1513E-04
  3.4809E+01  1.6486E-04
  3.4821E+01  2.3948E-04
  3.4833E+01  3.2688E-04
  3.4845E+01  4.1052E-04
  3.4857E+01  4.7327E-04
  3.4869E+01  5.0177E-04
  3.4881E+01  4.8986E-04
  3.4893E+01  4.4016E-04
  3.4905E+01  3.6345E-04
  3.4917E+01  2.7581E-04
  3.4929E+01  1.9458E-04
  3.4940E+01  1.3405E-04
  3.4952E+01  1.0231E-04
  3.4964E+01  9.9776E-05
  3.4976E+01  1.1993E-04
  3.4988E+01  1.5171E-04
  3.5000E+01  1.8285E-04
